CY,1,2,3,4,5,6,7,8,9,10,11,12,13,14,15,16,17,18,19,20,21,22,23,24,25,26,27,28,29,30,31,32,33,34,35,36,37,38,39,40,41,42,43,44,45,46,47,48,49,50,51,52,53,54,55,56,57,58,59,60,61,62,63,64,65,66,67,68,69,70,71,72,73,74,75,76,77,78,79,80,81,82,83,84,85,86,87,88,89,90,91,92,93,94,95,96,97
1950,12.04652785,11.5385929,11.12882366,10.88640567,11.05269437,10.96415593,7.49955001,7.746015907,7.97061721,7.162203233,7.210470585,7.414194823,7.148936807,10.51632488,10.61368538,7.428400899,7.36401114,7.400932681,7.28194437,9.703475702,9.681452212,8.848925058,8.897486896,14.46852079,14.24476171,14.3836076,14.21923619,10.65825106,10.98137933,10.75929362,10.71916875,10.8852716,10.77129977,11.14114665,6.460797005,6.398387266,6.53609514,6.54060478,12.70135829,12.91387946,12.96622328,12.42585959,8.713770426,8.703462089,8.728753904,8.845503987,6.112795934,11.51332608,11.37679696,11.30368316,11.50088779,8.86586765,10.68475115,10.60706707,11.04469398,10.52397673,11.99410326,12.95368425,7.805637164,10.66169026,10.74978678,13.41552518,13.38854071,13.01798364,13.15138856,10.43495518,10.2710205,10.38656251,10.30714255,10.30327585,10.5235652,10.83694526,10.77277948,11.63718861,11.66025961,9.600127676,9.914232496,9.649781375,9.589594017,6.90887881,6.901277474,6.67341959,8.281972522,8.561838208,8.720949521,7.441687517,7.361297217,7.468707412,8.090961521,8.434207597,8.246295273,8.324479656,9.705381084,9.694728317,8.010472899,7.627480602,7.930535464
1951,12.49789129,13.14005508,12.28554313,12.22843275,12.61407525,12.32842383,16.28455335,15.81760471,15.03204498,14.97637509,15.13014018,14.43828097,14.81700506,13.24813182,13.45083209,6.989222737,7.140344628,7.148032324,7.047979696,30.16053043,31.19694811,17.70474182,17.93597175,9.071668562,8.767323927,8.837699167,9.002443795,16.80371379,16.41279144,16.51320698,21.19781536,20.62557773,21.17709636,20.24824828,8.505912615,8.007889051,8.420417455,7.940559689,15.56072926,15.6289197,15.64671544,15.66979271,10.28848235,10.26102061,10.16423484,9.70971836,8.583993957,15.17916067,15.17543389,14.67485863,14.89116361,10.55928206,11.65365761,11.3728827,11.25504627,11.33146381,12.69104015,13.02850651,19.41514929,11.0904605,11.5519249,7.479475498,7.25368076,7.77791518,7.301579841,13.20019438,12.3464926,11.18324083,11.13223615,11.20042899,11.39489833,11.10712302,11.19539691,10.33636431,10.73263162,12.20987341,11.45794423,11.15793114,11.7958677,10.1052066,10.11971351,9.853812,13.20645229,13.49395382,13.27297254,11.88899966,12.13240314,11.90891921,16.02480167,15.53859223,16.12189779,16.4041436,10.25081336,10.34975155,18.56018751,19.46534632,20.02864102
1952,10.71615931,10.32449179,11.78329597,11.70125879,12.28248795,11.85054375,17.50566512,17.01601002,17.49701659,12.97201539,13.18259032,13.05803199,13.13436153,8.377215848,7.946687147,14.0603685,14.55479026,14.80613841,14.18928926,15.34377263,15.8967339,15.62826744,15.44784934,18.53875347,18.32463227,18.65878074,18.12860293,18.08645697,18.3541201,18.37997669,20.98681577,20.09266782,21.37858314,20.72202087,12.89964262,13.01856065,13.13937685,12.94086282,12.23447988,12.59179452,12.6283076,12.76346844,21.31919843,20.99456335,20.56357331,20.71201819,8.562041018,14.82175878,14.42112363,14.81145517,14.42716871,17.99279522,13.94384261,14.35011491,13.8882149,13.71699489,13.18931903,13.50518832,18.72187968,20.70899472,20.31244403,11.4219794,11.29704244,12.02365571,11.7938933,9.465266023,9.499200119,26.90741038,26.65252253,26.88850245,26.43466861,14.41897238,13.86171802,13.15044591,14.12048678,22.2498405,21.56480725,22.37888305,22.21240739,12.73979165,13.05367144,12.77332026,14.74597545,14.23629771,14.46408944,12.76230419,12.91193173,12.89571076,14.16097654,15.01601516,14.78177046,14.56099436,12.02946819,12.56833396,18.96151216,19.84221804,18.90884872
1953,11.29504231,11.62492391,14.38751593,14.86580134,14.08556467,14.64056045,13.71341238,14.53426076,14.08238628,24.91942179,24.8785895,24.85682458,25.3869027,13.74683246,13.18459216,17.13253408,17.03681742,17.84689603,17.39407016,16.05031648,16.05776715,15.1659548,14.85496294,12.31342257,11.75033169,11.94472104,12.16439899,14.73400616,14.76175448,14.54752566,12.42027435,12.0631678,12.0939887,12.2701821,9.390315055,9.335001064,9.675233296,9.44170679,19.91399683,19.54287919,19.96237952,20.14060574,19.22964893,18.68100002,18.43486973,18.77000091,10.56637261,14.63748807,14.92460241,14.68580801,14.23742438,13.95159487,17.12243113,17.48758685,18.01772602,17.76612871,13.79137952,13.25802587,20.67748378,17.86690052,17.47298832,15.14134096,14.5513533,15.09406264,15.10224988,19.24904582,18.85329437,12.85325092,13.39834937,13.26383732,13.58027205,15.64245011,16.16167771,16.07185061,15.72734582,13.4892461,13.57689043,13.39327859,13.60511778,17.53209779,17.61458477,17.86415619,8.312232774,8.379950083,8.496676979,13.41159888,12.88991163,13.09961558,7.698363808,7.69098355,7.647136344,7.607955788,7.073958347,7.456074347,20.54080247,21.02522275,19.92159245
1954,12.76185013,13.25912259,24.95628301,25.31781568,24.18050229,24.57696038,14.23516076,14.90878062,15.22061117,10.17031093,10.19952101,10.40595354,10.18505447,11.23812906,11.2138843,11.95987329,12.85986236,12.40701479,12.39612908,12.52496454,12.20584046,18.43004152,18.97201355,16.99560793,17.35117853,18.07309545,17.78255151,19.53548763,19.51644177,19.88044754,12.15089808,11.76206212,11.87197347,11.570717,15.063694,15.56059783,15.45266083,15.10964577,16.61551123,16.95170991,16.4752514,16.61353414,12.39320698,11.72835527,12.14638677,12.12585306,14.94775999,10.80029683,10.75298116,10.87409988,11.23820684,22.90384084,18.0786187,18.1505884,18.72908805,18.10538305,15.11110766,15.65312467,21.66430316,23.5088449,23.64857252,22.41625398,22.30424458,22.04093468,22.05386061,11.43523956,11.82347488,11.37182323,10.83330571,11.35413806,11.14234955,15.2744641,15.01629856,14.5853189,14.81754847,19.71417977,20.31122801,19.8991656,19.11684173,13.43908923,13.76410403,13.41515306,10.58939248,11.218839,11.62736876,15.86454305,15.39021138,15.69263381,13.02684811,13.41058013,13.4790983,12.87897429,8.346918843,8.300175471,22.02509129,20.87330656,21.675077
1955,11.95839388,12.70195757,17.26553673,18.3384188,18.76464061,17.94541293,19.66626407,19.4669346,19.90226015,10.06335568,9.955107312,9.766946142,10.14466506,10.09791568,9.852013904,10.10109243,10.12019484,10.08188926,10.22555472,18.1326913,17.74353435,14.12242986,13.89834871,15.93345552,15.53548209,15.77939189,15.40452785,14.60724083,14.77883867,14.81999417,10.74817664,11.05117004,10.79582184,10.92896571,17.77734026,17.25984686,17.1119974,17.92038428,14.27041345,13.54905638,13.49570521,14.29219868,17.47164438,18.31547613,18.67349371,17.68437979,16.55394922,12.31705176,12.71322407,12.21141614,12.18710507,11.06963881,15.04402512,14.7158667,15.02020145,15.09012365,14.65854462,14.50354284,14.82455917,10.05527657,10.42225313,15.83190391,15.4959122,15.19321745,15.80824578,13.66880501,13.4933667,9.79129674,9.632686909,9.656478347,10.1335635,11.67710577,12.17628091,11.34318498,11.53437467,14.08509388,14.0753899,13.88849024,14.21365527,23.58917375,22.58595741,22.45475748,13.73040633,13.33644236,13.82765125,14.25959911,14.8048413,14.68351186,14.28405525,14.61177731,14.45514696,14.37492105,11.57282194,12.04797287,15.41162519,15.12261683,15.6912342
1956,12.71735601,12.91857433,18.24509357,18.19791743,17.90215787,17.78624477,14.85046302,15.24543057,14.94228268,17.12950925,16.67986342,16.78243589,16.80541894,11.99623388,11.77849327,8.392914922,8.171907947,8.485190936,8.168377507,15.27160499,15.4802956,13.38134501,13.1589187,12.86673903,12.8086344,12.19434881,12.67880503,11.96271092,11.07046532,11.0461277,20.6991931,21.11646541,20.27304587,20.96973884,25.87604283,25.75477081,25.44164099,24.91461378,14.5793471,14.81394664,14.68576026,14.64888133,14.9650203,15.09071121,15.13382087,15.26537883,25.90600506,9.67163639,10.13579566,10.05013918,9.883137223,23.34266799,16.6497985,17.34780052,17.47840502,16.83542005,13.60059836,14.02096264,10.84121113,13.95317877,13.70641323,10.91000442,11.12382383,11.1817219,11.31162303,11.27059246,10.95748173,14.03785089,13.59203383,13.7652289,13.48160559,13.78589768,13.6846587,13.51652289,13.93992543,7.971850354,7.678524536,8.09802486,7.888874936,20.38493786,20.29484737,20.09627681,16.08374658,15.47385713,15.62754702,15.70311703,16.00904723,16.73390953,16.50095226,16.82136365,16.53361793,16.93693442,14.45372164,14.60921254,10.23916009,10.52502738,10.8913558
1957,14.01642288,13.95264897,13.11121472,13.38632087,13.37743236,13.12505823,8.542399934,8.375622783,8.290728159,18.48737209,18.14301574,18.28777369,17.95341967,10.84315375,10.76622625,19.89354236,19.69006179,19.22520248,19.31103213,10.99993029,11.31549644,9.013466698,9.063272192,23.61932922,23.47112281,24.08772028,24.0766946,9.845167894,9.663850473,9.690361428,12.3567426,12.0298222,11.4860883,11.68760969,18.45169872,17.73096484,17.69160474,18.80373636,19.14460818,19.2745367,19.90866615,20.09931479,17.69262315,18.03435531,17.25419498,18.16014966,20.5088566,12.02254661,12.55885745,12.86085943,12.48700717,20.86622374,17.87627504,18.71918608,18.84116075,18.65414747,13.98317691,13.79209972,15.38322744,15.96969753,16.6605173,14.47156766,14.97892036,14.64173435,14.31712169,12.40702919,12.18525562,14.41492372,14.75145025,14.16460873,15.0418373,10.95091638,10.46345336,11.11350559,10.8691706,9.578360926,9.876154036,9.398473626,9.292438017,9.966446321,9.223839531,10.26358344,13.51242617,13.68954016,13.30096927,11.03808151,11.04864678,10.99241359,17.0521683,17.03816083,17.21486329,17.45392479,18.73844862,18.85466164,14.89310339,15.03982151,15.17542187
1958,11.79352697,12.31281185,18.91070775,19.34435786,18.96865133,20.22982754,13.43566149,13.83526475,13.30487913,13.7779612,13.56999368,14.2995913,13.43331172,11.61878364,12.29206296,17.85381824,18.02918983,18.54836083,18.16432332,9.583537091,9.138916046,9.604396145,9.957316264,27.2116441,27.360614,27.27720083,27.20208151,16.0324252,15.94680926,15.89384015,20.86737864,22.01210749,21.09853714,21.140258,11.93890257,11.54730365,12.04369613,11.50185786,32.11384939,32.28837866,31.11239699,30.87967377,19.83696932,19.24697778,19.5277508,18.98777982,16.23104083,10.85969224,11.29454763,11.13622586,10.70417135,12.1716841,10.28775178,10.12198387,10.01364607,9.941092423,14.3323434,14.69353027,10.91553045,12.25417244,12.34324056,25.13193239,26.15962491,25.92150123,25.39752474,20.41873093,20.5862706,21.44231538,21.51064659,20.01701657,21.13432427,15.17066483,15.25599132,15.26192789,15.04416766,13.56869887,12.60029304,13.04802643,13.12306824,16.94265917,16.68092884,17.0612758,24.81772792,23.65776272,24.37057214,13.0153493,12.86119321,13.11073426,17.27672644,17.6599491,18.34757472,17.35441634,25.36043389,25.89881532,11.07390391,10.53473911,10.58213821
1959,10.48141474,10.39235748,13.41302047,13.62142961,13.29567356,13.74998043,8.17388156,7.746763299,7.846460231,14.95210834,15.28657379,15.41752491,14.77307266,11.99366628,12.43579168,12.14925314,11.44144421,11.92870102,11.89051696,14.79571496,14.43826691,9.461419279,9.079047094,22.17857889,21.95713039,22.67759478,23.03737204,10.51206504,9.839461726,9.699689712,23.78794653,22.76809436,22.67551529,22.93267845,13.88836439,13.7450467,13.18850001,13.96089844,18.52894066,17.96754127,18.57728769,19.17465836,10.98892737,10.71384478,10.98681193,10.6684705,13.91927213,11.13596658,11.78714283,11.62312372,11.63649281,10.94987016,14.71711075,14.24486632,14.42821452,14.60382369,17.02173247,17.29750883,16.49156037,11.81754625,11.83050401,21.1156801,20.54274591,20.83680438,21.27497522,17.46718863,17.16163119,14.03528138,14.76087598,15.01603912,15.6503707,17.29580577,17.29328313,16.45983041,17.18545033,11.42206221,10.57286309,10.99724549,10.9912494,13.99396768,14.46287887,14.35211633,28.64664948,28.63416885,28.43903088,14.49197972,14.00185115,14.2290792,9.166386228,9.709759101,9.570178433,9.576418929,16.53759485,15.93264825,17.09631416,16.2352774,16.91393661
1960,11.18822886,10.68685414,21.07519174,21.18899197,21.58584785,21.25470593,8.534376912,8.615252093,8.790314241,20.54072745,20.05375872,20.6648109,19.46812193,20.66288828,21.10286144,14.34939045,13.58049707,14.34419946,13.77617351,8.84740314,8.498750757,12.47719204,12.4815672,16.64158451,16.81145,16.96775808,16.15107314,15.9547298,16.69458881,16.47432004,11.46478949,11.68897815,11.57097848,12.1997953,18.95073574,18.18652187,18.1261729,17.5787564,10.35040863,9.773758036,10.56070687,10.02629351,20.86255252,21.81416331,21.9687336,22.37998461,26.16764396,11.61662791,11.31164606,11.7786316,11.79524493,11.63853933,22.10679753,21.45178241,22.03036586,21.53049459,13.3723084,13.62384006,23.5273302,11.11056706,10.76762432,16.00147256,16.21752159,16.10426579,16.62851744,15.7319958,15.72089217,16.3255411,16.12614123,16.18051184,16.72224536,9.089460456,9.054561739,9.38600757,9.476843306,22.46129581,21.49750528,21.74775025,21.1993658,13.18448785,13.11774506,12.9319874,15.69850393,15.707784,16.09239035,16.4639161,15.93821516,16.06998643,12.75476067,12.88207783,13.26946266,12.92395148,19.82552291,19.8526038,23.37825737,24.26569757,23.12444813
1961,19.66583587,19.7928427,14.9820794,14.82008352,14.63396309,14.88862207,9.503366678,9.824848998,9.606398162,17.85896128,17.40088552,17.65144911,16.92133075,11.50748934,11.2672966,13.44160086,13.46762912,13.10993576,13.43911771,10.36476906,9.769296754,11.92303843,11.37697841,11.59881406,11.76704337,11.20086627,11.44011991,12.04835074,12.08889901,11.90117151,24.72876329,24.81310661,25.83221276,24.56345812,20.48448859,21.78310017,21.53308887,21.5582012,10.09505837,10.45206938,10.27077493,10.29210397,24.98861927,23.93614576,24.06337137,23.78921504,11.36892841,8.336697243,8.719566526,7.961941309,7.970137607,10.99776355,15.14081568,14.90692078,14.95930161,14.48866889,21.39610739,21.42024902,21.37178711,9.70054919,10.06660532,12.34381609,12.2385839,12.38888577,12.49821866,15.6824322,15.39418871,20.09892883,19.13926399,19.86021461,20.35950218,10.39587844,10.8234333,11.10157275,10.91233109,15.7016427,16.65002426,16.00848827,16.05354272,7.783649554,7.375250876,7.642599471,14.60344128,14.06297818,14.17501319,20.12396571,19.30146165,20.4022967,17.98665523,18.18339503,18.59975534,18.08355402,14.13945578,14.8422522,21.63345033,21.46690487,21.42590561
1962,19.95449209,20.59893271,15.53907737,15.28377759,15.66040358,15.32950937,16.26442457,15.95206554,16.88468561,21.94071596,22.06889641,21.18081416,22.3829278,12.82376729,12.92323759,21.89747201,22.89304784,21.95164062,22.0637429,19.08999189,18.49663632,10.12567551,10.12939101,5.804837435,5.558084112,6.060594744,5.636713765,16.49613247,16.60038222,15.94308313,20.17426266,19.95162085,21.1401025,19.80070982,27.44995682,26.31702926,27.36102974,26.94572936,14.45613178,14.36886446,15.01401289,14.71716206,9.626899617,9.216365355,9.028763187,9.34426205,11.8847549,5.798515458,5.942497944,5.968843101,5.906384053,15.5738332,11.8388668,11.98480108,12.00421964,12.5197367,15.12234474,14.64681544,17.27528446,27.25811708,27.12009788,11.24621665,10.99598456,10.89636081,11.39738354,7.599816575,8.066991788,11.33653486,11.54229023,11.74394684,11.67248852,12.06942133,12.22107104,12.40760832,12.29898432,21.08608719,20.93068641,19.90790233,21.87401984,16.73241618,16.7356702,16.23878218,15.96341814,16.54745988,15.6551395,15.07778682,14.5799622,14.4873911,10.4617852,10.84693236,10.31900194,10.2942429,13.25494955,13.11207636,17.37427674,17.76864639,17.43797421
1963,17.66028754,18.00084466,9.78818521,9.517428853,9.39265805,9.642189402,8.426363901,8.293881521,8.699613798,13.5934827,13.09377227,13.22627687,13.69354143,10.3295069,10.57934957,13.66146664,13.87229556,13.99348169,13.91242143,23.0738691,23.12252654,23.28361956,22.02112286,13.73076355,13.83855997,14.27459496,13.58087679,16.70805386,17.03060249,16.64765974,15.01827338,15.62756582,15.43064083,15.32207121,11.25178856,10.99659749,10.79436861,10.84663281,15.23149184,14.65859855,14.78711062,14.74112061,13.9538331,13.19194497,13.97250216,14.13943484,13.34004688,11.17475219,11.16711467,11.35194998,11.39040073,12.57125006,12.65977985,12.45464787,12.4090321,12.60336534,13.2631344,13.37715663,12.37298612,14.49453707,14.79492192,9.258303471,9.324939689,9.562287808,9.335053329,10.93130475,11.14908655,11.28717548,11.32636439,11.16583089,11.67473677,12.45552206,13.01538238,12.74320227,12.82917739,26.64761847,25.82947777,24.60343226,24.9640901,34.05118727,33.5638661,33.61973137,11.40396841,11.34371022,11.4197662,17.56337659,17.00133558,17.17328686,11.33339488,11.4236021,11.43945059,11.67687548,7.065300218,6.570724582,12.4875171,12.17209077,12.12929518
1964,15.5385597,15.6452688,10.40571251,10.46396251,10.35187517,10.391825,17.60724599,17.67736036,17.78326128,12.31968902,11.87741006,12.1003319,12.16065134,11.98862763,11.5566882,17.51803938,16.64799983,17.26168742,17.81557494,16.77344852,16.743948,20.68870824,21.0832366,18.94148842,18.11280768,18.00407702,18.69379353,11.813429,11.79735035,11.31823898,19.86930837,19.82589124,20.39594485,19.83813806,7.609114314,8.035005203,7.521793369,7.741656079,8.69942759,8.597812007,9.314891861,8.767924483,16.12192213,16.7414141,15.32908042,14.90501605,14.52699654,14.26261571,14.62038966,14.2152666,14.89167257,14.72014072,7.587714307,7.683340145,7.815364185,7.384210869,10.86801594,11.2896258,12.74927105,11.2747779,11.1178245,18.50380235,18.75415398,18.15239284,18.06964661,19.20184092,19.09589512,13.29676957,13.09356343,12.6673653,12.8464723,12.34203404,13.20761982,12.9047933,12.77301723,12.59648023,12.82819127,12.31389709,12.07409496,42.34764468,42.75228333,42.08297946,14.55840839,14.18962467,14.93002374,15.03377161,15.86446435,15.49390705,15.86230721,15.27631206,15.99998775,16.47889805,17.64145365,17.92869414,12.6517969,13.21469165,12.71381782
1965,11.18561962,11.24490716,8.877130493,8.754120873,8.834963405,8.689065283,18.40262874,18.30298794,18.17154532,16.85573417,16.43313786,16.6988902,16.82998441,17.77445425,17.664324,19.76354797,20.64072821,19.3069417,20.35341384,12.65375177,12.90312982,14.97050019,14.76622584,20.45891994,20.53995386,19.49479928,19.65963824,14.89533423,14.8426318,15.10919744,11.175814,10.80518703,11.38501607,11.17319304,18.63091569,18.99531197,18.55491911,17.91399479,17.466895,18.56904345,18.44769729,17.98251443,16.99636024,17.459114,17.38974744,17.57125503,14.88968045,18.21085073,17.43723566,18.77538861,18.2630492,16.76710399,13.51512859,13.68476975,12.78132831,13.17952895,14.86348828,16.06851066,11.63021572,16.98716854,15.72061101,26.31517648,26.25604136,26.53379764,25.7888933,16.45165775,16.74955906,36.52099226,38.10457916,38.08000725,38.94060303,15.39255531,14.71590196,15.45547434,15.17895066,13.46563775,13.68415779,13.44994024,13.50612367,19.55417706,18.38449543,18.74266247,7.696315775,7.650032033,7.920109944,14.0413124,14.21371821,14.20274908,13.40722786,13.4709774,13.21175544,13.4011134,9.049604132,8.879531167,10.98059389,11.22532173,10.81328749
1966,13.26627733,13.39231622,10.78390905,10.68114417,10.52488026,10.61402122,20.98040809,20.6942238,21.67328202,9.645408754,9.67062841,9.876307993,9.822839464,12.06872926,12.31288068,14.46757329,14.83710611,14.55293355,14.07934695,13.57595911,13.80965605,19.30176303,19.39956793,7.617094453,7.020187874,7.246954136,7.254459868,14.57208609,14.54685394,13.97641847,13.34739088,14.0127648,14.83184491,14.08019028,15.38747921,15.58135686,15.53691433,15.35399589,18.43574926,18.6757516,18.00024998,18.37925744,20.24031197,19.86365054,19.59372611,20.05963452,27.2852833,21.93756282,21.5632446,21.95643001,21.72885223,11.8381175,22.97306908,22.8251758,23.30909385,21.92087167,13.59949946,14.60058849,8.280880602,16.59183465,16.46776554,15.29093145,14.3164106,14.33705445,14.27603905,14.84909849,14.58988506,16.25223394,16.09050986,16.29291106,16.38621076,21.25080512,21.47507217,21.24308045,20.64232951,23.04625541,23.4371184,24.16667796,24.14856964,17.74612568,17.72457404,17.37252615,13.68611816,14.20317203,13.65141318,14.45354368,14.45835396,14.17768643,13.21270776,13.51265336,13.19224132,13.25316688,11.7876934,11.95960558,7.718436317,8.033332661,7.838724079
1967,11.45776721,12.17807702,16.08361797,16.30207258,15.92222168,16.17046786,12.98499223,12.65931271,12.12842461,8.22180724,8.208013289,8.456376972,8.025389494,5.283868621,5.292199914,10.09428173,10.27246679,10.68598112,10.15904085,21.17894648,21.5020294,20.01281343,19.50111055,5.869470347,5.664253468,5.606591663,5.40479996,13.86376899,14.27269006,14.13161889,12.49999829,12.49312399,12.16755935,12.12706395,13.66324552,13.96925818,13.77289718,13.34203692,10.76180011,11.07660351,10.88635464,10.63986339,10.56056099,10.36536914,10.48982293,10.3697738,10.51310799,21.21131246,22.06156548,21.33317851,21.1659018,21.19357375,15.03932378,15.14820756,15.00824206,15.41011674,13.99550503,13.64062262,13.67283816,16.53520709,17.69773726,9.268025256,9.315098083,8.840078757,9.389496853,13.95745591,13.29774797,12.79432471,12.66567116,12.29623248,13.12650904,17.40814334,17.09636902,16.78371201,17.24475144,19.21569969,20.66628143,20.53027952,19.52992401,10.61045199,10.873161,10.88826559,14.01598393,14.951218,14.58065792,9.465270149,9.433023352,9.510958274,20.26453115,20.49797147,20.15446653,19.99602266,17.55734057,17.31758767,14.45935283,14.52586221,13.90123398
1968,24.33111368,24.71825427,6.491227815,6.317890036,6.535784826,6.336008231,19.77915663,18.85696602,19.02588526,23.22592733,23.50190922,23.57621829,24.13425352,21.80525607,21.16886971,20.05739794,19.98092269,19.69705117,20.46363372,8.836631802,8.625025607,18.15725345,18.66203187,24.42998053,24.4096468,24.17206935,23.61870428,11.58592516,11.54872223,11.90711407,20.71494371,20.43439113,21.34727131,20.45819351,19.93000463,20.52535993,20.47736547,19.69880095,9.952881421,10.32751148,9.895060602,9.532079484,8.707984463,8.493332945,8.802187855,8.35757159,11.55997156,16.63764369,16.96539082,16.60847042,16.74051074,18.12180682,22.03546572,22.40382242,21.66873215,22.35351683,14.95050216,15.00829948,15.62990678,20.66239065,20.31605607,8.245965283,8.203716496,8.595607954,8.338749243,12.12003078,11.94050934,13.7336759,13.05291209,13.80948208,13.48329663,17.48018075,17.81709027,18.1200672,17.78888588,21.67654804,21.55912713,21.73677166,22.42754517,9.245824721,9.468475993,9.103016192,9.511534374,8.641440932,9.086296324,14.37372345,15.08119008,15.1151044,16.49073806,17.12965757,16.93213252,17.23280097,8.984070883,9.352124707,16.15245933,16.80030867,15.55038315
1969,17.74073143,18.08305839,12.04736452,12.12583008,12.04726203,12.45626253,12.15775156,12.46393269,12.31533947,22.09140466,21.80101791,21.19284442,22.40210844,18.19974442,17.72170858,22.61596413,22.61867125,22.0321422,22.38629306,12.6388676,12.66422448,12.80690596,13.04715439,18.09871263,18.67286934,18.46660247,18.93181928,12.27957733,12.31262509,11.51810079,13.21890242,13.00046303,13.18141006,13.30364731,18.30964937,18.22625484,18.78136122,17.99439691,7.365374579,7.259005051,7.479621878,7.06628394,11.37456163,11.53554958,10.84168655,11.07276474,13.92295987,16.60879345,17.36645413,16.72543426,16.74659203,14.45818861,14.53616047,14.87141131,14.62402084,14.41515773,15.51240545,15.72161589,17.99246422,21.57819558,21.15562445,7.180786374,7.433505203,7.760438757,7.359521177,16.14448038,15.98828438,10.10550266,10.4146988,10.46606501,9.849131841,10.12634247,10.16796611,10.20529,10.14885074,17.18137131,16.78263265,16.98119413,16.71070528,8.743096483,8.724809058,8.620028688,16.02119282,15.39039761,16.22168985,16.39158778,16.60702338,15.92575494,15.70244225,15.86509581,16.03407913,16.64295023,19.02243283,19.04014778,17.9935749,17.68449062,18.08688224
1970,17.61331154,17.21821232,12.26241191,12.55802775,12.66368473,12.33072992,19.77384595,19.41904532,19.0824193,29.86641947,30.16368998,31.0695099,31.2137135,15.89410673,15.08504436,21.60647107,21.26015074,21.06473024,21.04063785,15.11432493,15.10258564,11.5503244,11.65684618,20.07481609,20.38877578,20.87403233,20.38514325,9.829164377,10.12862715,10.08917623,14.18950003,14.52235351,14.25709855,14.02940656,18.75021509,19.16088484,17.78491182,18.29008504,13.38736895,13.6928563,13.30655278,13.7032054,15.15948248,15.40291734,14.69909177,15.00823059,17.04779679,15.13842294,14.75924737,15.55642822,15.1008429,17.37518319,15.22130376,15.81639322,15.37108274,15.50404889,14.93705925,15.46581665,17.14693831,16.76974288,17.38320591,11.00565747,11.88378397,11.62679589,11.65172021,24.3623659,23.43034695,17.60861258,16.9895786,17.95562317,17.42291516,13.39741057,13.65480107,13.05607035,13.43746278,23.27409263,22.65784441,22.89005897,23.21364726,17.45848719,18.05360132,17.78414789,32.20955312,31.35864401,32.05321135,19.1293253,18.16614651,18.98951825,15.67680422,15.53200832,15.65244099,16.19947051,19.09708405,19.1995506,16.41812864,16.37164268,16.95050057
1971,14.22293538,14.93432099,9.370778221,9.46555083,8.890387894,9.221148218,9.02120519,9.136217256,8.864613521,24.76959047,24.17882666,26.15503987,25.40645804,13.46787564,12.46324526,15.01250674,15.4604999,15.5383344,15.77067302,9.99598197,10.98763553,15.27439319,15.64513412,15.09996768,15.20786035,15.31467769,14.79081751,12.69783187,12.75415291,12.25890179,12.97194147,13.27890781,12.84604378,12.95331465,18.47069191,18.40287023,18.54557244,18.04174237,16.24127175,16.58491501,17.28808346,15.86158191,19.19973138,19.15795855,18.91495934,19.9432291,11.25355783,19.07470998,18.52909359,19.21335697,19.1980998,23.62591613,14.79503417,15.21384474,15.21210125,14.96675365,19.88894053,21.38472841,14.9426635,12.23235084,11.37790405,10.821291,10.89782489,10.67843173,10.92662981,17.03650812,17.25852284,15.861876,16.03101035,16.2076535,15.42548291,12.67051095,13.16882271,12.89567679,13.07474265,18.74228987,19.08336781,19.95794789,18.94502672,10.12097167,10.86143048,10.52530017,14.64099779,15.2706462,15.01079306,12.07348108,12.64856979,12.85752317,12.53949223,12.64191824,12.58755759,12.31979976,11.01879919,10.55190522,15.07052108,14.95974506,14.90220145
1972,11.84420136,12.23474108,9.038402777,9.179710393,8.948900231,9.15442326,11.58890461,11.64490106,11.32687619,13.47149234,13.91955402,14.73679668,14.01514401,17.77143737,18.07114082,19.69382134,19.64552095,19.30929911,19.62380015,24.28488071,23.68547147,13.83206941,12.79022333,19.85904593,19.76448902,20.07937267,19.69602506,12.14237437,13.07116586,12.42319507,28.53074715,28.21477501,28.87317497,28.87722238,10.4414806,10.09486641,10.62495501,10.46631114,16.70277461,15.88514957,17.00177859,17.51284657,20.95250898,21.10866724,20.84346379,20.37686779,15.56739154,20.15412922,19.27022549,19.47266783,19.89771749,15.16874735,15.39676191,14.49913817,14.72435558,14.63845734,9.463812516,9.160776754,14.61833591,17.35624955,18.14412748,24.72161316,25.15803556,24.485546,25.09087771,17.25692632,17.08260129,11.80102294,11.72082424,12.37076487,11.6355264,11.81819974,12.01052047,12.02073665,11.86039198,10.00576671,10.67332713,10.25229941,10.54553086,10.77850391,10.48627968,10.75409101,14.24706422,14.16350698,14.07633312,19.82083706,20.67080731,19.95914291,15.93074993,15.67890272,15.716859,15.38941999,20.48288376,20.94714966,15.15744192,15.00059966,15.11589517
1973,17.99327823,18.33211087,12.87484241,12.82864548,13.356492,13.44397738,16.79458992,16.70284433,17.04245681,13.89790189,13.36150947,13.51729016,13.89985206,14.53448705,14.44405355,16.85099375,17.29013056,16.33011759,16.75350361,18.05012156,17.45092463,12.28483494,12.18221522,8.106820621,7.9753608,8.176354433,8.246805481,11.37660393,11.85400114,11.01046237,12.98043128,13.12012211,12.37011302,12.37519781,8.612169759,8.583424026,9.010767531,8.64395994,17.3203507,17.18071864,16.99784559,17.03472635,19.58793584,18.67428309,20.39286204,19.29246504,24.36829926,27.45426859,27.69210744,27.29686737,27.60547906,15.62357096,17.14584022,16.93739175,17.28114022,18.15722344,17.14591874,17.25675697,13.84015989,14.41057071,13.89928028,14.7311136,14.84750428,14.8719621,15.00691,15.34593548,16.26400342,13.61745993,13.43123583,13.52006824,13.59264432,10.05022566,10.49001794,9.940095828,10.11518876,15.73575134,15.85201843,15.18852506,16.10601205,20.73836261,20.59119574,20.7542518,10.81632601,10.61973687,11.24724256,18.09296495,17.98505476,17.87466194,7.436256853,7.13033046,7.623551445,7.319765336,13.62190288,13.80637674,13.78514569,13.36904559,13.98162266
1974,20.33515277,20.20222489,22.9788052,23.41403024,22.60806895,22.63550694,20.36059839,19.52893029,19.95465263,14.80094083,14.39572933,13.77147527,14.71379393,13.37380241,13.53752243,22.15788484,22.30603747,21.82463121,22.99388793,15.26912301,15.37952602,17.01073428,16.75885615,17.10876472,16.86404396,17.27546279,17.1160556,9.455816291,9.255600873,8.914356218,23.48035133,24.45645784,25.12593842,25.77926059,15.30704495,15.46093456,15.15912113,15.70715092,18.83204454,18.09916489,18.97179614,18.78538721,13.96966982,13.87503429,13.44027636,13.44486415,16.82253511,18.22267359,17.76839488,17.27349281,17.48446909,9.766261765,14.17115258,15.18680309,14.70065478,14.38152488,10.39737632,10.41104317,12.59843415,14.63974733,14.77904761,10.3603131,9.957283914,9.820472846,10.00469365,15.93649587,15.90252914,14.61823561,15.12079543,14.93547901,14.73702145,15.45963921,15.98898468,15.66641691,15.8545276,13.78016519,13.92362858,13.40141784,14.05051613,23.13495975,22.88032552,23.09254635,18.13780524,18.21489542,17.86841474,15.27484687,15.78735057,14.84821993,14.3023626,14.5166331,14.95403302,14.67207082,11.16649379,11.28923236,12.27458346,13.02979692,12.87696599
1975,14.63424843,14.70071556,14.64499486,14.81036418,14.45868885,14.32091585,10.90474657,11.52124574,11.22338916,15.19552167,14.45527246,15.14086477,14.75714497,16.44868366,17.2855491,10.88335432,11.24062114,11.16623948,10.65536943,12.13379127,12.57314321,23.31231094,23.42169654,16.98262231,16.649594,15.89898559,16.75854359,17.60509303,17.95638079,17.89380502,26.28307091,25.72079076,26.46758287,26.3205052,14.67987854,13.87476897,14.15997901,14.85765072,15.95265142,15.58778789,15.06317885,15.60755308,10.40835267,11.22810095,10.46855044,10.32370584,12.6196459,12.54788884,12.3830453,13.01128891,12.93323534,11.63540489,17.8348707,17.89887959,17.92545013,18.17838559,25.02193258,24.89808954,7.973198479,14.08126268,13.98620255,13.01346375,12.74490934,12.27198817,13.16502327,22.99640711,22.65129437,18.9738582,18.58845021,18.46343135,19.07602598,10.23758862,10.03919496,9.954265785,9.999322294,19.23735711,19.28699044,19.29055876,19.11811803,14.90590963,14.62116819,14.65592009,16.8562874,16.70930819,16.79418631,17.84222715,16.96758518,16.54423198,13.51893739,13.00536101,13.27025462,13.48754934,19.2075814,19.05211398,8.280720436,8.367568423,8.608258334
1976,28.84776768,29.18105423,14.01819059,13.81115907,13.65160302,13.72818151,14.06168426,14.25831903,14.435352,15.11464689,14.42025941,14.99602641,14.94047433,20.07998999,19.02983492,9.692195663,10.57875253,10.55174684,10.23494202,12.5331839,12.63865333,22.75229086,21.78696048,26.59742047,26.0101709,25.35991622,25.29726934,20.34317098,20.03489222,20.47456058,6.776184278,6.858519848,6.647763788,6.457896179,7.03196638,6.975593831,6.912901964,7.12922402,16.3725932,16.12766696,16.2652301,16.32597332,10.06591763,9.612972159,9.471220284,9.506760417,9.466197719,13.0966373,13.45011443,12.9692495,13.5557206,10.23991722,16.53901535,16.39055576,15.88825817,15.86790381,13.35596682,13.02625307,18.86463249,15.04311104,14.78035269,22.79492981,23.56159121,23.5167773,23.796096,13.93639976,14.04986739,20.84990087,20.79580088,21.22212234,20.67398759,8.56286636,8.54919005,8.442125375,8.127514017,16.04389841,16.40968814,16.16155674,16.025829,10.97580428,10.35057763,10.42772642,14.82873919,15.51694487,14.31109069,20.68021002,21.57413881,20.96671553,23.44489999,23.95851812,24.02764296,23.29174427,26.62487601,27.35744991,18.96729971,19.04743047,19.69749836
1977,14.1527208,13.73931572,18.06722235,18.25644399,18.55352749,18.30623056,22.69490315,22.81980722,23.19922858,13.29977397,14.03388264,13.99467556,13.86651102,17.1250677,17.0094942,17.56038569,18.20770403,17.85638148,18.17317543,14.42572689,14.64419165,14.94950483,14.66135831,19.11074898,18.73688569,18.41115455,18.58807745,12.48094141,12.93188793,12.63421275,19.13583237,19.20621798,18.99486016,19.56292939,10.0255587,9.888473078,10.22458695,9.877636562,12.15487692,12.50962737,12.57749875,12.2215705,17.43156222,18.25266835,18.25551687,18.49921751,16.48452401,22.39820799,21.89678146,21.46929005,21.73203527,10.31568335,14.93642091,14.55242251,14.59099932,14.4143522,20.71448265,20.52345072,22.7787789,12.94230899,12.68703699,18.85248934,18.62954493,18.2698422,19.37767732,10.17687346,10.51391566,15.01336683,14.74466862,14.77326708,14.62931764,19.16058998,19.33808864,19.03852423,17.84589112,24.06366498,23.80179181,24.5618663,24.12435894,11.45095363,11.35779293,11.9734317,16.41428579,16.21592773,15.62844052,16.02575823,16.18344968,16.52712488,20.88706229,20.64869591,21.80710058,20.68541048,15.7526805,15.55456497,21.90822268,21.83327726,22.46662867
1978,20.153229,20.02888304,17.43843378,17.45296324,17.88027201,17.2196907,15.69956983,15.5655002,15.53715767,18.19205488,17.85596592,18.37486881,18.45608257,26.61167909,26.72897359,17.08764708,16.68800815,17.34136798,17.37965986,23.27537794,22.86803968,12.51559789,12.42198694,18.50465193,18.09210508,18.11206516,17.85197415,17.67563345,17.73448764,17.82149744,13.1503725,13.0718381,13.24320444,13.49666418,13.2270651,12.24107387,12.03725778,12.95756763,11.38156044,11.00627814,10.74467593,11.15025701,15.66056392,15.29206873,15.31266561,15.19953059,10.13459462,10.69842809,10.85505306,10.7697883,11.04148318,14.83332724,14.49922951,14.82722882,14.69549952,14.39147667,15.35014911,15.55708493,16.86019819,13.69115982,13.89864785,10.4955459,10.41839623,9.791587696,10.23788448,18.69835601,18.11695912,9.986040635,10.12769992,10.11145799,10.10267012,23.38103016,22.94606166,23.83710978,23.7566994,20.74132955,21.74564662,22.25374925,21.20293714,9.151989461,9.610843736,9.568114136,9.588673567,9.595657726,9.228417025,11.8599595,11.40631325,11.87756348,30.77865798,30.80531915,30.61069862,31.05535033,12.64586729,12.00557869,17.29166563,17.31006492,17.40476335
1979,25.61371402,26.38848833,24.49099962,24.37234701,24.82161493,24.93396018,11.95253494,11.82736606,12.10349915,9.043980357,8.993828549,8.992726294,9.043977025,17.05337637,17.76461683,15.84893611,15.43777704,14.858292,15.49035596,13.76606031,14.09912388,12.0336165,12.30468902,12.3902755,12.55847252,11.96989075,12.08985449,12.99694899,13.3158546,13.15167911,9.112118638,9.264878301,8.747362255,8.966887517,18.19170762,18.6765989,19.02675656,18.62866899,14.19482194,14.34380592,13.95391628,13.83000145,16.05941944,16.34711742,16.87365679,16.49997096,18.38493154,10.77826344,10.44209986,10.70347263,10.47454852,10.83697335,15.42173734,14.6358576,14.97679698,15.14110397,8.166790889,8.35637762,12.8647899,15.61983203,15.83660273,16.43480295,16.66588939,16.2605477,16.31285746,12.07733784,12.44361864,16.33845886,15.47282061,16.66943972,16.47446095,23.0518926,23.16896959,23.31537435,24.04438659,18.17491908,17.86731225,17.30210989,17.49023615,14.66209793,14.90246694,13.92827278,16.073791,16.42744979,16.25902296,14.45172165,14.054583,14.8470884,12.9314142,13.42360774,13.33557255,13.32912982,12.02349786,11.87885629,12.76224869,12.99208675,12.42554019
1980,12.7968642,12.62081266,9.765574988,9.895217336,9.985650169,9.871575987,10.00127942,10.54668817,10.1131325,12.70242244,12.49509735,12.16070644,12.5422436,14.49788765,15.01076329,11.80551318,12.12719992,11.58480407,11.9490989,11.93545476,11.86251931,15.07328737,15.16910977,11.4365974,11.68207442,11.21675332,11.17974899,14.20039912,15.01148892,14.90684257,9.65669635,9.587595868,9.628605679,9.362028,22.7408948,22.35141265,22.68669509,21.56349039,10.4478582,11.08861105,10.75658733,10.21268505,11.11513636,10.91711956,10.93484136,10.88707597,11.09293638,9.021535498,8.701629362,8.537441435,8.548974407,12.01903275,15.54836148,15.02048941,15.24701474,14.95174915,13.05074331,12.6556037,13.18566407,12.01443043,12.20578667,21.2470803,21.40735131,21.39808873,21.18142499,17.77067464,17.6214003,16.42795047,15.89895826,16.80481454,16.52122243,12.57581137,13.33466158,12.88259726,12.67967593,13.45467059,13.47012772,13.4320083,13.22509208,12.20178815,12.9470761,12.98512723,19.0345507,18.95180374,18.34302974,10.41826659,10.49682054,10.77080953,12.07219783,11.87092001,11.74194145,12.10614551,22.97131404,23.12574942,13.27608774,13.31758677,13.72431812
1981,13.68109716,13.25175195,20.27133527,19.76152207,19.53286594,19.1766931,12.76753329,13.23513707,13.35400606,13.71596085,13.53260414,13.6606411,14.18566024,19.35132351,19.5197954,17.39960229,18.24188011,17.44651109,18.08163154,11.74936594,11.48132561,17.33356255,17.73625908,11.22848081,11.76183037,11.3846858,11.35032982,10.75634696,10.73391604,10.78160418,14.71551009,14.26943125,14.32346775,14.33337261,14.72931487,14.33257244,14.09157866,14.5370783,12.56114154,13.23429449,12.36538768,13.44523857,13.69097784,13.87344865,13.6485978,13.41338051,19.47280695,19.7364892,20.24142127,20.14772618,19.71410527,13.49889842,14.03517743,14.15313784,14.13121672,14.45525464,12.41622339,12.72304971,16.6889325,11.15064922,11.44916676,15.20175263,14.9132659,15.37556961,14.53220511,11.8859404,11.98654973,16.7390833,17.45614437,16.23155242,16.78198875,10.00443445,10.24413477,9.955807319,9.878011716,14.27216914,14.98717823,14.63725172,14.69811447,16.172381,16.20676429,16.20603739,13.44687848,12.88818559,13.20673882,15.56541735,15.16547179,15.9405428,10.70121057,10.49699219,10.43995117,10.69015902,15.79663341,16.30888677,17.32971935,16.38490711,17.52277021
1982,18.39646687,17.99802916,14.13785792,14.14622263,14.22534571,14.29216312,23.66337943,24.11110735,24.12532943,11.23513331,10.97568093,10.80614648,11.38345595,27.34598813,27.33780468,12.89046186,13.5074016,12.85670797,13.7743219,18.22947695,17.69784004,17.31283726,17.05121939,9.481144205,9.51749157,9.324866916,9.626729712,12.10237085,12.56152399,12.85564929,9.242610387,9.14189639,9.258315828,9.657960734,20.78733521,20.75293006,20.92081025,21.24519562,12.75830039,12.49063922,12.50625989,12.93325509,12.74476419,13.25707367,12.8613769,12.63597314,13.43821769,13.32017863,13.91685677,14.04747997,13.73808698,14.60608207,14.27050988,14.5206219,14.35516346,14.09091257,12.63841567,12.77116917,19.1023614,15.11416457,14.77747025,16.45373068,15.72494557,15.981045,15.84675144,11.70961636,11.69664056,11.1340008,11.1764422,11.40722523,11.38785701,8.693786995,8.585948529,8.71216681,8.78083204,9.789135491,9.353691035,9.573508463,9.934448846,22.1872823,21.51003211,21.79925653,14.79579507,14.36513925,14.64593453,17.01332029,17.51206772,16.82396717,8.897777812,8.34898679,8.668998902,8.757810982,18.54375733,17.85886088,17.92434258,19.11294532,17.6358267
1983,13.13198033,13.16220555,11.47590016,11.97499777,11.3665589,11.76304552,22.13496422,21.89360196,21.48825463,13.63327585,13.18009964,13.23061632,13.46230953,15.40592346,15.0942119,10.44455219,9.746682764,10.18990276,10.1645709,23.58322114,23.29082202,15.31191995,15.86852961,18.2251438,18.0113948,17.32360064,17.88013833,12.03665353,12.17688153,12.68963901,17.47301752,16.80325291,16.85867784,17.0618237,25.67400238,25.73100486,26.40868419,25.50163946,6.316891894,6.301433732,6.532874995,6.399745805,20.14190906,19.99554783,20.08819097,19.81122133,14.72991136,27.29552448,26.55179316,27.92270822,27.2041098,16.26812866,11.51156477,11.47562394,11.32129803,10.97144249,12.56376234,12.74216376,15.71353436,37.2061772,37.73501728,19.13932532,18.08295525,18.57513082,18.27848975,24.51489554,22.60259435,8.246230314,8.584951478,8.625091458,8.360006063,13.60808285,13.52433291,13.61780666,13.06553066,7.528974783,7.623500152,7.79623678,7.81784878,17.09101087,16.91535751,16.89821758,10.55273776,10.20094693,10.36940983,10.04916778,9.921265726,10.12884873,17.34179185,16.97386947,17.2116868,17.40239613,29.56120522,30.13492514,15.55821987,15.70849127,15.64817609
1984,15.35685338,16.27567813,9.356107795,9.088922876,9.487530545,9.78493077,14.91357471,15.66818243,14.73302309,20.03535834,20.84012162,20.43203199,20.21855472,12.30814844,11.70450569,14.7663626,14.98255781,14.92536274,15.4401459,21.89941498,22.92012294,10.77659066,10.90255462,13.82299874,13.4819371,13.31197983,13.4607078,14.79178935,15.14132285,14.93291589,17.91268748,18.43186122,18.39302364,18.77596848,17.51572852,15.52852873,17.60367945,16.94507687,12.3779231,12.80103612,13.03044125,12.7480464,24.10460152,24.58155299,24.79392714,24.68157862,5.742257831,13.01074778,12.70414697,12.65679249,13.04932328,14.51449845,9.016230645,8.621945593,9.117260291,9.114646592,14.68137479,14.41101804,9.564694413,16.16327913,15.30680834,11.00566826,11.01070748,11.0456663,11.48070772,15.16630326,15.85704676,9.747432912,9.649785937,9.906342982,9.74893914,14.26141135,14.93126172,14.6856091,14.98115298,16.03302571,15.72061759,15.83298355,15.46649423,14.8768011,14.70396113,14.67542557,14.39863575,14.43800325,14.87388879,14.50023233,14.20397946,14.78357581,20.47900939,21.345022,20.30322688,20.3355091,15.10907113,14.2845237,9.612562532,9.219056906,9.365929369
1985,9.211391306,9.745437699,14.67512112,14.42420218,14.5685083,15.24073517,18.26630382,18.86500582,18.18801786,10.74542741,11.16322076,11.32300786,11.15750114,9.423602955,8.74908119,11.07078415,11.60992495,11.09694831,11.35894881,8.897399008,9.076686307,24.0616366,23.72932606,9.891271517,10.28880456,10.28536128,9.942471015,13.83631527,14.1690192,14.08960495,11.51495861,11.56910973,12.6058992,12.40897297,14.19667567,13.83457684,13.60401568,13.88452011,24.69499839,24.79369434,24.30099187,24.90963775,16.23904292,15.77933808,16.01933736,16.21361774,12.49127675,13.98502332,14.13728025,13.96638742,14.07612815,15.02285234,10.83066333,10.52152346,10.48658644,10.79578984,18.77783165,18.04763474,19.93533187,8.940951888,9.023405712,11.61571279,11.87670085,11.79309451,11.55800261,11.12338443,10.93515398,21.08053615,22.57723634,21.50282834,21.55989953,8.498625223,8.710397851,8.477980284,8.524163107,12.9799703,12.63864581,12.3943637,12.03869726,12.8951135,12.73862442,13.06876136,21.33640149,21.11226117,21.17971696,10.94283747,11.13765759,11.10815453,13.7665612,13.66247268,13.76282993,14.03110298,15.75831959,16.04357845,18.80083809,18.6840359,18.37935102
1986,12.36848874,12.50006963,10.7212897,10.82148061,10.83143998,10.44506709,18.40181526,17.57982902,17.96608921,23.81817072,23.03503283,23.44252953,23.20631831,14.96225008,15.18500235,18.39334191,18.57837253,18.1259524,18.5694049,26.69109971,26.23047523,14.54000876,14.37829071,5.866695808,5.762988972,5.639508397,5.924976,10.9453386,11.08814346,11.44216756,12.90301515,13.54764845,13.95179913,13.74309263,12.16410105,11.92689416,11.67604249,12.14797196,27.9133604,27.0661556,26.55587772,27.20236911,11.5148087,12.25979145,12.3429522,12.74393933,15.01792506,14.45945195,14.32276191,14.39560929,14.73652998,9.367955207,16.0476676,15.4800647,15.77852945,15.57178546,22.9526093,22.14591203,10.5323475,16.9703203,17.15236881,12.36582004,11.87833402,11.77521322,12.38731563,18.0946871,17.74487742,22.12078901,22.31478976,21.04136604,21.5012283,14.77359479,14.71166848,14.89379589,14.93566338,17.32433046,18.41983396,17.16643924,17.45771869,13.56940961,13.06591603,13.60217219,13.5105365,13.4445308,13.32429806,9.648339669,10.0712184,9.590205322,14.05260296,13.83192093,13.98628653,14.00972196,9.713651881,9.305784694,10.81447706,10.95370022,10.39997098
1987,11.8591345,11.795217,26.37249217,28.22218723,25.97723776,27.0174672,13.27457197,14.14140696,13.44524783,18.70282469,19.15308714,17.76206448,18.90138272,14.6341437,14.68786445,20.01355892,19.49493435,19.80197589,20.06741486,15.87864958,15.6278442,10.83089034,10.37652466,22.12677852,22.46420277,21.14378594,21.33947349,21.77673993,22.49014189,22.02827556,16.77485734,16.32057507,16.7083492,16.35766086,13.63390693,13.50942196,13.72522286,13.5878497,11.33389353,11.51372975,11.54172288,11.3740902,17.91527074,17.41826672,17.60469332,17.65506621,22.41033826,13.94277015,13.91491603,13.79473214,14.14571568,12.06877944,11.11016965,11.08531242,11.47460892,11.04608678,21.03042091,21.73833566,13.76907685,24.03866225,24.81693295,16.23524021,16.11958627,15.68393441,16.2512669,11.4469998,11.41573377,12.90650535,13.12512538,13.06774961,13.12736277,15.10484497,15.00556324,14.708925,15.24504522,15.9325229,16.86422797,16.81762752,16.54837293,18.52164143,18.24774303,18.26077484,19.33416534,19.68235234,19.25280651,12.94393063,12.3396317,13.4456932,16.20958727,15.76548244,15.95058944,15.86006822,15.04858687,14.7743421,13.89820473,13.74728805,13.97469263
1988,19.38011288,18.7031036,14.54630216,15.32494032,14.70009001,14.24578086,11.3600475,11.80585075,11.49063911,7.493331471,7.514670387,7.634933534,7.658037719,19.01926578,18.96038598,19.87763605,20.51796321,18.61492554,18.4973282,6.576919041,6.848897078,14.48804311,14.20938149,12.2178196,12.28552887,12.34549047,11.57861433,16.72809217,15.5954373,15.24802378,17.4375605,18.63636109,18.32332245,19.11538919,16.8205202,16.98562155,16.90391415,17.18104157,10.90519146,10.8096581,11.26140119,11.48472877,16.20215062,16.44379148,16.52176572,16.10324684,16.38798036,9.773618658,9.676778043,9.790141666,9.887174083,18.37517288,14.08163163,13.79953343,14.46976151,14.13718796,15.48754264,14.93086003,12.90671786,9.400963577,9.639472364,16.85263396,17.05166539,16.92652566,17.27611325,7.637788443,7.744661316,8.663149428,8.433913944,8.464046321,8.464228165,10.1456514,10.06539453,10.15397821,9.855723154,10.51324209,10.66963894,10.65599867,10.71070612,19.02251831,18.40521612,18.45205638,10.01903034,9.677640476,10.0128025,14.1634174,13.36461285,13.33306294,14.34229279,14.09050903,13.84387791,14.31142568,12.46809174,12.70365582,13.23926705,13.72234364,12.74472793
1989,21.27273396,20.56367695,24.53358811,24.88483422,24.17665515,23.97934005,13.69921127,13.41068876,13.35524828,6.168725732,6.092881448,5.959731907,6.027992688,14.55141566,15.64790577,8.971428496,9.202543557,9.379355107,9.526398645,9.781176317,9.983190466,16.92101593,16.82546461,16.85204783,17.67377098,17.69348999,17.39746715,18.46340097,17.90525742,18.23123326,11.4126018,10.91010839,11.17801757,10.98121156,21.65311926,21.66738958,21.95381806,22.12654427,20.72996198,20.71958584,21.07733262,20.2617796,7.035253587,7.114319524,7.027906631,7.040556774,18.02895394,12.24858232,12.3850294,12.41004877,12.25894679,14.49406143,16.03648941,16.42349119,16.07940117,16.42222015,14.16032676,14.65641834,11.01505115,9.756721726,9.442522314,15.31202807,15.35027901,15.46610218,14.64934812,16.81749168,16.79382141,7.529951266,7.487510043,7.263105243,7.303548635,22.12922281,21.47927222,21.38163421,21.0707982,16.20942147,16.63371291,16.67509886,16.28452903,14.65734319,14.17568033,14.44648147,17.59930703,17.26578337,17.76385325,23.15223146,24.57808826,23.21632534,21.56525891,20.77957898,21.15000899,20.79870252,15.51321689,15.63706114,10.54056964,11.02964529,10.81197277
1990,10.46606842,10.45069843,11.24173016,11.67233308,11.34746662,11.47187078,24.31308565,24.82275622,24.9993501,10.56227984,10.58121713,10.91039215,10.75151058,13.50577987,12.65765393,16.93807868,17.04259868,16.78907002,16.9524211,8.501528112,8.193749752,10.43576779,9.723867927,15.57983391,15.45126524,14.74620341,15.05765869,12.98429232,12.65276511,12.846614,13.76451023,13.79855054,13.31570406,13.73214908,16.69033505,16.44904939,16.29113328,17.08509903,14.42718518,14.68579287,14.71005669,14.49343377,6.584117415,6.291323286,6.486318526,6.576655755,17.53244634,16.52824294,17.12197853,16.16455392,16.56585267,21.56030941,12.51056051,13.06746234,11.78070085,12.40897597,14.32880317,13.75053667,17.00622377,13.51384657,13.475023,11.36027411,11.09388159,10.97851696,10.70466926,13.29281841,12.80513205,11.69400845,11.8309558,12.11602703,11.60359696,11.8038696,12.72167816,12.3237505,12.22753674,10.44835747,11.43419171,11.71964513,11.22562979,19.87329717,19.88469463,20.0399566,18.40356754,18.64601078,18.79813904,23.52205196,23.82805006,23.27542776,11.54641843,11.7144293,11.40650174,11.24310986,9.964261428,9.931034896,16.82730052,16.57538243,17.96923734
1991,8.006981236,8.080614645,19.91866003,20.828086,20.16897997,19.86487135,10.06483716,10.2091418,9.87535194,10.57125231,11.07130713,10.99562271,10.78401953,11.98757946,12.10542434,24.44823416,23.90863192,23.92935211,24.31737721,17.80960925,18.74664216,7.599181726,7.494202195,15.4345609,15.3096456,14.7043244,15.27955702,23.06839117,22.67583318,22.01655745,8.974421732,8.692895385,8.918357712,8.720007689,13.24561932,12.58297327,13.00205209,12.82112567,22.24136344,22.6687993,21.9639843,22.88712716,12.93494124,13.19152858,13.04368385,13.10690471,14.16651425,14.89185249,14.99171044,15.58692182,15.57846256,24.46566657,10.07600569,10.07996493,10.11275921,10.22550944,18.13126266,17.88507144,17.93090196,15.83943148,16.25866846,13.84069299,13.39924564,13.76406702,13.75591448,20.3441713,19.88216973,11.91314398,11.64368896,12.6353515,12.4440215,17.6826117,18.02971119,18.80921322,18.31986428,18.11256222,19.05163144,18.89520377,18.7239887,24.53131519,24.5025221,24.02283122,12.29733043,12.14352783,12.36603826,24.17357393,25.39485021,25.65934885,12.80985009,12.9477336,13.54388267,13.4353898,15.18102696,15.20120495,17.94738974,18.52505109,19.13493743
1992,10.22812929,9.938477256,14.83333258,14.50057543,14.60659016,14.92487236,21.54568725,21.24057338,21.14745739,25.57766582,25.14590515,24.83049352,24.03542015,13.07865332,13.6074553,11.11207406,11.21807359,11.02755588,11.28326707,16.48306852,16.53859615,9.396281554,9.364503848,19.99910577,19.88076143,19.65028475,18.95714003,11.68415498,12.05244149,11.69935371,15.69012464,15.67982132,15.4113211,15.19548099,17.4396091,17.68767878,17.61167036,17.77925942,15.85908623,15.40961883,15.18748425,15.29918515,14.54759954,15.64977148,14.69338034,14.88614737,16.10517834,29.38975561,28.90254411,28.92025182,28.79035252,17.56156175,8.829552595,8.634574691,8.903119656,8.709373607,11.25483999,10.88283162,13.3543086,21.51790947,22.57242186,11.13867574,11.03803303,10.63649387,11.10634417,13.87516502,14.24857325,14.07937444,14.31307109,14.55072851,14.61932358,23.59078883,22.80549933,22.43317065,23.05650678,11.87283677,12.2670435,11.6023198,12.00860908,8.12607005,8.131242645,8.284323511,12.25398944,12.06817708,12.22530052,14.8768178,14.8345802,14.66328627,10.58091814,10.95384716,10.75854415,10.69040438,8.819734255,9.225073488,13.19670532,12.87456305,13.25677476
1993,10.39805242,10.78204268,12.11251926,12.13366703,12.0607922,12.36250576,12.80384227,12.73219331,12.81058009,31.14617413,30.15616221,30.01108629,30.3865368,20.20565556,19.62430255,9.990846387,10.24931929,9.648537104,9.56991602,13.74878957,13.85526645,15.23119246,15.55702483,10.95940443,10.791783,10.47309685,10.73196781,18.94225117,18.90073305,18.44996975,8.296403028,8.34597965,8.53844277,8.279187888,9.734135663,10.07439324,10.04411478,9.911419438,9.527735048,10.12071921,9.776254889,9.527086116,9.005349283,9.211528007,8.923179273,8.92507323,17.607065,17.45422262,17.51642638,17.55985436,17.93003812,9.018222486,21.6121805,22.53589845,21.99177735,20.70268947,18.90985107,18.9812946,11.6126594,10.08930129,10.1183034,16.68760808,16.54635251,17.36976532,17.23943766,13.18309008,12.88327964,28.64601402,29.80529163,28.75027014,29.15865158,17.89781683,17.45093209,17.88547664,17.57583047,14.35345347,14.10963447,13.96326196,14.70132252,5.508860489,5.382189521,5.730361408,14.77925597,13.86152826,14.36761216,17.16528662,17.0396742,17.15577491,18.16858076,17.54968407,18.4104846,17.47088836,14.88316893,13.74480446,11.07415426,11.3747371,11.8536141
1994,10.7499365,10.726978,14.02773828,14.20153325,14.34538034,14.58185752,23.33077747,22.89682082,23.04417868,13.39474885,13.84063738,13.38314553,12.93194053,15.78329324,15.44300894,13.42720308,13.751997,13.6768102,13.32959556,12.36200624,12.26284625,12.72700431,12.5060334,5.452319008,5.162115927,5.208444139,5.39882404,18.56738164,17.97540155,18.44968374,11.3112026,11.21800508,11.29116557,11.17731769,13.1990427,13.69109595,13.81352065,12.98641985,10.72965396,10.53680961,10.5733629,10.36888707,14.19350218,14.24415665,14.02156385,14.42672202,13.54091359,23.71939801,24.68841608,24.32923357,23.89421835,12.27780409,16.86722003,16.49861591,17.35980524,17.13917014,12.05140395,13.00635465,13.03067498,15.08489778,14.49122692,15.1356115,15.40368323,15.15557774,15.41525113,15.75564873,15.85912955,13.35015114,12.6127506,12.71860308,12.98467357,14.85480928,13.95896039,14.3868386,14.50701178,7.911228992,8.406918248,8.115023008,8.325581137,8.988020529,9.39538677,9.107670446,12.8553934,12.23568089,12.24458374,12.09332442,12.24183919,11.88836158,13.98827927,13.72685982,13.29364614,14.42285925,13.23308975,12.64600219,12.43939113,12.69632975,12.6438941
1995,7.558237686,7.974419266,13.88592912,13.48624445,13.62502465,13.6266024,13.74026438,13.84931958,13.38467699,7.617096674,7.797581197,7.739895987,7.73283001,20.50258052,20.71497977,12.27431627,12.64977437,12.54545758,12.52964271,16.03353124,15.50664131,22.95078305,22.84839548,9.137549435,9.38387645,9.41375645,9.508765765,18.70437731,18.69269367,18.35661471,11.23881108,11.0355773,11.18647716,10.95048123,9.892964648,9.816255094,10.0384914,10.33535078,23.42923057,23.24414965,24.19253278,24.0962085,23.66651944,24.57954936,25.28066777,24.50973326,17.57066263,14.25460231,14.548565,14.3411737,14.59201561,12.31871377,7.616143041,7.338665415,7.466019035,7.441509045,11.61979031,12.6640877,10.40002296,9.078201045,9.094306255,17.75951296,17.30111752,16.82567435,17.73063608,12.62180936,12.50151594,7.150490202,6.867212331,7.032915174,7.008440985,26.00764998,25.96460701,26.2723659,26.44529492,10.69292485,10.93898719,10.47216883,10.80243901,7.993226321,8.065961395,8.016053732,7.935010433,8.144544218,8.343774783,10.67745116,10.22705758,10.8276794,6.032593944,6.066332291,5.870084688,6.097418856,12.97283542,12.69367831,10.26415196,10.76538377,10.63645626
1996,9.828451914,9.822158301,20.28218936,20.79248104,20.84482635,20.89396155,14.54076946,15.49143822,15.62560157,8.848816959,9.321486883,8.966562109,8.906128443,17.12938869,17.75591236,11.48728169,11.37015693,11.85917482,11.96634002,10.99576389,11.628694,15.02404364,16.32376616,14.0658024,13.95192601,13.72690685,13.88253884,13.58810428,13.7669308,13.22631503,11.17311461,11.28093822,10.96726143,11.11214047,5.723969494,5.855917051,5.93241846,5.941733078,12.68126023,12.33200795,12.2483903,12.49723503,22.85397642,22.57356849,22.59996466,22.86532673,21.63039941,10.07919059,9.572361243,9.76398599,9.48168722,16.45002994,12.63415049,12.1662141,12.73819303,12.55677884,16.36181998,16.3024918,14.55659161,10.48332377,10.65569266,28.81345458,30.36300095,28.86839821,28.24060314,11.53720009,12.13849476,11.2382491,11.41158202,11.23672225,11.60629519,22.46824145,23.33171657,22.05189433,23.06716867,7.469865917,7.26359641,7.455942407,7.350620212,11.97777644,12.38587823,11.95631764,14.43972216,13.80361954,14.50480542,12.49975321,11.28334213,11.61303378,11.18923759,11.57517824,10.95017873,11.59553407,17.205759,17.98428242,14.76984508,15.66325515,14.28626713
1997,14.47535173,14.4397875,16.22638449,16.34675851,16.07962971,16.72938472,18.04612141,17.5716576,17.91404924,13.44682935,12.68170165,12.24135816,13.0210658,19.95281946,19.87458599,11.69115332,11.4541197,11.74287187,11.80050861,16.97628649,17.37674517,20.05996604,20.33954069,26.28125593,25.60634739,24.97916013,24.93767978,21.19102657,20.61689855,21.15301553,6.010444086,6.117356212,6.111857752,6.234680073,12.47140812,12.65110288,12.65841398,12.39865628,8.67673198,8.664068192,8.811834169,8.177391154,15.37170508,15.0751082,15.04881138,14.88145224,11.36300112,11.49855892,11.91230934,11.43919884,11.47891027,16.28889796,13.4675716,13.28360223,13.05925146,13.80838693,12.11727862,12.34624064,18.36477106,11.04489181,11.35321741,13.34674007,13.1745862,13.00082945,12.65004169,18.01582167,18.50468624,16.82805074,16.48908222,16.30819194,16.60917983,18.82436705,19.58171633,19.42911483,19.11399715,8.292424621,9.085721732,8.702017864,8.672963643,21.09569695,20.24110707,20.7904412,18.68377045,18.89948805,19.02231152,14.86784154,15.08938731,14.66329751,24.73380857,24.71270128,25.11333915,25.51253375,19.08728463,19.45038609,18.30501769,18.88393972,18.2996811
1998,27.58601252,27.57783638,18.87739012,19.19345508,18.63867671,19.28224534,11.6472331,11.65755723,11.60359392,15.59727957,15.21315047,15.92092969,15.54246639,15.93240613,16.24230341,11.6882666,11.95686688,11.15082553,11.63607005,10.27228625,10.72946604,11.6104419,11.81013574,18.9819534,19.63768282,18.60935772,18.84415337,22.61715838,23.29724523,22.34475919,9.588173217,9.838564979,9.917327901,9.87247795,11.59460152,11.89743435,12.32033518,11.9751341,15.88904063,16.13022688,16.28108979,16.51060439,7.808914255,7.989833435,7.67506556,7.85855635,11.72259062,11.73507886,11.68292678,12.34219347,11.83058729,17.70410277,16.64022036,15.77851097,15.96137074,16.01401484,9.043602565,9.115331603,12.29651804,7.494353018,7.616751471,13.56368509,13.86296174,13.84653269,13.36238323,24.88586884,24.21607732,18.36407181,17.63795552,17.47376918,17.82606236,18.8383398,19.22499844,18.33292776,19.27688634,8.169073111,8.516232417,8.21201883,8.312095418,12.72435386,12.19775453,11.89075785,15.37405827,14.89138881,15.89567316,7.448309613,7.384762889,7.171359729,14.5628162,14.40073394,14.70494239,14.10350928,15.49177488,15.36325057,12.19344359,11.76336823,11.97953296
1999,18.41405441,18.41908114,11.09003818,11.40917776,11.12431888,11.5321531,11.5540507,12.50366001,11.65719983,10.07582674,10.393113,9.810518777,9.874575352,8.287427365,8.863907326,13.8535706,13.88135062,14.44337353,14.02623711,9.701210717,9.444462645,12.13894292,11.70516649,14.70738664,14.1778686,14.57627574,14.81865257,12.09984444,11.49404813,11.58057011,26.08465043,25.84502832,25.63966024,25.54077094,20.42542044,19.921815,19.38662461,19.91073392,16.82843437,16.38166473,17.08781324,16.93926859,13.09025119,13.76421197,14.03636118,13.22569105,9.209243643,12.50377987,11.88448072,12.46450657,12.258525,10.00675747,26.0062799,26.28494658,26.09657415,26.87036319,14.51512189,14.88326087,15.21825544,13.17919059,12.92676603,14.75069274,15.09769117,14.83024625,14.69311656,8.083662129,8.118167861,16.79704832,17.17724815,15.79724596,17.03963421,17.88110719,17.13077179,17.78636497,17.30911991,11.48407626,11.85552877,11.62707003,11.96758114,17.87965033,17.44691919,16.77095272,17.82210688,17.73847747,18.38156999,11.66714477,11.55618173,11.54317952,25.44388344,24.53835376,24.70838674,25.12323864,13.92313644,13.43861778,15.76181544,15.02485587,15.20992925
2000,28.01740786,27.96773409,8.419229197,8.504852727,8.149786215,8.462557686,10.10319529,9.603509177,9.931538003,13.57117638,13.699905,13.69429981,14.22868659,18.61256239,18.23616113,15.22053096,15.50001525,14.4896549,14.80477041,13.68118566,13.46177371,11.02836875,10.82985197,12.743575,13.38815605,13.21153619,13.22113726,17.21339113,16.82321324,16.80891402,10.54579515,10.49519843,9.913774929,10.13963084,9.475108681,9.44160123,9.441829448,9.148014248,11.38977491,11.64002918,11.71269156,11.25532391,9.486505726,9.632854552,9.598186116,9.588949904,8.685555273,10.25293853,9.903870327,10.09649092,10.01967537,15.09346479,22.23115297,22.14917576,22.70387153,22.0048051,17.07106116,17.07327041,13.34989684,11.24666787,11.48695882,11.55104715,11.64577045,12.00517295,11.26018455,18.43792324,17.98804528,14.35353842,13.45910733,13.849023,13.90723023,15.2341923,15.12874437,15.31545665,14.85877337,13.27127032,13.69879696,14.11949578,13.40368804,12.5896416,12.83017488,12.82697068,29.92586809,30.45317617,31.31577933,17.90622397,17.64180803,17.7001871,12.56837096,12.69803778,12.90494654,12.83517283,21.49016043,22.49493642,13.41069118,13.10072124,13.49759056
2001,19.36859151,18.28547464,10.87722345,10.81801158,10.70126323,10.88336791,11.80257435,12.05755371,11.83728976,19.95503702,20.571581,20.1815138,20.2001689,14.56585981,14.19163182,15.35645449,16.41274861,16.23794335,15.94968801,10.62677453,10.03397187,11.76106945,11.80206565,13.75384116,13.57189041,13.42109141,12.98199671,17.09849405,17.31503542,17.34384345,12.89095067,12.95448549,12.48808171,12.80503841,20.30591855,21.11566661,20.59665919,20.8390532,12.70901532,12.75036468,13.00835931,13.01087046,9.545595074,10.06162758,10.07900995,9.873813818,13.9514425,8.55680636,8.29127881,8.962724608,8.773008952,18.07871968,9.46460646,9.011156212,9.099645402,8.929174433,21.31202888,20.4288186,14.29792213,18.14274383,18.49920171,11.61731324,11.80163968,11.74889338,11.45445122,16.98535849,17.86141271,12.88985074,12.18737595,12.44747004,12.59388319,18.58495295,17.82122118,18.83965876,18.39081658,17.54096826,17.9521082,17.98648493,17.12538922,7.560108516,7.551636536,7.511739273,28.65268425,29.55274009,27.50371773,15.82890589,16.23832138,16.12788484,17.50952237,17.65993375,17.84487136,16.99841222,15.2166462,14.01121055,14.60116155,14.19517426,14.33816511
2002,9.328476218,9.242826982,14.82563742,16.06546467,15.6580724,15.43312903,11.3799408,11.39249427,11.45467654,39.71940522,38.94520762,39.25566419,39.59569492,26.19736727,25.86341252,34.78589409,35.0091171,33.99426928,35.12318569,11.78477417,11.49847932,20.81442619,19.59084543,18.3850867,17.91063118,18.98140262,18.34616981,16.84303208,17.478617,17.20006215,14.38048011,14.80754015,15.30484564,14.57047672,14.24978374,14.32859215,14.63183611,14.61688443,15.78998116,15.92677769,16.58227587,15.75229853,16.14366339,17.09802895,17.08936399,17.0466742,17.3685187,10.21916013,10.17467242,10.24928618,10.36696141,16.80270996,9.783630426,9.952110228,9.708928403,10.1060092,10.37899777,10.99918637,15.61373748,17.488927,17.4616487,12.26052121,12.19600084,12.16664604,11.89576637,18.38737002,17.91430746,16.03959437,15.99836945,15.66189209,16.00342479,19.49522912,18.85196104,18.2485704,19.1541503,10.76489516,10.32159927,10.82492773,10.94256732,9.124566089,9.120130076,9.295448826,18.47730855,18.3233762,18.65281974,15.08940579,14.91984508,14.94650333,7.190848344,7.222138493,7.460110036,7.263702307,23.38998274,23.879885,15.60964312,16.04127539,15.55175496
2003,12.21084591,12.2900713,14.65854958,14.72591429,14.41112753,14.90357038,11.9104898,12.4684923,11.78157299,16.8080682,16.94456703,17.09680395,16.63134647,9.638791299,9.126371643,15.85650058,16.27366441,15.30104307,16.23417384,12.67872262,12.94022469,9.368843484,9.042985329,9.801777243,9.606979002,9.320248007,9.586853197,17.3209702,17.57383016,15.97917529,15.69764571,16.71889043,16.36158371,16.67602239,24.59485722,25.00297025,24.31884488,24.12591818,21.24519259,21.5935363,20.94797542,21.68111278,12.0161254,11.59663359,11.85534819,12.38249544,15.17596975,10.39663962,10.29045531,10.52242487,9.869403253,23.19500156,10.84808545,11.02978562,11.29826144,11.39079804,14.22813915,13.73388712,10.56613797,20.55682463,20.93372797,12.97798556,13.28101426,13.43464034,13.87475084,22.32374975,22.26204496,26.50518682,26.86975083,26.52159636,25.39354641,11.88920898,11.70901745,12.22413205,12.39336577,15.37741142,15.62561082,15.42423473,15.82053556,11.48497137,10.55755176,10.96682297,7.222196906,7.344795233,7.389949289,19.33989911,19.39858183,18.27447852,21.37310192,22.34573435,20.9614032,22.24469324,26.33016464,26.24492662,10.43915875,10.48787363,10.29633743
2004,19.34324493,18.94769379,23.40876722,23.6649168,24.25283478,23.65149612,18.875481,18.48818503,19.5466605,16.45007405,16.55296691,15.86213909,15.76358757,10.57708963,10.94125246,13.70268996,14.08944789,14.57865947,14.69113315,9.473796397,9.731464383,12.64026799,13.0481907,11.90293509,11.888613,12.09261136,11.81215622,16.73082543,17.0732259,17.05670592,18.83470806,19.23145866,18.97354675,18.65889814,10.03210518,10.24175889,9.91882316,10.2341478,15.2907788,15.80791755,16.03491219,15.53758227,8.544628284,8.513773349,8.47198076,8.953895048,20.31436608,12.94023435,12.95991739,11.97075616,12.31999375,23.67765279,18.39228821,19.41347677,18.73528086,18.8164372,24.75010715,23.60376783,9.040994995,13.82859572,13.78380609,12.9609099,12.9856434,13.2427317,12.49293457,16.45081319,15.79158551,15.77428518,15.54224801,15.65487062,15.67378229,8.961249382,8.908793574,8.501231385,8.47576197,12.01276302,11.61569141,12.10106241,11.71533088,16.23138391,16.64911579,16.4299219,17.60017347,17.65917324,18.37361484,16.93220858,16.88361822,17.16683607,22.68909548,21.79180881,21.86365567,22.71752025,22.10646772,21.82704924,8.837933336,8.953071888,8.559546129
2005,19.05623673,20.71226592,14.89538261,15.10548865,14.84940823,14.96894428,17.16722674,16.8981409,18.12486625,13.57693023,13.42702534,13.48816092,13.18160089,19.78123492,20.70668303,16.07595126,16.23432353,15.80183637,16.38921796,13.37922363,13.48137717,12.07610628,11.28168748,9.153146043,9.137389904,9.428816132,9.293375345,13.63362575,13.75286065,13.40225074,14.48616841,15.37247931,15.02521505,14.27539664,10.4066254,10.28865632,10.69459079,10.7538145,20.29533564,20.3327995,20.09097453,19.98931091,10.88741173,10.579318,11.26890839,11.19878614,25.15745504,9.09535922,9.212095438,9.364817098,9.599371557,11.6271096,26.59847871,26.20744304,25.20700499,25.82681455,14.79450803,15.00682296,13.58332552,15.17170189,15.28940273,7.265937421,7.425053455,7.173902678,7.231011253,14.50453146,14.67899449,15.13711712,14.51989779,14.77072913,14.92088908,15.4503677,14.72377622,14.732446,14.946195,16.18801587,15.91921144,15.82076914,16.32962638,22.04416132,22.38732395,22.57225682,19.7865221,20.16145555,19.69344274,19.446134,18.74748411,18.5771132,18.35075472,18.43296789,18.50042158,18.55086607,26.58668967,27.01839045,12.95305847,13.20786125,13.01602604
2006,20.99850274,12.04937603,10.26105183,7.939739445,10.77385192,11.84406274,19.88761386,16.56337224,18.3290805,11.80294249,10.93153523,17.82282797,17.00183417,19.72712481,15.59027778,21.20090862,25.1076024,15.59117016,18.92196444,14.61830916,16.05402633,18.46032052,13.66764565,15.51161357,10.6116979,14.48123718,11.21025384,9.473542731,11.71485876,11.76736562,15.98316264,18.55305469,13.6858296,12.89184716,15.42377347,12.13773086,10.37093907,15.58498982,18.21978837,12.58991294,13.3009705,12.82793002,19.00927373,18.75352124,11.20704298,13.53549231,14.0220626,21.5490359,22.43808347,12.99240173,13.85596336,10.77140124,21.42039211,20.53789156,34.01476774,14.87905281,13.99110494,14.53136822,11.76780758,26.49740305,31.02879961,13.36822197,12.3601581,9.50433725,10.9726171,10.00389011,9.600905891,8.070960417,9.73626601,15.07967677,15.469598,26.54433552,25.03760735,23.97565353,20.88954827,18.79348326,17.53281263,16.45629253,14.79253587,9.438669679,14.69548481,15.05853037,26.59637871,13.24910622,14.21830056,11.33625312,15.93761821,16.56780657,7.8313272,8.404117131,12.74227593,17.16436812,14.513493,17.55689359,7.324914129,8.584164099,11.15946012
2007,18.64633539,16.01668544,9.476537375,19.35258107,10.32628268,12.82198153,7.789194129,10.76095656,13.58750192,13.05946935,13.37799336,21.27895595,11.96181255,15.7409162,16.22748069,17.06559406,13.56467272,7.877890988,22.32474877,13.82399308,13.65666958,9.564003074,19.83867047,12.1282028,5.620800853,7.108633329,6.905442764,13.09661893,20.69918803,11.56001072,21.78838272,13.8475445,14.94142076,17.48380169,8.833110962,14.98688087,15.07445812,21.36059381,22.9022021,14.46306694,16.12621349,11.07303423,19.30600308,19.02208181,15.35371743,20.814499,14.68150358,16.03215037,12.69340994,17.81471851,10.42365658,15.78701078,12.599359,15.18240248,23.14553306,11.38975855,8.417966678,13.71959601,13.36122835,26.05691958,13.60930201,6.590975544,10.65348839,10.75997532,8.115445131,8.777093197,13.55251142,14.12984696,6.084874949,11.995476,16.14486883,13.69139905,20.00170278,8.002282433,21.88026948,12.00800692,10.62753487,13.44851722,12.71663566,10.54475794,10.8044404,9.597141045,26.2855771,32.43717257,11.95451252,14.86084189,18.85921053,14.78896965,16.11899935,14.19161391,18.83773295,25.57340852,13.23133047,11.72447939,13.57368664,16.39621646,22.00967623
2008,9.522805349,29.74728629,21.6748753,24.59068274,14.86390826,17.81966761,10.77582869,7.319666261,5.118866916,9.09621477,8.32800234,14.15897712,15.74685941,14.56591942,21.40152952,20.82377611,13.5452861,10.7738665,11.13128089,15.52218496,8.884429983,22.434967,12.3151555,13.98055654,10.47160508,16.93810524,29.65933743,15.02012015,13.92662703,11.79695534,17.05036911,14.00283961,12.42477721,8.968900502,8.372701111,13.996375,13.75264326,17.7769562,17.39303544,16.72674252,12.84145436,8.573050036,8.062819993,8.729615326,12.60205866,8.041787683,11.77475792,20.20174066,10.57149854,13.61058351,22.12456017,12.29572286,15.34247863,9.45786599,17.4070242,8.302785183,23.69422005,11.48843572,7.54538279,19.63977279,10.09962244,18.56761103,14.18892179,12.39442134,21.65166783,9.167377071,8.985871041,19.93230571,17.14092553,15.54753782,18.80341825,16.72767997,18.30679926,7.198445157,20.14309676,17.50621041,11.08647898,17.38190979,15.11009298,17.46754441,8.969801435,16.96094747,18.52772686,17.78651113,11.61592019,17.900174,11.80835441,14.77877129,24.94298083,12.91034896,15.10302165,7.983966962,23.04456119,13.52230417,16.50521528,14.98059215,19.40748077
2009,10.55551813,11.83497663,14.80778408,17.46732668,21.06577898,11.97151361,7.559405732,12.32084513,20.22698577,15.06411761,16.15741375,6.972000456,12.24399259,11.13134025,18.15586128,20.17087732,17.21824701,13.87140367,13.28384763,17.9042131,13.46795597,15.49925508,19.03093864,18.95263833,17.89680643,14.66294737,8.981004278,15.18387366,15.3230641,15.05539319,15.4265644,9.176327603,18.47647051,20.10289892,15.56568541,18.98840852,17.53729258,13.62918212,14.48277971,23.53372471,15.83885215,9.087442929,15.46188242,10.8249142,9.565860238,11.33119972,12.59483671,18.18485889,12.31185965,9.622995035,10.6370784,14.0139004,12.65316528,9.336858585,14.16250794,10.6581091,8.844369025,15.40274477,15.27230301,21.58947822,25.59690184,14.2076519,23.89232638,20.987529,18.59303607,11.31297082,15.08001743,18.35554056,17.04084994,13.94001933,27.16666225,14.45244325,15.60088538,22.60577484,14.33849324,15.87193164,12.5946763,21.62709116,18.43305971,7.42161606,23.8705029,19.29118122,21.05940946,13.66224161,9.859101521,15.15036859,13.86513679,11.41450088,31.5976748,10.64214113,12.33083012,10.93800331,22.38508005,13.4727888,20.37564182,17.9066252,10.21745843
2010,9.696120337,19.25244105,28.30772376,13.01253421,12.38462295,14.99088742,13.05137897,13.40636854,24.17587204,21.75872826,12.97073496,17.56816346,12.62463794,15.68652607,23.35717059,13.83703242,14.63258983,12.34391177,21.30834,11.51651645,7.97156275,14.2856107,14.27563914,7.163289957,11.92897722,22.1301719,8.489298982,11.59280636,15.33176719,17.42562236,15.70014692,18.49734494,18.40323227,24.22019213,21.95349648,18.19658126,11.41509975,10.0074645,12.08197301,19.32668493,25.16653129,15.61527221,11.21674068,10.07805421,10.40091761,15.67470034,11.91664945,20.122414,11.48939437,9.665413527,11.00197299,13.4495684,13.7992466,8.625341931,10.04504059,10.76826583,13.09201646,16.74836793,20.05931603,20.78838317,16.83330294,12.17241753,23.07817333,13.05422132,10.39657299,11.62105373,11.30530877,11.74030979,18.86030049,15.37077233,11.19596541,13.85019775,20.12179619,16.43777191,10.23400391,11.84903619,18.77077747,14.87739697,23.48427507,16.97921278,12.20206197,16.65884434,23.85204906,19.27114112,10.31278268,19.90473963,11.73241835,13.45580739,15.28943169,11.47812294,9.782299339,8.612109461,7.855505931,14.00080149,17.90296939,12.87811133,14.31232219
2011,8.486833349,10.84924588,19.49930362,12.75585537,10.05022744,23.09301838,21.70527777,18.74452491,25.46601771,23.2505402,7.686245574,17.13436645,9.268210512,8.791224655,14.41947372,11.53511107,12.89523915,7.3295736,11.44642735,11.65963613,12.28538688,15.05939429,25.50367537,11.02534239,11.68842831,22.94710463,8.458388807,12.10375446,13.56214792,12.80475094,19.43016934,13.87423898,10.93261728,16.60026254,25.52288241,12.37073365,13.60200313,7.739647359,13.33389106,19.29368442,14.28475864,9.029609336,12.77062606,13.68808832,12.90717546,14.6211769,7.564725005,24.43400848,9.939875187,21.63488458,9.335787491,14.0120164,13.39890682,23.15637568,6.530151907,18.50875307,16.69685699,15.47343336,17.10197361,11.51332655,19.00144758,13.56350091,21.64138895,14.63455198,17.27920007,11.75785341,12.06759152,16.61361231,16.25285042,20.98186249,10.61561702,13.9469665,13.49015377,11.93190216,17.35329396,20.05380801,15.87728531,22.97020951,22.74636524,18.29724024,20.84352002,15.39908047,12.33995435,14.14778156,24.88011923,14.12229586,20.78682182,11.79270795,20.6132827,8.085083544,26.13240377,16.82447772,10.69466388,9.075212608,6.930483412,19.13039583,11.1032354
2012,10.56172457,23.14793014,10.37762083,20.41614952,8.920834512,9.11513881,18.169557,12.91854954,9.409998982,8.129138737,12.1374363,9.962863716,6.614836165,18.59873758,13.02730856,7.024431332,7.85450525,6.947221369,14.08168614,15.54970306,14.4872813,7.59995163,12.8292913,21.5533074,17.85659808,20.75726368,21.67144147,12.12313531,18.8134056,8.289485177,9.89711401,11.94527018,18.95165383,16.91971972,19.77140832,14.03657869,20.27701033,27.85959245,16.19192606,24.73122655,9.005876172,10.73918426,23.51115697,16.4594394,19.10903806,11.7839997,11.17475439,10.5996788,16.24115546,14.15357952,10.84061994,12.26284058,10.37658143,17.69335363,6.711269534,12.74509704,14.05634579,15.7351386,12.65783105,16.83520812,16.03936151,31.51005414,16.12946311,15.53538149,12.04119739,11.66002883,14.95190868,15.50230778,11.98311539,21.90751833,20.73833262,16.35725814,20.76903626,10.16129677,20.97454334,16.97696112,10.89334399,18.32954227,19.65003229,16.069078,13.28030382,9.460611451,16.18175734,15.58412692,17.65108568,20.55645511,16.56947954,14.63365916,19.00758918,25.5820204,16.69130227,9.568853375,14.86404347,15.97632401,8.398345567,18.10127211,19.3509459
2013,11.29842121,9.037294374,8.02134359,11.00729199,18.36474022,8.265965336,15.5407803,9.195004542,11.35618905,7.171141845,12.30525723,12.78627626,17.08392133,21.32928819,8.316813858,15.81113734,19.17209195,12.15367898,9.529523841,10.91319142,8.316165045,22.31208157,20.38941142,30.35037713,22.19587688,9.621486526,16.4786136,17.93348319,15.30057106,11.57172472,12.54991279,15.05359422,22.73968251,10.75847984,14.08605255,15.25448323,13.99642017,20.50043008,8.8943928,19.76510882,14.26646916,15.5339496,11.66348273,19.09424138,17.33375798,14.65635455,16.25460307,12.57131357,19.84132136,19.89251403,11.36790315,14.65221566,15.12477051,12.99971334,16.85986453,6.719648727,8.681097501,13.55031517,14.37704703,12.34707947,16.85891714,29.050438,13.09415827,18.47337154,17.12802885,19.27016521,12.30368473,15.38358399,10.81004862,21.87941385,24.62846735,12.11588491,15.32902177,24.63502669,9.975870268,9.428715392,14.30511499,23.15454242,8.032530327,16.23419921,15.23718145,11.23819876,15.21463906,7.590953851,19.49066955,19.75531166,18.47033679,10.94903433,21.02162174,21.72921856,12.03524011,10.88825665,27.85873442,11.83288395,9.465282367,19.76579113,18.47094077
2014,10.14729529,9.184197223,13.42293187,11.89106465,13.64448603,6.947714102,9.966612912,8.095831418,14.72688785,7.465874856,17.57614201,8.885522995,18.0178196,30.58244959,11.22534284,11.4069624,17.13234553,13.71690266,16.2984138,15.40406043,9.056313521,21.74107299,18.66684476,10.98241926,12.69925018,14.39788124,18.93143982,9.135466136,12.3375909,11.57708709,13.03977275,10.92465174,10.23232229,12.52059017,19.24944417,16.54107812,10.41178455,6.615222942,19.75035898,19.02440378,19.32865025,10.71910786,26.38331839,13.73768955,16.03362117,14.60393476,28.79786011,20.50282925,11.52630093,13.57954074,16.96728996,17.88147122,10.67627439,15.81851929,11.2864827,15.05960491,8.204620998,9.897500291,17.45450547,14.38125523,16.03458151,14.65253909,12.90249217,15.67924413,8.454285283,17.59029527,14.76170348,13.7514815,13.26445307,13.1639275,16.87639192,12.74031971,20.78569075,12.671199,9.068962433,19.68987076,10.54682703,16.41477705,13.01481449,15.54075199,20.19319892,11.14134621,25.78251019,15.71326149,20.71288861,14.08580339,11.02855991,16.82880545,15.75666504,11.60415594,17.49212596,19.814268,13.19384456,23.31004828,13.33812133,17.95955258,24.61271972
2015,21.64740397,12.36289184,12.75084393,18.00888353,10.03953068,13.54432221,11.39729714,13.7097196,17.49462278,6.350802823,15.840873,12.64964156,14.13228349,20.97084357,13.1149825,13.1359776,25.48503723,21.67629118,14.39929749,10.59889779,13.75167777,15.09930184,17.00638292,19.77912583,8.184991835,9.788398889,12.4425743,11.22863712,13.52698106,18.86635164,10.65308995,18.16245358,14.4459332,11.6336474,20.69946236,9.530246678,20.46229934,6.23986554,19.75850523,8.665929124,38.09081736,11.66068669,22.69344553,24.99569933,15.43825218,27.29665166,17.37527074,16.64606388,10.05101423,21.90400387,20.24812846,39.12704166,10.26536106,13.37455283,19.66679383,15.01175504,8.920985256,14.08425487,14.5820333,11.77947884,18.98570499,16.57135178,12.29657937,13.41469936,8.180932284,9.584752522,17.06202649,12.95715209,15.1178405,7.642409534,8.866163088,14.91396853,17.9259053,15.98198132,16.89589839,14.82329712,10.774875,13.51388406,14.51497553,13.6294052,22.96239874,15.23193788,14.79192831,10.84638474,18.60896269,13.23831033,8.707614922,12.16718204,9.303958334,10.88304958,14.97832019,9.41823485,17.16845258,12.04662637,12.08827827,12.07310432,11.72245759
2016,9.857512919,20.58114012,9.168817845,17.97807211,11.12807673,15.54708686,12.24270764,17.03937731,24.17222073,10.73637503,21.10390397,21.94823111,19.19129425,12.94226985,11.5560051,9.420410122,11.52342974,6.790678334,12.63753646,13.8531094,10.46998211,14.3789548,32.10749506,9.250914704,12.96869857,7.020757845,5.323935233,20.01102107,13.07274351,11.68348114,11.57665456,21.13861222,23.58266515,16.24020161,9.758366876,10.55534019,9.989730645,13.809681,18.81585023,8.308210354,28.93351664,35.67772667,14.03222295,19.19207847,7.434678387,11.73662828,27.19361298,12.73792372,21.50589223,14.64447598,28.89796953,18.3002015,10.76284717,14.80089838,14.2290982,15.9532056,12.27082681,15.64335546,16.73313168,13.74103636,23.43495735,19.25946795,24.85107751,14.10570325,16.07554508,13.77498071,16.47338588,22.22660241,12.30889434,12.73474165,8.945635974,17.78308762,15.06622235,23.7782043,14.85649182,17.23134789,9.605428721,11.76499486,16.70253898,10.25589039,26.61315344,13.24814198,16.64934738,12.28258245,26.26320115,9.665645812,14.31661123,11.22621669,11.54075159,14.9694499,9.923711167,18.62957655,9.792179643,21.29858971,16.24570917,10.36792959,12.98118787
2017,11.04754576,16.67195066,18.84715315,20.75241582,12.10932274,6.568776516,10.17313154,14.18613172,16.82883308,13.99149285,12.10907925,19.0674364,13.10944453,12.46410182,9.373475445,17.54994389,12.20130698,6.982499088,11.61624563,22.91284302,8.022296807,14.79481258,26.66820583,14.06598504,11.3755368,13.44230688,16.92204805,17.53579521,19.76639917,16.23824999,9.985036483,19.84085488,21.5366202,11.40510375,12.790646,8.201147861,11.73091119,21.92118262,11.14165357,10.66487778,18.58378352,23.03726868,10.63295746,21.86180231,16.5160703,17.38051851,14.15727213,12.06072879,14.50142586,19.51937105,19.44476955,20.0597634,10.58959444,9.152858281,13.2873316,12.02948535,11.93677144,10.43757009,20.3289068,19.3246155,18.40787189,14.47369464,26.95528639,15.62000023,27.66803478,19.97418972,22.23493634,19.32474645,8.931963094,21.74594725,16.63848785,23.33522081,22.30494476,19.86180706,16.55364859,15.13654528,9.605538863,19.94379281,11.85561072,8.753225395,16.95219215,8.813813851,29.12716913,22.67507187,35.37449958,15.6939436,13.59424994,14.79946499,16.40050923,12.91521588,11.45609689,15.81547845,13.77156276,11.47880083,14.28318494,18.78298332,11.48853606
2018,14.1255672,17.60600346,16.72228141,11.81078957,14.24644737,16.85432904,12.62239258,7.458322889,10.16858573,8.900403134,11.70084246,19.30408848,12.72844832,19.7081646,12.89516981,17.07643557,21.4664734,12.54700294,11.8898399,14.79348946,13.16928361,18.76133599,17.2164725,12.67684429,19.94298464,20.25873822,12.61379044,15.40441014,18.8795611,14.31248364,9.668054777,14.52130191,11.52960742,14.35952243,12.74371236,20.11566655,13.71853747,14.776527,11.56607996,19.39492001,13.24330637,12.81920382,18.67717297,13.35585773,15.30886653,14.59305001,9.987244086,13.92982935,14.56201809,9.938749944,18.4471005,14.50832221,10.79048247,9.019241633,13.14701492,6.838215967,14.29373262,8.57909163,14.76186575,29.62086079,18.40885492,13.18651952,17.62871724,8.469187795,29.85956218,9.820972403,18.80226778,10.60830526,13.2856633,13.41074884,21.76271004,22.58550819,24.42916181,11.174657,16.30584976,14.35815586,9.252575544,26.83043228,14.91311988,9.003021917,7.203441878,6.684900417,22.10234438,23.78887589,18.53395083,17.78302731,15.64736467,15.14622258,22.94378164,21.87451563,14.00845989,17.15660501,12.38512443,9.655724926,6.838450512,26.49588893,20.84357169
2019,14.08398829,7.896898096,12.97867944,7.651572714,27.18903293,15.37347469,23.58036486,8.737343643,9.42494398,12.62146433,7.367496079,17.47616045,9.359426975,11.43714821,11.13618484,23.55244522,19.46082341,18.31701467,14.27717254,10.0859274,10.6416436,14.56453841,16.04688869,6.220364013,6.674239934,18.356547,5.677513904,24.43580575,14.15230243,17.67483265,10.87775796,9.539791736,16.42682991,13.10374332,17.45054356,25.23056442,8.626984145,10.92916475,17.93495345,9.876394869,14.71136906,16.70679741,10.38766959,18.60948184,16.19582755,7.033926089,15.34711222,8.749736112,10.13559043,10.50203232,19.80325466,15.86823483,22.70853977,5.68981321,10.29406842,13.46993907,18.90446652,8.502858129,14.03997723,21.43975029,12.94253786,17.92616394,18.53714295,13.73237248,19.31544242,12.03875831,16.36898231,19.09101223,11.97679351,10.70328484,22.82303675,17.45144297,23.19979823,10.7357018,26.32269118,14.21259285,9.982960502,18.99151734,27.93460136,11.76179494,16.88368092,15.6079684,16.6120971,16.10596489,21.90036345,20.24796541,11.06602695,17.32144723,12.46380964,21.7422384,8.444877779,11.8395822,15.6788235,9.897933421,6.696645501,16.90538872,16.39413985
2020,6.297257415,7.86496086,18.03124544,10.21876114,17.58565924,9.509304476,9.18040197,10.34158072,15.89603262,17.36672727,7.28307245,7.333925593,11.02860595,12.03702916,9.190985395,28.89125748,15.63207796,12.23770048,20.34230041,14.15947807,6.665717058,11.71927585,22.0106925,5.856296311,7.303533878,9.913950664,8.399245626,19.39612455,11.37609866,17.40097156,12.32464756,10.25118363,17.96110685,12.70012032,25.38194777,10.08968348,12.1097618,9.895383788,8.452602268,24.1109951,22.7104052,18.9240891,14.37504075,19.37034541,10.7056468,9.340632793,15.21186311,10.8100154,8.322512172,12.8793595,14.15453193,16.74683453,15.06397186,15.15888196,9.96866039,7.262204192,17.87954636,10.63071624,10.40733437,7.852488714,14.95342667,19.52960005,19.52649727,16.49318178,8.757949626,10.02131205,19.16523715,17.29847129,20.75577039,22.6806222,14.78832655,22.12692617,19.21745548,14.46160965,17.67594381,9.557020602,9.210267352,14.05104575,13.19305172,12.43436765,18.54220094,23.73691811,14.3415237,11.75232268,10.7368751,15.85520003,10.03304285,19.16646389,11.79355386,8.818386942,7.443694869,7.795950863,21.21781299,18.99639937,7.528684126,7.634726043,6.273696873
2021,11.64042532,8.991596886,15.97694983,9.855849977,16.21036627,16.14622578,28.37810872,14.18653966,19.92170715,13.74254567,16.4451886,19.78873964,9.940071769,7.456800674,14.66800647,20.62375146,14.27429873,19.45762893,13.96017834,12.86492376,6.739319861,19.53409033,13.74984934,14.86915827,10.81787472,14.55874913,27.43225894,20.73635784,12.36881018,18.78322411,14.75213447,25.70180686,9.830625521,20.74450175,28.13956816,9.692783127,14.09625396,6.362871511,7.117132344,17.06070254,21.33551403,21.05708031,15.0684358,22.80691833,11.33369036,16.75210183,9.182012588,10.80132899,29.20755124,11.39866126,12.95551981,17.03806899,9.631691246,12.02430734,15.5025475,17.19293177,28.68461835,9.835872099,22.17738238,6.555572688,6.891483907,18.29084454,26.41481603,19.58478734,15.29128742,9.340325911,18.34088596,17.83652416,11.80285109,24.37877627,10.60050155,24.54658721,27.72985595,23.28178516,17.58946852,17.01710311,13.20426004,11.72439939,16.44362186,15.82315394,27.46258973,18.8051689,12.2226835,15.17723425,20.03858592,13.85671795,12.90221294,10.61109961,15.78344404,13.53020503,12.29486971,16.40825841,19.47706013,18.3506831,6.965636767,7.756834235,9.488157183
2022,17.81155049,12.41133154,11.54673235,14.37611689,20.341973,15.98973001,13.20006492,18.76062791,13.57445153,11.45330503,14.03559084,20.76351872,10.9810802,13.15941227,11.65212262,18.88585426,24.57023189,7.329546109,10.92600006,25.5031566,12.47382226,13.89834311,21.16163038,24.93689498,14.51157675,18.68799191,7.616964198,13.37559183,21.3533187,18.63118086,15.45094971,13.87984431,8.467429666,16.37510465,29.60120725,15.47954362,29.44626349,13.77621082,20.07404273,9.996523418,28.17390611,11.14689255,12.8129835,12.37765002,15.72149179,23.33867363,11.48883586,14.94451398,22.74230416,14.70507965,28.76861105,18.49769774,17.35901296,9.778238301,11.43874177,8.591531683,18.04833382,19.97225173,11.11521332,15.74353047,6.070979564,16.37122584,12.39236261,17.09664153,22.38773901,9.942687689,12.87503724,26.89461999,7.428138268,18.2682956,21.05306317,17.91055418,14.08166281,21.84525539,11.60879082,13.35365445,17.74643881,12.84823121,18.1622107,18.1610353,13.31640764,18.02987853,12.69477997,26.68012064,13.04244651,12.77150132,16.52648323,19.91054721,13.20866299,15.02091632,13.93767995,13.80655706,31.19621651,16.78826301,22.08486649,10.72952983,13.17109379
2023,9.261454949,17.30035466,18.06498583,9.86664355,9.670774949,14.06586569,21.21269082,16.37756317,17.35528298,11.05188002,24.03711308,8.869494288,19.07714071,14.57966977,15.57405975,17.08403974,11.9879011,12.00148461,9.79807446,19.21217952,12.72041296,14.40805751,17.81314742,11.13953474,8.783181898,12.50184369,5.864760397,13.44238502,10.15083542,17.17690953,14.47487092,18.72172879,7.145837812,8.582150202,13.51262323,19.97407261,18.89741667,18.40651791,15.53932231,13.02714389,23.37641042,15.42031716,12.41117274,13.36297799,15.17599121,26.5619756,10.57424053,14.43329149,23.39516723,13.12156282,15.10115544,18.81196913,20.24647985,9.665814982,8.356007147,12.39058378,12.74173186,19.17019892,15.66418584,19.14173607,17.76633773,18.8127266,14.04300793,24.5866314,25.68588498,13.78532124,12.56029763,16.80049095,7.317140132,15.86011668,15.47478625,23.34419958,16.13495627,10.19119498,22.31582715,17.18811037,16.69866639,17.45881805,12.67623126,11.69457931,19.16689694,15.00790768,14.21935057,18.09970383,16.30602889,14.11975414,13.70336212,7.998654803,12.92806227,19.31848798,15.37699216,17.24608818,15.81568598,17.80427637,19.77635443,9.764250902,11.09463118
2024,11.13924762,16.23169859,15.05701472,19.45013881,16.89728335,18.79743874,10.38489336,16.75758772,11.36333028,16.05701693,13.05596904,19.37790365,15.17966888,8.972055749,12.03146529,24.0857901,23.47588844,16.69201388,13.13414936,17.48670934,12.48497322,19.93683275,17.64390859,12.3151819,18.43191245,8.163484403,5.650609527,19.78050301,9.448466598,13.74202982,12.6500323,23.4068419,6.843543868,18.88752621,18.63625708,9.455620562,13.85120045,10.20871916,9.863718367,23.4137467,9.537474407,22.20826737,8.806366017,30.84848023,12.40218871,25.6587814,24.40239582,11.42956881,31.42411676,26.74180574,15.82417738,17.38092143,14.84571608,10.79062112,10.6057971,14.40585935,12.87782039,11.79264097,15.979872,17.6166963,13.25890951,24.08856708,15.00239897,19.26889184,13.11142241,18.58768544,13.58529525,8.168901084,8.298950063,7.418374195,19.93305457,22.05872297,15.67343548,17.7237695,14.62330873,12.17998739,26.45895931,14.67994439,12.77231268,10.12301518,13.73210001,11.77913268,22.26468716,15.09664826,33.3475829,13.91722024,9.941161944,8.349670512,8.857682737,10.73332764,24.71211848,8.757579035,19.52665615,19.37614207,13.43825568,15.30293972,7.204481217
2025,18.17848885,7.565823412,12.38210281,11.78593511,15.97527667,13.95609471,8.947065759,8.818763702,16.73711157,12.63824255,11.94196556,20.82961966,29.80051611,10.11016544,15.58099047,14.0029418,12.76215174,8.422424866,22.97463838,18.82103804,11.83307076,19.84539114,14.95875973,19.20126918,11.65020787,20.28180776,13.33315075,23.71400739,20.41740196,14.89931845,14.31346943,19.21085379,6.570856304,12.28579894,20.82538641,16.34026504,7.27572841,12.20575142,16.74949061,11.50068781,9.736020912,23.99101743,14.78551936,21.59592121,9.936377931,23.53850943,16.85075863,9.840803762,32.90643449,14.46528206,14.29711315,19.89621205,15.67894183,7.525013514,22.96951351,10.9517187,9.831636298,19.85875583,15.8850524,32.27913183,21.57887863,23.79942811,14.20057819,12.60833453,18.03058556,22.98657691,9.947536681,7.447936205,10.08785843,11.96546362,9.989350612,16.7728314,25.83743276,14.81428528,19.87912556,17.05013806,17.10836705,10.13829364,19.74497591,4.834211702,16.87464331,15.87566317,25.12715984,11.01252353,35.08254783,20.02830639,18.9387892,9.797484674,9.833371061,15.04823647,17.30598754,11.51703949,13.50859847,22.21497663,10.20219162,11.5780826,8.889806003
2026,10.38940328,21.21389131,6.344367868,11.11845376,12.18974866,14.34365639,15.3337107,35.27068197,15.71719095,15.02787725,19.85508089,8.113305759,28.31573925,7.930833104,18.40432217,7.473961111,10.64866272,23.14253232,13.10809059,11.02428026,13.7561564,17.64796401,17.89543672,13.25957671,5.18631116,20.15375006,15.24711465,16.97511297,12.62708674,14.34454812,18.68065999,20.99213609,15.77257087,6.880974129,23.97906244,10.91653674,6.13132566,34.89752961,11.86045978,10.67174801,8.157873699,17.18242959,23.11165361,22.17269082,16.89151083,24.15758563,21.51551391,11.12569293,11.08705829,15.65991687,12.54325018,17.76001817,22.88616712,10.28165887,13.72908014,11.59399718,12.13808694,15.99964017,16.62201019,22.58845361,26.4230261,25.36981474,21.52762911,19.84818117,11.40419915,16.54544759,10.04143708,15.91816312,16.7386659,12.41180388,11.72833597,18.89675127,27.33082754,8.598549719,17.16930121,19.4926708,13.90705252,17.60066602,18.11951,14.99126781,10.71323367,8.155720205,24.46611876,11.61980378,20.3286907,12.60686737,16.62263556,13.24768342,6.998573593,10.12605225,20.40204942,20.15129536,24.57853997,16.51884994,11.14426348,8.491640013,15.42502405
2027,15.95061072,16.03990221,18.19108485,14.00661084,13.85267369,15.438161,11.16472114,16.31052139,20.00870283,19.42654846,19.88843314,10.48900094,17.85796385,18.22539856,9.796764555,13.46744602,9.231941018,28.27814067,10.27567333,11.20477398,16.49678513,23.3871195,24.41917944,19.57851328,7.745463709,17.62443489,17.0165381,15.11040827,16.81843135,18.58479338,13.20106742,18.39439589,21.60642571,14.57327599,12.44809111,10.89149714,10.55941079,26.44859841,13.16466865,11.15271856,9.188107617,26.27573639,23.15470348,15.29902526,13.12908371,23.13806854,13.14537039,18.68491726,13.82069689,12.46756102,17.60713501,24.69692969,11.25063616,11.90076803,11.4428619,8.020943365,11.90913132,15.6128325,10.76982557,27.37685585,21.44736407,14.73960686,11.5424566,21.60259938,13.64470875,11.52519461,15.72637037,17.56099932,15.69311082,18.69928792,20.81594154,17.81186811,23.43120492,7.559704205,17.76249753,17.87524895,14.00071398,19.10027201,15.74718131,18.391399,10.88341234,15.16325111,23.7458115,19.41109041,20.14937855,22.96563425,14.38884048,12.55887749,14.10240897,10.04128013,8.538522625,24.27864512,15.67940723,14.73243481,7.572058552,11.9578463,14.47238269
2028,17.38631266,22.36947039,16.32453191,9.538970658,21.91734841,14.47166547,26.88966234,17.3163982,15.77668056,7.936964311,19.7915707,5.895538631,10.31197327,6.951081779,12.62468824,23.14209792,10.18256116,15.1418574,13.32727029,18.72757071,12.03199535,19.15539098,15.13681603,10.05779851,9.90439922,8.976057203,12.46533352,10.74400385,17.55364481,9.382483438,8.352425613,12.52441466,13.51069176,15.37198604,11.96532058,18.41427852,12.7872794,8.444348291,19.78751691,15.34400122,19.61833035,19.8880194,13.11526495,15.73072786,19.96317985,15.3177787,9.271829693,11.31864377,19.75010965,6.33654843,6.71023801,16.59332559,9.841562003,7.519495736,11.37837967,11.3101652,7.457994645,15.03745194,9.433483914,20.19688574,13.80487474,13.19745314,11.36271977,18.92951421,12.51667355,20.91766782,14.8051416,22.53754953,12.76741188,20.6761627,17.60106409,20.68602173,14.26115431,11.21536415,40.82975292,18.40826874,13.4300828,22.12621626,13.30005648,12.54750752,12.52897021,24.43076106,12.27472151,18.47958409,21.82163312,12.35112805,22.17537923,14.788755,21.21535265,16.64436296,9.461804926,43.34323609,13.41750805,25.63522937,9.37309446,11.19851042,8.094013983
2029,11.91200412,13.75450514,13.45249749,12.57439263,17.50038877,15.53077787,33.39790707,33.85060368,8.352945342,15.27625825,8.645252807,13.98871349,23.20615295,11.30393619,21.33686444,16.37444977,12.54053861,13.60723053,18.23032072,13.20248908,15.10321033,16.6746042,20.95694241,8.854273527,10.96781115,11.06892194,11.58390058,8.950333488,21.46054756,9.187226896,16.96848676,9.611382684,9.979725679,10.73585147,12.78468323,28.08838852,16.94545216,16.35074235,17.40503629,38.27195373,17.57654781,11.97593002,20.05370452,8.55202203,7.316531762,15.21098481,14.35243144,13.97878181,15.0297078,18.12416945,12.678614,20.63396184,7.623902817,10.24136097,12.28707689,7.753550717,15.54914582,16.65340112,12.82540138,10.91240097,9.184971808,10.07308173,21.51901325,29.62990877,12.86264376,15.79870441,26.65947588,21.74069903,6.397015398,12.24496594,21.24300932,21.13200474,12.50744767,12.50841523,24.99146281,10.86570042,15.94468274,14.76442491,17.67228137,8.324035339,13.47484457,14.43605883,9.27007206,11.49163301,23.45628908,13.54120134,14.40453876,10.9725292,19.9364571,9.987664225,15.76519841,12.56089513,15.87018377,13.97536544,6.336837223,12.06922824,12.04046297
2030,16.29012988,14.13246315,10.63791874,15.21068801,10.83062638,9.462298949,20.4760942,18.45681517,20.47418537,21.96950335,8.692462314,16.06587207,18.66254951,9.684744298,23.97171289,11.2938626,19.99359465,14.48966565,10.98229404,16.48143905,16.19842748,21.23448135,12.19627107,4.564701263,9.263648271,10.52675123,9.177774605,22.85227261,17.25842995,15.13957571,14.99601862,12.43420897,11.76059699,22.38966345,24.53817114,21.11856966,12.2855299,21.55057866,13.17956477,29.9351466,21.05514633,11.46547634,15.63850245,12.58006887,10.31749575,9.427025336,29.32617866,16.29200834,20.71092365,20.4212234,16.12883268,13.96293905,13.85986614,13.05125409,13.8074471,12.88337143,23.81923039,8.475297203,22.91342261,12.22773765,7.947112701,9.282680331,25.24783498,13.02299107,17.05091189,13.12585119,20.64460389,11.78820367,17.66252174,9.295949712,8.245690433,17.35106329,22.00084532,15.59146729,21.32994718,10.76476334,19.15674522,12.38852152,13.08617399,20.82259252,8.800472727,6.418035253,20.6498037,19.04824786,22.17235825,11.1353401,15.14188495,18.81738385,16.75339884,12.76767957,13.37510551,9.66425645,19.64276305,16.55267395,11.894227,12.51045616,14.55720954
2031,11.76898483,14.57123098,13.78786019,16.82836106,7.900034777,8.532751696,7.60617479,11.57402422,15.40301544,11.3700647,13.27387589,14.26307294,6.790583127,14.03797571,18.24223275,11.01590041,16.6684685,11.61065179,10.59937981,10.78606669,13.1745405,23.82222803,22.44975241,10.9440099,6.37515122,12.82975242,13.7048227,15.66051562,15.424678,15.25272,9.306567134,20.48939238,13.4622246,8.398897369,23.23044774,22.94130728,10.99253827,19.4960186,11.86227304,11.76271462,16.7948185,15.36805815,19.40676504,16.67634405,18.21714835,9.024896489,21.97771351,33.62408579,15.52619693,26.71907792,31.34208264,15.26671214,15.11017817,7.968063273,11.76612395,23.23406495,13.03310977,12.87906734,8.494379921,22.30962018,10.53227518,17.12731878,18.85320482,7.248733388,13.44151876,13.11727815,13.87876209,13.42417519,13.86307438,8.238899048,7.328629745,17.13399626,20.75483589,23.05392129,29.357931,36.64481512,17.5718426,15.93867132,22.37797063,21.09483197,13.20562141,7.09208039,22.63156266,10.64259427,14.2468828,22.70264882,29.172305,16.39170863,20.26085169,22.39059995,13.31169568,11.37842358,20.35446948,30.93077875,21.21288702,10.74440335,16.08739801
2032,18.58411341,13.34759839,20.27369058,7.951641878,16.02458428,8.522325957,10.13180945,17.52410071,22.55120797,11.73596979,17.72092588,14.60118958,19.60135821,18.83920233,7.680958512,25.5247581,6.006986281,15.37840453,9.921349329,16.92668221,6.38859957,18.87575153,33.82812549,15.15146664,5.382848469,10.92019938,10.24991691,12.5806374,15.39065115,14.8074167,15.08265953,28.90056992,32.58472245,7.479412304,22.51686895,12.24349743,14.65936399,18.55230492,13.05420936,10.80772403,17.92896944,18.26011857,8.329144721,17.48058026,33.24384048,11.77704329,12.60514294,16.43280159,25.01195988,18.56798662,10.78247191,32.11161273,11.55485159,14.88987521,10.45839731,17.16286828,9.885682413,15.68377555,9.19043518,9.202190995,15.53646256,16.82552344,15.77514623,9.251345931,21.87499908,15.44957986,11.85911082,15.19895258,25.95446529,10.17830362,15.22917382,19.74406003,25.66700626,16.2138622,21.20332969,15.99715862,13.56654843,10.36034888,13.08766181,10.25026647,22.2925924,12.24883404,13.90336479,12.06579763,13.67431704,14.09211495,19.65648373,21.84903751,19.61214974,8.801980721,11.26526535,17.40261164,18.65208075,14.54956776,15.23250097,14.09348902,19.60808479
2033,10.71234597,9.503743874,14.123203,12.41687353,12.54978006,14.44829948,28.34117254,18.70187617,13.553292,14.06764457,10.87584887,9.513139319,21.28001766,11.8865421,20.0028436,17.33088436,9.804956985,7.396478162,24.67304751,16.56927679,8.288727451,15.69765991,18.46685105,12.50556472,9.477373646,7.773701316,16.47329157,17.14593721,13.97901406,14.19287861,11.61479587,18.82999551,13.28943447,17.4079201,17.50225414,22.71347494,13.23134075,25.25401035,24.48947165,6.237138902,15.70830458,10.47769464,7.020742691,9.634338288,28.7711593,15.44602578,13.31596489,16.66515265,16.80910871,26.3862557,11.75092338,18.37132116,10.30619425,10.29385204,20.73733341,13.74292403,12.23179767,16.61747587,12.79510437,6.745985117,11.992371,15.97644085,9.306789302,9.752936965,12.07752502,11.58693923,16.09381898,12.55167362,17.668987,22.49061263,26.92106584,20.48095565,15.79797919,14.44318118,16.77376122,11.10839282,14.72504898,17.28176652,19.68125018,6.294242975,18.47532603,24.98558892,15.92677053,14.64674757,13.42898864,19.08673537,7.498958658,9.718058102,12.53310641,12.987715,11.96717296,20.63689747,15.44921901,15.01251289,16.61692284,16.19827857,15.84560563
2034,15.67116403,7.110101117,16.50755161,21.64680121,12.95917819,9.955751603,22.04501048,12.20122005,9.030620767,13.95712685,10.87978903,11.4811254,28.65406988,7.916127174,14.105969,18.9839926,29.58067999,10.50294728,12.22134567,13.91287676,14.09036541,21.62858233,13.72892461,13.3100712,8.423208317,6.273201481,10.45414155,16.20637095,15.37405968,14.69090287,12.74056786,15.34248532,11.52793166,13.11678052,15.95692175,14.82127458,10.69825067,6.794895848,10.75244813,12.10821729,12.37142989,14.82755871,11.06716915,14.95500932,19.86173921,10.19221446,16.8335107,14.00655834,12.81416801,14.65689059,17.59835185,13.5541915,18.2558017,10.96483942,9.816449336,8.425611015,19.28858614,12.49357829,11.45384527,10.3151178,12.92665158,25.88779488,19.93107374,24.90464501,15.34907046,9.018000357,10.57761189,9.307961355,9.365140463,13.02599207,23.58486246,24.29184375,18.79126489,19.41159519,21.50706978,16.03626627,12.33171782,9.2172912,20.15960747,25.30239782,9.132294724,26.34039406,10.97671115,20.38306348,14.21988222,13.88065684,11.5510411,8.31584882,14.12939496,12.06895347,10.02226086,14.47385899,15.4656524,9.803337164,21.65519155,17.56657716,9.352090512
2035,17.07718441,13.46838841,19.07705272,10.23661936,21.88517988,15.18515998,17.26914426,18.22208499,16.2373608,17.64559855,5.433163696,18.45996377,8.679276357,14.03083533,18.55277601,16.09305723,17.60101734,15.36624361,9.117062241,10.41948998,11.15629484,20.509018,18.38357334,8.832576912,12.42392799,12.91237771,5.374692159,19.14442863,18.99064165,6.638636608,13.1883668,12.39615404,12.81369882,16.82954628,17.7619081,8.023655425,14.8338842,11.9106265,12.90525658,16.40759068,14.40023649,14.29127643,18.70802176,12.70771559,23.96790165,9.574262023,9.996258069,8.481053911,23.00578623,19.91161206,15.38609272,21.99000226,12.10798203,13.00436571,13.76335258,7.731049983,21.98498959,10.16825066,15.93280086,18.81430951,19.80138785,10.78812893,16.47980898,16.51516197,9.559573388,9.964343405,19.09027317,15.46935582,7.134335782,6.881702638,13.26641837,16.47563512,12.68069222,18.63665298,30.97857132,11.34985224,8.811618129,10.65056309,12.74681849,16.44258105,11.13426968,21.00763406,7.574966559,12.34863973,11.09775779,17.53900411,17.00367775,24.63699927,14.50657906,11.9305629,10.41220405,16.17548204,13.7455703,11.61019684,19.07606608,19.83021812,12.61768378
2036,7.44071514,12.08118936,6.362715471,22.95594678,20.96751257,22.24533961,13.46283033,10.72000427,9.602078499,23.28579068,14.26921978,12.7750296,23.1198334,17.04391448,13.61164863,10.40501488,16.41159265,13.18714897,25.82802272,11.08848716,10.98652499,27.13033492,18.6748244,9.691204205,19.4071604,15.70407779,17.39729042,44.63704003,25.01357137,19.72009597,11.22570052,11.70489025,8.226396595,15.69892927,16.80824779,17.74320167,8.558166129,26.8804075,17.96717847,11.84071634,19.19103644,15.12455915,18.50674752,23.96793289,11.54169784,13.07127677,13.66721157,13.48901784,12.33177352,14.22087937,25.52593329,26.02662653,14.08110232,5.939794155,12.26785928,9.980149845,12.71460506,6.992090598,30.22678933,16.02845046,19.14888585,7.697246598,19.14360847,12.66838719,17.69894043,16.28746257,14.37476263,27.47139552,15.90284301,9.993412939,15.34427639,23.69779622,13.07953517,14.75571892,19.36991076,13.06237823,11.88852936,11.53302111,7.44429366,18.81467675,7.253092245,12.81607648,17.88888113,11.05233366,18.11666027,11.47539777,14.94738244,15.16504996,23.58859317,24.96883531,10.1966447,18.16810746,11.80494555,9.964133435,8.794160331,16.06487784,9.66357842
2037,9.736528939,16.10853037,16.19669532,6.819732635,23.05951174,15.69511416,12.31560446,26.82588409,13.05646992,12.27695109,17.21306559,8.867352674,9.081217904,27.22959691,11.10786184,22.64298266,26.13601589,12.30381864,21.78235902,11.21572231,9.847451861,19.72495632,13.11904489,18.94316477,24.1304495,17.44845882,16.17618403,21.45099878,21.63037924,19.28728661,9.992635438,10.09541595,11.44001758,8.928598532,21.17128639,20.71685179,13.10984255,23.35555743,9.688132979,9.845133441,25.81053594,16.1902734,19.31538821,38.3268094,9.37762685,12.77431369,9.620319154,13.86051037,13.95335994,10.58792454,8.420330083,15.69365841,11.77116851,6.878741355,18.03871107,13.51483218,15.92697396,15.44111673,14.89276459,15.23834436,12.79008877,9.404610526,19.2640686,17.25371207,10.16791997,14.10752775,23.53404508,20.05013363,12.76375289,11.13498002,11.19692993,18.13870342,19.14770172,31.5731757,20.66527224,8.28477241,13.99725798,13.40456953,12.97147184,16.99894268,20.92943823,11.27972354,14.59924588,13.0977884,9.839836284,13.79137047,13.83709656,12.51863818,9.327781904,16.51774681,15.30119923,20.94674854,10.284595,11.16380993,10.07234658,16.31499281,16.41321531
2038,12.75790251,13.0588874,13.37180458,7.392246426,13.94633226,20.51122272,12.22082039,10.7781074,13.63739968,14.76905048,11.86407542,12.3059058,12.51342401,13.48438001,18.91842307,20.75044897,19.27311779,14.64215419,17.03759704,12.71936551,9.444499577,18.7292323,14.53743513,20.11652719,23.35167646,13.8986501,8.613412681,19.94257069,9.168438803,22.07700391,12.63665345,9.02485684,17.74023874,11.88835117,14.27471034,11.11399428,12.35170413,17.08564683,13.0826402,7.720404615,12.42394108,16.72621605,11.28137675,13.0131315,9.358849012,15.67664033,10.98027285,20.8532238,8.070999769,12.0842547,23.47808908,18.53580585,7.300602288,9.329626631,9.418669745,11.69184764,19.06875777,14.87282866,11.19084734,21.8370097,20.94895684,16.11291882,11.99893214,16.05963802,8.705524582,10.88159962,12.68122451,13.48967566,18.14691495,17.77474253,14.40156426,18.86514706,15.5594689,18.98605924,18.89253021,23.29335183,15.97303928,16.1945134,25.30352826,17.80536976,22.511433,14.2228779,12.14071373,8.65486554,13.55724331,25.09683608,10.05336099,15.22935971,8.540406764,16.48406174,11.59908286,14.13921999,9.69491641,11.48719323,10.47426617,9.967854288,13.77531745
2039,14.93797361,9.115707253,10.97635006,8.837933038,18.51989296,10.46885472,8.273335101,8.914927379,16.85789948,9.633379914,10.12996415,21.70260401,23.16680545,10.79566651,25.32174216,15.23704677,17.99467543,25.02409289,10.24646971,8.550682552,12.56071248,21.23243506,19.70798902,13.71588091,11.12560649,8.155498036,9.013629223,14.58870175,8.735511888,11.49342649,15.65931285,10.87610989,24.09999711,18.83488296,11.89539257,12.56001721,13.63270015,16.73829493,22.01816715,9.656121898,22.71669314,17.11621523,19.8691987,12.80238264,13.51147323,15.51838223,11.16351784,22.43407587,16.19497478,14.90925529,13.08517006,15.35332616,7.015830407,16.54010672,9.113873435,11.03039804,21.14348297,10.1816396,19.90634297,8.520777937,14.00676492,15.78709006,15.99982153,8.720478883,13.07078612,11.63346454,11.95047102,16.04409747,13.726851,16.27587618,18.0075956,11.38755642,16.70147266,18.04606473,22.43867246,17.42800495,12.55739542,17.21428122,10.67341968,27.94111382,11.79489491,13.90828687,13.43566733,6.890558559,11.41278964,21.99864385,16.8756653,11.96508014,15.60974118,7.158588774,10.70580103,14.84439921,6.31157274,24.0330432,6.314686314,13.61906957,13.45273279
2040,12.47247824,17.80625833,13.44089978,14.46027876,9.257331689,8.544960397,24.16558788,15.2596345,10.55811959,16.86637825,12.89356397,13.94517191,8.572467888,17.57544726,19.61433255,14.7398617,14.69551757,18.42066813,11.61304126,12.51342365,15.2243275,18.22698776,14.36493412,16.26784368,17.44636614,5.504615088,17.3145749,22.34005958,19.00228683,24.87418205,9.826934618,11.60568797,23.34384682,10.28860048,17.39930144,8.008403782,13.83392255,12.07977435,16.37305926,15.09681507,11.90070756,23.42953339,19.9067494,7.725982255,15.87237757,19.92291612,11.93267115,16.80953361,25.61608512,25.01160674,12.5551412,22.90823764,19.53886092,10.60328705,13.50039612,10.39128153,19.3336626,15.94535978,15.27527702,16.31294951,6.782846936,16.70212076,18.28781956,7.957067623,12.6184395,20.64372601,10.57609444,18.52176182,10.93664559,16.78479509,18.65867816,20.18618787,18.16355022,15.48081257,20.9625915,21.05237274,13.310847,17.67479445,10.90081212,10.78014561,17.89230712,19.17407286,11.35383929,8.607411253,10.81554115,14.13159608,10.40675875,13.0900578,13.12230936,21.44448649,19.71115168,8.086632932,16.66690183,25.55298141,13.87555025,8.863146089,16.85389638
2041,13.51376565,10.97495986,15.6444141,16.1903036,16.51113673,14.17751605,23.61645606,13.43682561,19.88506094,12.77864789,9.17377446,16.05437207,9.608190843,16.39589581,20.18506036,13.63829147,13.97126561,16.65180498,8.38345684,11.90140437,11.09296003,19.28367644,18.9490483,23.38003107,19.91266302,7.736870539,17.5926913,15.59670065,19.76067271,23.25896212,9.811031246,13.72845765,16.36633041,13.96318157,23.32715391,18.46672237,17.1388273,9.285628364,23.79029135,8.52451676,28.68311357,9.315713871,19.39584228,9.620030083,10.64237974,10.8006187,12.76859552,12.54825848,13.41937791,21.292671,19.24829431,12.38998094,8.025720674,9.985757593,8.857496648,8.91890394,17.06880159,19.53268703,9.204982195,17.21721892,16.11490661,19.14750417,15.17309994,13.20485234,6.985440536,23.33582737,15.46040408,22.87016225,7.07156279,11.92886124,14.00218253,22.63090614,14.24432701,29.21984178,37.63638079,27.51956132,23.92158631,20.21950264,18.14519351,15.26573653,8.743643246,12.64773384,16.03957279,21.13537884,25.6599603,10.81875172,13.55589663,18.59950905,13.68371207,8.049080906,24.31515304,26.36517166,8.836350565,12.11738517,24.48434061,6.819715061,16.92289271
2042,17.69798489,11.54097568,14.00214859,17.33636717,10.02828149,19.2842682,15.83348495,20.11991597,12.63847297,11.42578719,10.2222076,9.962895431,10.85895983,14.99108392,12.4796761,15.65872618,5.934174684,16.02579025,16.18593118,7.779034413,9.192439537,10.8170802,18.28227681,25.23912581,17.19439063,12.72158233,6.874340152,13.74067781,25.9595973,13.26399907,6.542722671,10.91903758,9.871698466,9.18428886,11.73330349,36.28631121,13.27735589,9.064153507,20.93338443,9.097849428,24.70933624,11.38149358,16.46832516,22.17354712,23.80795392,8.727765898,16.13574936,12.07053148,16.86857314,13.06879853,13.33829683,14.51133098,10.96976711,16.7449676,24.60716862,15.01096643,12.93170592,15.89667691,9.943296813,14.54476197,17.31299764,17.38734651,6.776068522,15.58511405,16.63738397,13.66378625,12.42825709,14.62775336,15.84655438,20.39988256,12.14397737,19.94029597,16.29357481,28.09106731,13.31269263,20.29099644,28.71244596,17.04882105,13.45226061,10.7755245,9.205295028,11.00464598,17.7359885,26.49922931,19.75642697,14.09974877,9.085678274,13.91886952,16.92958808,13.58109862,16.15312996,16.72248649,14.6618718,13.42611388,13.12421022,14.18036061,14.03722463
2043,13.8314091,14.69719109,9.671218195,14.0293054,13.54919107,18.94961363,38.7029686,11.94808885,5.897908939,9.335785388,15.26913582,10.65716936,14.92349974,11.65099799,22.19530899,23.93547348,8.271042545,22.58111064,24.50422558,22.00999339,11.9167749,12.23191248,23.67851175,16.61781834,16.17755268,15.18855503,9.872238922,14.27584713,28.01807338,13.47122176,23.77905892,10.67692058,12.90983738,20.72336501,19.06195063,27.06838387,12.70816949,17.07058986,12.57214149,8.330312588,11.763547,18.97654485,12.71100728,6.747555273,12.44285072,14.66166613,11.78525407,9.782823491,10.21174304,22.56085392,22.12288255,13.88235598,14.74683542,13.53913103,17.51475876,14.29663315,7.656577091,10.5238434,6.935689686,7.947717302,13.66186713,12.42175859,15.61092881,19.58103029,11.4829123,19.3726274,18.96655418,15.71172742,37.3664541,13.87513888,13.48239519,20.84461803,15.76100311,20.98787776,19.87841393,25.8537822,14.19388286,13.75816858,12.8607889,17.17895066,25.81773941,26.21131216,22.16424883,19.85023803,39.68533896,12.43723097,8.189397838,13.44002751,12.41961312,17.29566682,7.658560086,8.899388688,14.51618477,9.442307861,15.07693749,16.16756957,17.36671351
2044,16.10787741,5.079366724,8.251687299,13.60676245,9.084141957,12.22106701,15.36945898,7.599345997,9.807886889,7.590607874,9.387983504,8.687410235,18.68829626,9.402066506,19.88895378,13.07876079,20.46726432,26.14701414,13.89982294,11.83961623,13.36018701,16.21912703,17.02392797,12.13337657,14.02849728,11.5499379,11.58082598,14.21689686,10.16541138,24.96958762,25.64653386,13.13275714,9.942232542,14.02569594,9.028441944,23.71966026,13.48470811,28.84846217,12.01192955,8.261126777,11.08698869,16.38151119,7.496991134,22.73569872,5.461251035,31.80418128,13.76108364,14.91077282,18.4816891,13.11022199,16.49058609,11.15703671,13.91035736,6.716884304,9.565526182,7.370669455,10.60126435,9.705963134,20.57490807,16.6773698,11.46811246,14.80195349,20.51227047,14.85680106,11.42879512,16.6137242,20.18081459,12.3520036,18.4385523,16.52142778,6.73187998,18.19217453,24.99079363,14.11240899,17.1433805,25.71984202,22.90027795,14.23075579,15.88765097,24.69238913,17.43595954,10.05951848,16.17664618,38.94931823,19.21084977,20.34773704,14.48003752,30.33394411,21.0117023,14.0137295,8.84028,16.04245966,17.99429248,11.38591523,10.55479583,11.7919494,21.19265633
2045,17.62263505,7.816453031,23.36482161,8.871477025,14.48656895,20.6513278,5.939994446,14.25470223,13.6504895,21.25797816,13.80082124,9.96359758,14.20696562,12.53841217,12.97408625,14.99400393,9.914235689,17.84125922,21.6983829,24.66869419,9.929632364,15.72062436,10.35472935,17.7414891,14.61512739,9.205836655,10.15326557,21.65362907,21.93499377,9.508289931,13.35530148,8.894521488,13.19032899,11.15988871,21.48623774,14.08853008,12.53501306,14.68542893,10.19378991,19.25262135,11.46913732,31.85288584,13.48009906,13.13786961,7.948046539,26.22813205,18.51503282,17.45427693,21.69253051,17.52329939,11.6978162,17.29005033,14.91625222,9.177875524,12.83828961,15.76859804,13.91272015,17.06542929,15.91126423,10.03776325,12.78288551,10.15527416,15.82102647,9.506394605,5.730521355,23.03015205,15.26558021,16.85123472,7.396346777,14.34631827,9.602375821,11.5072901,21.00916717,15.1440716,13.65258819,8.100065137,18.49868513,22.0681296,11.40867957,15.66382558,12.60209849,8.046524093,17.61899623,32.50260377,21.84102647,11.13860436,12.35493642,20.91480139,9.635056959,16.68162272,7.378267656,9.130687121,22.07070847,17.5708796,10.22133471,16.1883719,11.80224839
2046,14.63781624,9.186859855,10.7176276,7.092877825,16.19550415,26.83556471,10.48912322,21.18433418,20.4709684,25.18998103,7.857767127,10.88432809,21.01476379,15.04514868,9.871899491,18.05952694,10.31251874,12.06112028,20.64642643,15.12488579,12.66818051,12.93059883,12.60412687,14.5186439,4.888926724,17.25460296,15.62897784,21.6161908,14.59082868,20.32169744,16.87270867,5.121220066,11.25427519,13.91245553,28.81170716,16.99864352,16.57315488,17.85051297,30.69991934,8.515214499,21.87654908,30.38684725,16.53962517,25.00573587,8.628886393,23.63653646,12.69858012,10.02084079,11.37832764,22.17370879,17.35172953,21.26382714,10.38557976,14.13721382,16.94155601,19.36778535,6.038036192,15.66952816,8.362728516,7.075980575,9.944460595,28.77558252,8.568067755,12.04222594,5.14783325,15.96861199,11.74910291,16.25577269,12.11655578,12.40346303,11.01449355,13.98406274,17.36468071,15.88267371,14.36357931,8.603640873,10.78435985,25.56291219,14.52781682,14.50514481,14.234549,17.30878443,14.63862803,7.54840794,21.10176357,13.81932288,7.70011799,12.51902713,12.21756738,6.429603749,6.143778625,7.945894909,9.681224846,19.66111694,15.21233478,16.02334112,9.909429104
2047,10.9333218,15.7739494,10.50065966,6.129931081,19.99538539,11.51782969,14.52682719,15.0387307,21.25203677,24.30256764,15.68701581,16.072913,9.841834572,11.84105421,6.478146645,18.02265844,12.71367396,11.1037032,34.12191824,10.79772105,12.51386715,16.33387759,15.15476315,8.713396423,3.595040807,10.76973757,21.96940984,22.2195486,11.17085589,13.16452322,9.625195815,5.254634975,12.05174676,20.71766761,17.28580917,13.10260312,14.9255522,18.30102984,20.24095025,17.23946277,34.57629542,15.46008748,24.22052085,23.016093,18.62456515,15.07581955,20.77497741,19.39639964,10.60628093,19.63807632,19.22279994,17.56025564,8.203489428,9.894211736,13.08320033,12.82331219,10.90461291,22.84617082,8.172543352,11.60281125,5.708393851,18.59003881,11.32740653,12.15349484,8.846669693,9.48439678,11.18728776,16.64190317,18.23876819,10.46660783,16.84767806,23.41261775,19.56178217,22.35191165,20.33610004,18.32321736,17.09402551,12.39340221,12.82440313,10.70769836,15.46481173,12.80303786,17.81182988,11.39730633,8.348720291,12.61752783,15.41762513,20.72547263,13.0785481,13.33630278,10.36965267,9.351942863,11.20087414,7.021857679,14.08771236,11.92799659,15.23477191
2048,12.95735645,17.5643496,16.45462715,12.38093308,29.524371,21.02848953,12.79102685,26.69620447,24.01257663,16.5406205,9.856866843,13.062278,15.21839952,10.06009444,9.246384674,18.78154141,13.22107567,17.4323382,11.2060319,11.60579583,13.46937993,16.41666182,21.72129991,6.553878585,9.226903993,15.95172978,16.02857389,18.56432295,12.47384249,10.3176378,17.62485665,8.63677321,13.17779046,10.72753365,10.86620555,12.79391653,12.15579306,13.32341115,11.36005761,19.88665246,18.31343524,16.14148504,29.21295499,17.51672035,11.94129739,21.17536657,11.95881868,27.3964867,9.102748185,19.04019225,21.33055079,14.15302439,9.091127504,8.405584225,17.95651396,12.76852909,13.84731233,17.1572836,15.00664979,10.35637444,16.90853266,13.79524427,10.76862906,8.326406142,7.903147795,10.28988803,18.19735424,10.7141422,29.4225432,15.28094582,14.61588962,19.6806817,19.29600369,14.88512888,25.17090218,17.45848544,12.9384437,15.59869408,18.31979145,6.674238188,9.112155987,19.29329314,13.79521442,15.70738378,6.510704271,25.23987299,13.47324587,38.25862034,22.10842457,14.28663176,14.16845897,10.62557915,15.13874634,11.69419041,14.11478323,14.62471658,7.676291484
2049,9.221990936,10.91333909,9.929949957,10.71867886,14.09566604,10.06729341,32.97945898,14.12285714,21.82762592,19.6804061,17.20428522,10.85400536,15.93861693,13.70054565,21.00716384,12.20956923,14.65607812,17.17076388,11.19831245,9.149597018,12.75289833,20.96905353,18.08322593,10.39544751,14.88941425,14.487489,10.71657433,22.99252935,17.79503627,19.92303695,12.14545073,14.79695665,13.23857576,10.48847018,6.41015875,24.04632169,24.11113333,7.2376848,10.22501068,8.694497395,16.20096883,23.15822412,13.68589583,16.4534667,16.71641226,17.41130614,13.41166284,21.34801555,15.41179813,20.84289892,16.13344848,18.51168442,10.82268597,16.78066318,17.1798984,9.533190803,14.91451517,18.71581702,11.42642333,19.31184323,7.689441679,22.3255032,9.97259766,11.99913338,6.429765322,11.64680412,17.9131727,11.03607306,10.12381745,15.56578586,13.53109496,19.01802619,37.16551638,10.39017945,20.25779714,22.3480709,17.91414208,15.97080232,13.26764622,13.37431745,11.07021596,16.51230664,24.38458205,17.37692077,8.451600932,17.51908558,7.632618724,24.27017653,5.801285693,16.35624296,11.11180606,13.29471322,11.17322448,19.74342252,23.8564636,15.57177233,11.69440098
2050,14.48487636,13.38624478,12.76062625,10.79917757,13.05553946,10.90250281,30.52455691,13.04107547,16.78841203,17.1038858,7.594246969,31.32526421,14.82964463,17.00089382,11.39323855,10.33425076,12.09502625,20.44644934,13.14128654,20.13807945,10.30088854,14.56306512,25.31444485,5.756958129,7.483965977,21.74311716,6.356108073,10.46778377,44.7887333,18.14529765,21.31190842,15.763663,6.702155802,8.118880284,18.44719533,14.54073788,15.83697066,10.00004803,15.66590719,11.460634,16.63279577,29.70914104,13.55282509,12.22472573,12.65064258,13.55515628,19.54319201,21.55873091,21.48508998,13.97127193,13.48172924,13.89826907,20.83907718,11.80215084,20.27456225,11.23864689,10.93473189,19.26391317,8.11702794,26.90124833,5.711715332,33.39420353,15.75618587,8.57864761,10.2439397,16.23372036,18.71737498,10.96322941,7.649302274,13.777713,9.333381798,14.78824189,13.11417945,23.83943933,22.42758428,20.45312422,17.99597556,17.66583144,12.6808246,12.44960856,10.27122704,18.97050718,12.41795734,13.50427258,10.95676614,11.36985291,14.26404718,17.00502704,6.400389421,11.94171838,9.782001144,17.73502201,12.3849499,19.66718434,17.59897087,22.06678903,11.32287971
2051,14.32988791,11.25101802,11.82824116,6.159738526,11.70149968,18.37934656,11.11158522,14.94692836,12.38786886,8.136559597,30.73623144,18.7763499,8.251119412,11.87232377,9.513000694,13.02953222,12.87848031,12.65270279,11.82306341,12.59548967,11.965491,19.7094216,36.29003833,9.846396278,13.47538772,15.69384649,7.694673699,12.18605187,26.8153969,19.02799117,15.06894264,10.44548245,15.42552383,18.51410924,20.37520255,10.41580479,6.661510988,16.58275601,18.76100563,9.94724765,22.16089853,30.08486089,6.267576932,20.9140776,14.10832376,23.36001548,14.0483306,16.24643312,19.6314886,15.73097068,16.47004292,8.927249197,14.16755098,6.964642988,9.616292192,9.019371154,20.66417387,17.58033193,6.315558446,14.35383717,7.319809329,10.44125895,10.86183314,8.101316985,14.50479104,17.23931403,22.50233191,14.86237488,10.99805542,7.312340826,11.34834954,17.64974007,21.36005764,25.08121652,16.58373648,21.18000117,22.06896764,21.37693817,18.90810256,10.41754138,15.93140602,20.12156317,14.05652842,21.86525096,17.45621522,9.613200536,23.77456467,10.08097726,14.85663418,13.22263519,12.71754871,23.69862169,15.2927545,11.30729954,18.11017997,17.26956377,15.1316542
2052,12.36354819,18.61590934,8.069816331,8.187419623,7.646248284,9.210560727,7.480749124,11.85266983,16.16232081,11.4509639,12.97852659,17.93372487,12.411934,8.37090843,11.47335751,33.16064757,11.73939431,9.245044602,8.158202559,13.03525289,16.44784409,11.02329981,12.26254157,12.08943882,11.72004167,19.2338347,18.47996104,11.20085381,17.61665482,14.62382434,15.24131193,8.293310856,15.81904235,21.56133822,39.35717552,11.16153717,20.62608468,11.35764758,15.44615141,16.82858465,16.09592614,15.30262356,10.61005186,12.67570425,12.81384534,19.84609111,16.82773303,13.93392847,22.10847753,24.50855597,21.31862384,9.789509752,11.92483589,15.50071208,19.26897429,10.33990108,15.58896363,19.97321877,13.13750461,12.75931823,17.18890187,24.33212023,15.31164133,7.212934592,11.19430143,13.25830915,18.11488657,13.08377659,12.28265589,9.366864298,15.26578292,23.77368938,17.67498413,17.61369388,21.16609692,30.82515287,21.0069381,14.86981795,15.53261219,7.095168952,17.52573122,13.64504761,12.05227355,11.383015,21.27364786,23.38924602,22.65892925,20.8339917,18.10616969,9.537322294,16.97365799,12.01508666,11.37110091,34.47468662,14.56202705,11.48123268,10.60418876
2053,9.211224555,7.520091947,15.45316378,27.48481416,9.23276642,8.228277818,21.81272418,10.6850258,12.1608428,14.45917002,12.65658494,11.94692866,12.49729402,8.958109031,7.844429574,10.40113936,7.442264707,13.14523974,8.286662618,11.89943617,15.4056957,12.46904438,12.51160502,9.67529524,8.252429514,14.49599706,26.60935287,20.03689035,18.28494776,13.78245047,18.78547236,11.22293776,8.194725481,18.47031013,25.28015429,18.33628602,38.56262118,21.68886387,13.69112009,12.68526833,11.65640315,15.54198065,15.54245506,10.29664915,16.40541995,14.60365688,19.48226618,17.06716588,22.55004748,13.96808612,28.14732952,10.69281905,11.93082137,18.79054627,11.73044598,18.27160044,14.61917113,22.85444418,12.83774934,13.96935713,20.84688438,15.36104701,18.69561176,19.369934,3.88761003,11.80577435,13.66291571,11.40131217,11.21487767,15.70388432,17.45273752,33.65294579,13.46262357,17.99723968,17.12935321,18.3960043,19.11478844,13.07975151,13.87979841,15.4997229,15.97848696,21.06289811,20.11696816,18.63137605,15.10386547,15.25204733,10.836662,12.62940254,12.68550819,7.347088939,15.27578674,13.84297505,11.94433283,12.90390797,10.36099924,13.21899767,11.98780705
2054,9.794982625,10.16929095,10.41669743,23.17504988,11.58711338,12.43090217,16.88352615,9.285909005,9.934356317,16.08136209,15.33454086,12.21077816,8.136632846,10.99183511,7.01777157,8.553623544,12.59112313,17.72680879,14.27059845,7.712682704,11.99178428,17.87449904,18.65630729,19.47125403,12.8930933,13.14110265,12.76590783,17.82645721,6.494069157,15.76092845,9.462697131,9.980722889,13.68657195,12.82825995,11.19410771,17.80898001,18.35905388,13.91313582,13.73620982,12.22620702,9.680449468,10.63039507,23.36550042,5.917517494,7.45182236,17.21587494,23.70763438,19.23575185,11.85875583,17.01350535,24.97741436,16.18897511,12.49926206,21.92746259,9.469751088,14.48284128,12.80168271,13.38125869,11.32547157,32.28691168,18.3420339,13.48308192,18.02837306,26.52221088,8.141101349,12.15078593,7.908040284,22.86005355,24.66983411,11.90706595,14.93102452,24.3475299,13.13511529,17.99969084,26.17452141,13.0868255,19.83967888,14.9868143,12.1514165,13.48879857,16.4219908,33.82096481,17.3604691,21.58627271,16.4668124,15.47907423,15.33692465,18.91573581,6.470550228,10.81642132,6.131403471,15.82946261,10.56219802,12.45770874,8.582427134,5.867386314,10.93494383
2055,14.56833699,14.94393118,10.07458925,10.85631425,22.71934106,9.207918704,17.6924587,12.99115559,17.86909329,15.70258419,9.551254076,20.52681671,18.82869979,23.28395381,11.23278177,8.579272106,23.16160399,21.4290886,18.14231163,9.859920615,8.326403425,15.06917925,12.65880101,18.43881503,13.01757638,8.419478519,16.71875252,21.16208729,7.914736304,21.98805398,8.658117699,9.706415385,11.55271369,12.76009741,24.7715736,15.02997269,13.46390313,13.60896538,9.034712013,14.87598252,14.24260782,8.004245772,18.32014675,13.55282505,10.28631277,12.11735341,18.63876272,10.28194739,14.39029115,15.29728385,13.86649799,26.69075203,16.01710762,7.653917276,11.8293383,14.99887914,17.04199565,13.79037892,9.685806149,8.730093977,12.30865547,15.17980977,9.009968985,29.59266833,11.6256097,12.67463687,10.98974463,17.975414,14.31466986,15.39955113,14.45608354,24.66783898,8.535396555,27.92801022,20.15646704,14.44089693,22.18576054,14.56723182,20.88420065,13.30628904,15.6146226,13.5534766,12.74832056,19.09934882,6.362605706,12.93127162,13.49141655,20.27484803,8.957335775,16.15345839,7.848880324,11.94292278,11.70837697,21.03421706,7.78870679,10.24793127,11.17890391
2056,19.76093163,7.609733613,7.362405719,9.164360707,20.30963835,9.184373355,19.07484206,18.76124202,17.001797,13.6577492,19.83931853,14.40420611,14.94183314,27.31334174,13.47342847,11.12734631,15.73633023,15.11216473,12.09694122,11.36920766,10.74469337,21.90840355,15.08810491,9.007125501,7.430591405,10.59179393,20.59616247,18.67863957,12.09368293,14.77854813,9.538874975,9.004641263,12.8269753,12.2219545,26.25051283,14.07720641,11.17340638,11.79309225,11.39579177,18.455967,11.12865364,22.63316575,22.04596832,19.3692452,12.13948026,5.395218268,22.41931799,15.49800454,17.56705109,24.50893878,14.89607361,14.99123976,12.35104929,9.08175846,8.651029924,6.942175478,9.076336007,9.84602874,9.274730479,24.48409444,12.12769993,17.90671952,5.195111207,12.9958794,18.80633377,16.22603675,13.58773509,12.94009732,9.381349706,14.34969648,10.15302889,17.14506194,5.992795795,26.82486061,21.14279139,17.6019693,20.85969049,14.47168231,15.22050401,10.90301794,21.70154674,17.01951513,14.3633903,20.82837211,8.952540893,21.18444405,11.9753618,38.47420471,20.58230477,13.72955988,14.4356182,11.40370514,12.15591945,10.55422869,8.139770202,13.02946631,11.93987012
2057,14.75133802,13.53929812,11.50118985,14.98505865,24.92318525,12.97462536,17.43963614,11.27263956,12.7412735,12.84327025,6.040289673,10.37467365,20.33750525,13.86431833,21.71155738,11.75091544,10.72116077,13.19120023,21.61888237,7.525054631,14.21594501,10.57847488,12.50129776,6.82004874,10.24951801,5.702374889,14.87602457,18.68948846,24.16966776,17.99825353,8.989675617,12.13920024,11.21017349,30.62728322,20.91758993,21.64339119,7.039384562,20.73401802,19.46275646,18.45718203,15.23906091,13.33670676,17.59831426,22.20313057,14.67656265,13.21057801,24.90756048,13.76458598,19.9997739,27.68691588,22.43746118,15.986671,12.95885363,16.82345564,26.26107697,12.35401876,16.69853825,18.54233355,15.70634737,22.46483869,15.04359037,13.93537486,6.322817316,10.23608973,7.730892972,13.2951259,14.80206994,10.64761186,13.56659899,10.37264402,15.40821509,22.50802136,15.36970298,16.72868442,17.3119686,20.85111961,15.00942865,23.94995355,9.795577329,13.51233826,8.939242512,9.011245785,21.10504885,17.76793718,9.014880952,31.33352666,9.98809924,39.49518734,8.822617904,16.01947339,11.59358838,8.471338096,19.32062229,15.60200916,10.17221546,13.0303005,9.359747821
2058,10.07138299,7.447875154,14.4779611,9.573353018,14.57719694,11.73919236,19.55939238,14.14957148,27.76923907,15.90188934,7.31164197,9.064209243,7.166878969,8.807149329,12.97453347,14.33436196,16.71242019,25.21893457,18.3767087,7.120136866,11.42545186,13.74867477,14.73218331,9.560334288,13.77324077,7.279833243,7.371459808,13.29039804,29.96081064,23.26057527,10.39176488,16.29934923,23.10752656,19.55573284,15.10620214,6.079088886,15.50288095,31.67656856,20.34372472,19.84658864,16.20595989,11.59790458,28.4174404,7.634522995,12.38004662,25.52050838,26.39882592,15.52462897,13.04124948,36.00062698,15.83089154,14.53557576,10.76480182,13.33804967,20.83260508,6.336288972,17.90730129,18.29964468,11.67659704,17.41108112,13.69849045,9.607957131,8.979306169,12.84160048,10.38416533,18.94282302,15.69296957,10.81137469,16.89800295,12.24930823,12.79618522,19.08342738,15.19152633,21.40943022,19.14016973,13.73492985,19.9033266,14.40775432,16.48884498,12.68904508,20.15890322,6.249780813,21.79574785,13.92033586,16.19348346,19.79422076,11.37413578,14.30935888,14.13838977,8.473284873,23.51925231,8.892796364,16.75851782,21.72223212,14.47825367,10.81306616,11.18821511
2059,15.52120885,8.153147782,9.649582136,13.44532592,14.09676069,17.22943698,14.70098003,22.13956804,18.53689065,12.40061831,6.833173448,10.08371002,15.49442755,8.605688033,5.736250274,21.53490294,12.12298407,20.05048719,9.27536277,6.007759696,11.97277162,23.95455663,13.9798128,5.959374149,13.5238178,6.318585421,9.015794221,18.33408315,28.44119857,17.86384822,13.23165999,14.06543101,10.65170333,9.388817256,17.43079144,14.39118432,18.48905466,14.66292897,8.864084251,12.7169538,11.70624401,14.63723115,19.14290134,26.67205857,11.24217749,10.36270532,20.18959527,17.50491731,10.02738641,8.861309871,12.04839354,26.30996158,15.38871269,10.95303154,13.44197423,16.59781619,13.3707882,17.11001375,14.34808243,8.977011372,15.21172909,11.89131479,11.95420443,12.45499611,11.70970136,10.93848601,16.76226474,15.85376202,16.6853523,13.87003012,19.98517369,32.52560686,13.77359879,17.36270793,16.53583226,16.10712048,24.4643399,20.87248746,12.97809967,8.241212767,15.29495697,17.6858977,18.52435987,13.59958169,33.97529889,11.10542727,9.289649772,14.9754619,15.19075813,11.57000914,12.04034348,10.45303388,17.49853914,21.79308413,16.32916493,8.03382486,14.67749161
2060,9.734691134,10.42519462,12.53947291,9.202023967,11.6290895,10.72909432,8.626574162,18.0470733,25.03112596,26.18267671,9.882308926,5.965376727,6.305276747,10.29725597,18.11481112,10.53140959,14.18319062,9.442497144,17.90198069,11.08283076,15.19679601,25.66987184,12.91112467,13.51285811,16.6612253,20.83667784,14.25917776,18.64446551,17.36654868,21.1288608,10.62020059,20.137404,12.70340477,16.09086762,16.56904685,12.25573565,22.13598407,21.42429128,7.095996555,27.29662201,12.77972112,12.78939035,15.38818673,26.49590134,17.89673167,13.6918182,16.80638206,18.404806,14.45872022,19.56428743,13.29518854,21.50001102,7.836326281,11.0536509,17.54505219,15.65730496,19.96605156,10.85783764,8.736520979,15.77744122,11.6078478,21.40767108,7.727818493,8.173969488,9.036945342,24.54145246,12.8287397,22.40105867,19.42007292,8.129122136,15.61905993,17.58987086,17.63671277,24.83871076,26.52880266,17.60930729,16.25962556,22.32480095,17.71988559,12.6677589,19.79316662,8.853460443,19.68904865,22.65850665,27.21242418,13.61046718,25.51937768,23.9233581,16.18692422,16.04575238,15.62586024,18.832572,20.32515497,14.74462986,8.39194915,11.56312199,21.9961781
2061,6.497587835,17.35939886,14.70005974,14.59149951,13.92275439,17.12942785,11.42748567,15.06200291,18.0660648,12.34439215,19.2639068,12.00902414,10.65102192,10.1585498,14.48101077,18.68355909,10.14352828,9.385169474,15.56775713,11.43923141,10.2142344,21.34007956,18.97000479,6.181330076,10.810946,14.15995129,12.70583562,26.81038259,21.16053832,20.44250989,10.80683839,19.18248462,19.74570605,7.191134102,8.204199987,17.3766094,9.635916833,14.50675335,11.33517302,35.98376287,8.708175015,18.96584672,15.73503019,17.13788348,11.63901537,11.83944357,22.32436822,11.67568431,13.31706708,22.57695408,17.39427162,22.4221781,9.725119021,6.528727815,22.52785652,15.82761126,18.95092431,10.69308175,12.7355329,23.52721807,20.3747493,14.79660301,28.62847004,11.90831704,5.653749263,9.329352734,27.48117574,16.54222996,19.88642575,19.05925803,13.42999006,19.25057328,13.77403498,15.51096022,25.93374468,24.3407354,14.88315969,12.45255812,19.9614837,16.73841711,19.1223212,7.351880033,27.41920368,23.14622682,11.09463489,8.974519002,12.10027004,16.5897366,17.96420233,21.09679049,17.83316485,17.02266212,8.705651821,12.33249923,12.35536499,13.75690867,15.35582886
2062,9.021230083,10.27573795,15.92306705,8.073778235,11.16241412,16.48386159,14.13561663,18.00920707,23.77796418,18.94805873,14.89103667,10.40065579,14.9503705,12.18866747,13.66108689,12.01826366,7.341642466,9.251102261,15.02304718,8.456812522,11.90792142,14.11697671,8.310694473,15.5486738,14.40442532,5.716153369,19.26171773,13.17477596,8.135238387,30.50948531,11.28518275,13.32001591,17.70724629,8.52376554,19.31740693,16.25491577,17.25587768,34.69797072,21.34891686,17.86268424,14.79235662,15.12807148,22.83621501,10.50572013,17.93160345,21.28202426,21.88914107,23.73969872,15.72448705,24.53840172,14.05165347,13.6492556,10.03796412,5.236479689,9.182616377,11.42047454,19.7253887,13.76704588,9.772810988,8.757968152,11.02800791,8.462203894,10.88409451,11.98389983,9.963518102,13.21802497,17.62951464,12.47142772,11.46132349,23.07428398,7.971402942,15.85317729,18.45747963,21.15543753,18.32701031,13.77572505,36.15873775,12.51852889,23.0790667,17.55254456,13.71515062,9.89305799,15.7225446,36.44838472,18.14841578,11.8527797,17.41430868,10.24863759,13.82331322,15.59543445,9.313582255,15.46272036,15.25464815,15.25558225,10.69036818,15.87585366,11.61301819
2063,13.74275098,10.27114483,15.20394774,9.465692767,19.47290686,17.22618407,12.84817012,14.51284588,33.12512168,15.12236384,15.14759681,16.33837436,13.2035212,11.77926783,11.27225643,15.82263132,7.473437752,24.91646646,19.87294842,10.29887453,22.57366352,18.11109013,12.13276953,10.01449478,19.60289078,5.820530142,8.426720311,10.27898212,16.72537117,16.43666194,15.06317105,8.41556154,11.8947695,8.473152218,21.38429211,26.847348,10.69517314,15.31473699,17.39967086,24.45653982,12.37735563,13.42289921,10.27921101,9.858133805,28.12130368,16.3774938,19.74260505,11.28877154,20.51396622,18.00004255,18.90392531,14.99820238,15.18587855,4.772647458,7.501441845,9.227582916,10.9449716,22.85363865,7.714476139,13.07894097,17.92174358,11.70107548,7.537657706,9.489689355,27.8553384,19.47921285,9.659601798,10.92968146,6.289740555,11.29050649,7.602620608,21.8191611,13.0468414,27.41805166,12.91582439,21.81352229,16.29422442,15.69601783,18.81705695,19.47197623,29.69027429,11.04302971,14.55056757,22.74746142,10.57668258,17.14391201,12.864624,14.45224982,7.550506651,12.24856733,7.284005038,9.075785911,12.72927043,15.85882562,8.976317078,15.31206982,10.14011901
2064,18.96311968,8.621791418,18.29243871,19.94074425,12.74000323,11.81201675,9.911558975,12.16061201,26.04350239,13.15288096,36.9433868,11.58853952,11.95713376,26.16814481,14.97505206,9.597648298,8.633457421,38.61516052,6.126288119,8.12366884,14.95675714,13.49958264,7.974464866,11.9690948,12.29591708,6.134128582,6.22970882,16.11072793,10.18996588,16.33288739,10.46341605,11.56631722,20.09380189,16.97412428,9.475773402,14.35847641,8.997396833,13.06335602,17.92830591,23.64064024,9.72886086,11.56001897,15.62950193,13.85487418,22.49520902,14.43248739,18.09486841,11.24945252,8.580066744,11.91409537,15.76184043,15.66900105,13.04920433,18.84323558,8.098265673,18.1414943,17.00187915,19.35276413,8.799750684,26.35503759,26.11781016,12.85928834,9.19209717,6.465460245,9.621460185,12.57055563,17.27555004,17.60531324,9.015795471,8.06616004,18.0479809,12.48778042,17.746522,14.84823882,21.1366438,30.94379839,30.33059357,16.72687547,10.83463025,13.55685979,21.6082487,11.1230262,14.90080824,23.57929918,16.42990838,10.91320996,35.34942774,19.58587164,12.95802781,17.20922495,13.48275709,6.416267861,11.17647346,10.0989602,6.209662155,10.92827603,18.56473864
2065,14.11796227,13.23477142,14.06234166,13.18005828,14.11815338,8.664843888,24.09119078,13.89789156,13.95899506,15.98576793,16.36344315,15.91080448,11.91884067,18.35690442,20.45542618,21.72078643,10.90803608,16.77436984,9.739823167,8.295135154,10.74673031,9.059771921,11.34473129,14.09755006,10.15186169,10.2279355,7.323656529,14.95797854,8.920764694,20.19524339,16.59873308,10.49899555,15.89058633,11.10131161,13.44558042,9.977118288,15.81539201,17.990098,10.63887447,28.92893449,13.35079962,10.5870741,13.55006761,11.10474502,20.57671319,6.632264489,16.08284602,10.60201323,11.97213969,15.57915265,14.22235466,12.25186625,6.841797957,14.95501206,12.08245946,19.4859791,19.5545636,22.45039012,7.687123676,30.00498593,8.117887617,12.44909939,9.032260007,6.125540608,4.550968086,14.11077322,15.45992934,29.57565862,10.27134446,13.60371443,14.55125044,19.54870616,16.88932848,10.91111988,10.7310813,26.96711127,22.22674627,15.41420529,18.63489489,16.3765463,15.8145428,12.03025053,22.01492271,14.7414674,9.644323478,21.53038429,13.88065099,15.97183341,10.54842726,22.01042932,13.4100043,13.1464062,11.3341218,8.318042856,5.101768502,9.174225878,13.47324756
2066,15.90632404,20.18623999,10.90819918,13.85474858,10.48315932,8.391762902,39.68109011,16.12795053,7.185840079,13.11201909,20.78093088,12.120189,15.6946002,8.516407676,31.45802037,15.91457478,19.08437683,23.04800041,13.94372618,15.23353244,8.144607074,13.74962545,8.661695464,8.120257884,6.169163881,10.98705183,9.244935431,17.91335627,9.309776311,22.58867734,15.05821307,6.594240774,10.64365127,9.331908198,11.70037214,20.76341558,16.90291672,17.92778051,22.06120635,22.84837222,12.4119886,18.0777858,15.45111398,7.515647921,18.19854196,10.19134455,13.03489775,17.67310326,8.934878043,14.66817814,14.06730365,13.92377022,11.59737509,10.57191886,19.68836469,16.66942901,12.62629061,12.310809,10.55422701,22.09691092,7.902529031,9.89237036,9.022696007,5.458254724,7.977598552,9.139096185,12.9997109,23.35968532,15.8103702,18.68560735,20.62861313,27.29393566,8.80029723,15.85030298,22.60279559,13.18552744,14.54166202,21.64869441,19.39966971,15.86595106,11.47023612,14.95437102,18.82527731,27.78995209,23.28790933,20.12178607,10.29835027,17.7407157,8.448828972,14.46538072,11.56012356,14.97489949,16.22122891,19.25706766,12.43331397,13.00272321,6.917639722
2067,18.31740212,10.04874762,7.2320184,9.940295583,13.39749721,11.40210712,27.53451574,27.2190624,15.4042197,15.17796528,18.55249317,15.09745507,14.13497879,11.98669878,11.01683534,17.31840091,14.83918389,9.165913607,33.19399541,7.47570954,32.42188901,14.61707367,13.95509881,16.28438541,11.35149477,15.09044152,10.27960465,14.75178758,16.68389072,11.55160506,16.72606405,14.92644081,11.49835704,10.67818362,12.99328211,27.76529526,10.87554508,38.53691585,11.77349954,30.67775437,16.82383648,15.99912526,12.3232604,19.27473128,16.84761126,17.671089,18.44130631,17.08057265,8.180597038,19.29828186,10.14520179,20.68161848,8.594344106,8.45867036,15.55863112,16.66266361,22.66967502,8.43149034,8.15611799,16.83041363,15.33235811,9.134409898,9.772077997,5.792037977,10.34759933,9.883800655,10.31376512,7.627326466,7.223915861,16.95265319,15.94182272,18.64845433,25.40953785,17.65226884,15.10677265,16.51916616,8.595889587,14.46289422,16.38210303,19.81496632,10.20810171,7.172282102,21.47980022,23.86208586,17.05915458,14.6830302,19.40528015,17.35476228,7.539045699,14.48242044,24.44909697,15.97180223,10.71925194,15.33504218,15.97509995,15.86481784,5.540316218
2068,13.60941911,14.52730143,15.02911529,11.28716202,12.27236749,14.28015092,10.64230639,22.37714951,27.92062383,16.30408136,15.64287882,11.36262873,30.19338063,15.85257588,10.89699166,9.894235736,17.65753135,15.73916584,16.69683031,12.67946265,16.76633726,10.39891765,12.74495242,11.93493927,11.56805345,21.13519101,4.451069236,14.19732662,22.24384128,6.181176179,18.26129437,15.54516742,13.5302117,8.336645911,18.23723332,26.88076996,8.38591434,25.33890534,9.129297679,12.82470482,25.17397293,18.38272116,12.85648278,12.90459719,21.62513992,13.0442207,23.38398014,12.96922546,27.53941186,19.36259574,15.97678925,19.97236328,12.51840456,12.0580051,14.36009451,8.920717944,21.10729747,7.936827412,9.755650017,22.54813559,10.04575718,16.3560333,10.00438675,7.600948602,12.15900756,9.172947531,10.60959997,8.388188826,14.49358165,13.35139418,11.04752781,27.67401937,26.00379033,29.10109369,16.33006939,16.82277233,7.307262704,11.70434575,14.86997167,15.71968356,7.973815894,10.14930182,18.24235882,10.25604627,8.427197375,13.10016157,14.87158092,19.42978096,10.36256031,7.600426572,17.59057872,6.840766869,11.16182017,16.86328752,23.79221056,14.36493281,10.60345482
2069,6.94050365,12.4142496,9.524751352,7.869751021,15.65950657,9.220498473,9.516557435,18.67188883,19.50060258,12.64016454,11.03108102,15.67969781,12.57444222,7.421096529,5.396034962,21.83985933,19.92066716,14.20492764,22.60263388,8.569360423,5.721581316,15.17172405,18.12003283,15.62823225,8.423137924,22.25185361,8.79479165,17.30003197,21.04923429,16.07025697,9.724612106,12.57643831,9.164596998,12.35136478,16.12979776,16.68375384,23.99636688,7.553679927,13.04595269,18.09923355,25.33613338,13.31657252,8.399130843,11.93686677,5.238432,15.66547146,14.73499716,13.97586365,20.08886261,27.23241362,28.17917443,11.84118702,13.9106525,11.44689802,6.24007803,12.71812782,8.909765613,11.4364367,13.29371956,8.984884165,9.507814354,23.00960035,9.146550248,14.04949279,12.14586113,13.0352859,11.55803322,17.11343292,19.71805793,9.601191808,6.595525607,28.92046481,13.56883037,15.77855109,26.92781506,17.41616033,8.316851683,18.27545883,14.50805833,8.333434116,27.07654568,11.97580899,17.21036973,10.82557109,15.17858198,21.66081981,28.95155195,9.655411617,22.40317605,12.7825084,16.24594467,12.08436444,13.29419123,10.77335524,12.81067811,17.42226875,12.55070108
2070,12.91171382,6.324605395,7.18825795,11.1367758,17.83739845,10.72635665,25.61920526,13.01074588,6.828040086,12.82647773,15.65057962,16.71385222,9.669733012,6.254899359,13.83464936,15.48469008,13.48768903,14.5589109,15.93343684,7.908108635,7.364150063,12.14735252,22.04824306,12.71141439,10.46335275,5.759945296,17.49123322,11.81725573,19.05433047,15.02057546,7.905210446,10.31070534,16.23719625,15.18230908,13.79226365,17.75849002,24.03093985,10.23581002,14.03044461,13.46072011,11.21434092,16.03929921,25.71798748,16.11906752,7.035423709,14.86626409,20.41698516,16.61527652,17.11174564,8.015510023,19.11149625,14.7891889,10.54888885,12.13304793,8.810356086,9.050728007,14.14357123,10.96524744,6.961722922,14.99981371,21.00055559,24.21373837,10.2373584,19.11102672,8.231702023,24.83802752,12.57986686,12.20478653,20.39456003,7.442835788,7.09252203,18.9495941,17.79072424,11.47727391,20.52262499,18.94831537,11.68884046,15.94854157,16.31847425,6.895187008,28.69603807,8.303568099,22.02668709,15.04743481,24.9588836,25.37836032,30.40576869,21.96877357,11.65700949,16.70265055,12.28391716,26.60001614,9.435096496,11.62594074,14.96735699,24.61310819,16.11512918
2071,11.39619606,6.318122737,20.02529897,9.008196298,22.93775637,10.9153583,20.32453954,25.67666182,22.69133219,11.76952134,10.41342159,11.39357409,14.78607086,26.24828081,14.21150043,20.61381539,8.127685646,24.71344752,41.29592852,15.12903808,13.46171859,18.12640124,11.33735649,9.652458922,10.5663628,5.512411795,12.09814205,25.37592327,12.56213649,18.92991624,19.79409429,27.91665412,16.01953948,8.26635598,17.94930214,13.28300241,15.61168673,17.35407632,15.21001724,10.07899186,13.59257544,14.94457261,8.566010142,15.20918521,18.49712832,8.655904046,14.93701137,18.71139638,10.48460874,23.78247162,20.26092734,12.33408141,14.12834551,7.125793408,12.88705119,5.01164761,18.32361804,8.213675623,11.97731357,9.923613997,21.03582992,20.62483382,11.38844362,7.071669025,4.339746704,15.35732608,14.55853938,11.55568967,16.7091527,8.544175121,24.85132552,19.82627758,35.96589975,14.69837905,28.98143714,21.20694984,13.29777154,14.2795949,12.44418488,5.634541349,9.237058909,8.793287167,20.7868533,13.52545595,13.52113343,15.46734803,11.96474307,28.89217246,20.06115909,14.25253597,17.7687217,11.17594497,13.84699843,16.28389678,12.14709739,10.73269198,10.08508808
2072,13.55927345,7.673662136,16.27754886,13.62800174,13.92744173,11.92936802,22.54306395,9.514826876,22.52234844,11.59342723,9.391874559,14.86452605,8.091154969,11.3187819,17.11132616,11.47646164,11.79673585,16.84090612,24.53521212,11.55411566,8.038505177,15.9066738,14.47724358,6.145139286,18.07761108,25.93768165,10.64830881,19.05047671,18.07253823,14.01361573,11.42836814,13.30123464,23.75171191,10.6409164,15.34630925,8.67594956,22.2982374,12.478678,22.23312881,21.4087372,15.02234065,19.65398027,5.965100192,13.38774208,13.14943488,14.90720027,17.60882275,12.15548969,10.79945756,19.09693254,14.14953709,20.48419991,14.67448169,10.61038447,12.02667715,4.454984489,9.613991405,13.41625101,8.526548648,7.070511987,39.70720044,20.25519848,6.213272608,14.18382315,14.74524714,23.26486737,14.81160426,9.036064998,13.6635956,12.3637052,11.24967174,10.54782476,13.11524354,18.00220574,30.22727222,12.60728051,10.20255225,15.70883425,11.77482361,7.116679716,8.175897322,13.99453563,15.25810096,12.53708104,30.41509968,14.76358856,19.31753744,28.34222317,17.82796072,13.37300358,19.19245801,8.936200443,9.463183061,8.173542109,13.12395352,19.6843011,10.63630237
2073,12.27705566,15.33909144,12.94116432,9.429767921,19.09058602,6.367329124,11.30894832,13.75245453,8.873353825,9.673097058,7.49544605,19.96681353,8.015007233,15.91225872,15.08916292,17.91576303,22.53088082,11.19925379,10.01358113,12.53582529,11.11533951,13.86413714,21.19021291,14.84258999,22.71074755,20.80859409,13.98437712,13.85598684,13.96421655,21.79273904,14.91397634,17.77902924,8.264612053,9.915153421,11.61567769,18.68226192,24.61838932,14.50664194,20.39046052,11.91608483,12.82785271,24.80620584,10.31024412,15.45278446,11.91386638,16.39775825,18.63977431,21.97794117,20.87278693,18.6752401,12.17648077,15.81138345,10.12815471,12.67367937,8.099880317,17.02587049,11.10251421,12.62031882,7.223085243,15.36663737,11.13914642,10.3074141,14.8517979,13.2818347,20.25076606,19.63209098,16.72920119,17.5180181,11.843575,13.52670686,9.131640972,19.16986457,19.69251384,20.33396426,23.2378127,16.23461585,13.50642877,17.88734934,16.55222592,16.79128495,16.58444293,13.82149222,14.67527488,23.68498249,10.66111414,11.65382729,16.43142212,9.80679003,18.81281744,20.28096006,18.15089159,13.68171788,9.064610162,8.220977871,11.23418749,17.01242235,14.65965519
2074,15.15622943,5.554079921,7.710371484,10.3063132,16.08455349,12.84157279,5.766293792,19.01466972,11.10937081,24.15500114,15.10791308,21.6327649,11.19287526,12.38510475,7.762740417,25.83713092,13.208126,15.83140943,18.59843389,11.00057867,11.49414381,19.55241227,31.36341834,22.44876809,15.61691109,9.457837051,9.692759544,14.88302483,10.80764293,9.406520291,18.29269382,21.5952342,10.09815806,8.917938466,16.8054023,16.0321703,7.896191861,17.06095815,23.64578703,6.37328279,17.17629544,10.40109285,18.83218372,10.60322604,14.05824742,16.40025201,22.82574244,20.05439635,23.73863625,16.68015866,13.89475664,13.4034844,18.68080473,7.518718671,15.25893314,9.632638731,17.16562893,16.19498465,13.76665902,12.25828068,9.378881296,7.315554248,8.443269322,15.18221246,13.68861933,15.16508186,29.9014867,24.79950516,24.52319209,18.42396758,8.870701428,14.24005827,12.82905957,24.55223859,27.89847209,21.05908665,10.5771744,12.95088698,13.23967351,16.637064,22.39138217,17.08309371,14.24483653,19.19506245,17.27997047,9.901522195,17.46066337,21.16709199,13.35219703,16.27908375,12.3529993,17.08869517,11.80228205,17.18140086,9.439068159,12.48556651,9.961295861
2075,23.01611304,10.37990545,6.927481012,8.17097994,7.842259002,19.36398393,11.6345303,26.10750367,13.15379748,12.32913251,20.87252053,8.992086188,11.89163098,21.856011,12.24323435,20.49739127,7.518665772,14.27280476,21.78574122,9.496526777,9.793792562,13.55889408,15.51958512,26.49597961,10.85312295,10.55834299,11.3941754,27.14974469,14.73988909,10.75728837,16.61487306,12.93636555,8.073829884,12.0672582,9.079677759,6.833799015,10.2428665,12.8717113,12.15200575,19.01232776,17.23137667,14.5054559,16.84252457,9.104890017,9.238876423,18.56985431,9.124897706,13.23579735,15.28964344,15.07035723,12.51298136,25.52658303,12.227357,9.897152112,20.26811286,10.43966949,9.663625309,9.999923742,12.44357615,10.77072821,15.85410817,14.92689176,5.917197679,16.63838735,9.138000456,14.50967978,11.32151411,18.66446563,11.45585609,23.83668766,7.878201164,24.85189678,11.79802455,21.73025827,11.40069332,16.48075886,29.61207457,19.56020709,19.58529735,14.83475693,12.86093068,4.466746374,22.67505892,20.85858859,13.49730889,13.36869096,18.49591418,14.73845167,22.88905133,7.667801375,8.992872456,16.50726904,8.881993468,16.41032299,9.611340536,12.75749651,6.945925785
2076,9.74469717,10.55334629,8.626585051,9.327287623,13.74203871,24.53454246,12.52763367,11.62143723,14.36445285,12.76293824,9.317815855,8.756860185,10.08867681,6.563340476,7.37812443,20.44130019,11.31117604,14.59051557,12.027266,9.58408556,8.884549745,18.68927189,14.63579421,17.75924493,13.56747594,10.61263799,6.047925302,20.57132471,16.10541755,9.725961818,12.74707874,16.45229968,9.208844231,10.74092737,7.064660271,32.44232709,8.386180721,21.81659419,16.06280692,16.08458686,13.13250815,10.55247739,21.6481396,14.07685083,9.52901756,13.85132313,13.56313283,11.63342186,15.4459775,15.32006807,9.128704165,30.92341275,9.642037547,12.90103654,14.46049591,15.37143945,10.9097789,10.44090333,8.819163749,16.55947656,34.39329168,12.1661185,18.0047542,11.44773644,14.548329,20.58950628,15.06054206,23.21003462,7.853687405,11.33957405,12.82184521,27.26366686,23.40057749,17.35858264,10.63733115,15.69110822,26.47944534,15.95394413,13.13052389,12.62499328,5.765723722,15.54240978,20.65809402,22.60162397,11.45435806,35.413346,10.31725061,22.86485929,19.78365616,5.747644542,11.61717287,12.47430373,18.19707905,13.08638154,8.167740159,29.96998056,14.36738539
2077,13.3291602,11.52139438,17.87548017,12.08031864,15.29797599,9.508176595,19.7092246,14.82327215,9.590503418,21.4686963,11.21479882,13.81527398,9.711215841,15.34955601,15.06862239,14.21107841,23.34909499,15.6572714,10.54476083,12.08624418,4.364201871,19.86224995,15.81544953,17.58954258,8.231008483,12.98302201,6.260764383,16.3881532,9.995518294,11.04360232,12.48915334,7.368155722,6.243985924,14.21643477,24.98892865,17.27586662,17.44753047,25.89132988,27.03968275,33.45658284,10.8603843,13.77594341,49.19890963,20.64593395,16.55832137,26.9396586,14.38047447,19.48627347,15.6704298,13.27953608,6.883979603,24.20333472,14.02189232,13.06151215,11.56158772,13.65521224,18.04268727,11.9765141,24.30862612,9.856763008,28.70791436,16.49757416,19.53737266,15.14639139,16.97940234,15.71380758,22.41202026,11.22337747,8.298530995,7.132402136,12.77445618,22.00304638,18.92942759,29.74682235,11.29551447,17.29715522,23.82246916,11.99153036,15.11217898,6.977842314,5.937620926,17.89108352,21.36353457,30.02214899,19.14842182,13.84168455,20.61597834,15.76607101,24.08736694,6.983470929,14.01239449,10.63952684,10.35697864,15.2948325,12.81503583,19.52056374,19.08653609
2078,10.41138127,5.782577415,19.77796614,13.15997532,13.9798565,12.00489491,18.15446757,29.6257512,13.54437043,19.61019713,13.62797252,8.810634208,9.458451094,14.31784046,17.73063864,29.91455264,9.995970129,14.0634312,28.58264577,7.588686387,7.968401871,15.42772546,14.23801303,19.12436943,12.22661476,12.68741706,9.268324205,22.50436247,15.44482288,15.48871123,12.17506959,6.298201825,11.90427187,8.092432185,12.66439361,10.72096689,16.15993672,11.85114105,15.80352754,24.88262932,20.12005559,13.35353155,24.41669228,15.8466911,11.70198139,25.90933035,17.04730423,20.13343519,8.389618175,13.88237562,8.368988291,22.60209888,11.04863867,10.87353747,13.03775177,11.78622992,15.75937002,7.608315967,12.39437058,24.39394635,18.84380473,13.73370087,14.4119543,14.92707019,7.703674612,19.87856646,24.37099418,10.06392014,10.60716357,18.77098191,7.017049904,14.89250531,19.13487285,21.67739254,16.09194619,18.27065427,10.84006935,14.86216604,13.08938618,16.91367909,13.81256376,19.92937494,24.00272703,22.70141528,24.57002842,24.022536,14.52894944,21.69427073,23.65615736,18.70938129,13.84206823,9.760383471,17.37177322,16.94521091,10.23665498,12.73538065,13.7782508
2079,13.68337269,10.55107989,22.82633845,20.18123768,12.53959529,15.85217821,15.75356884,17.95727699,31.88535037,12.1236284,11.07217115,18.45298798,22.34398996,12.9751052,17.01020648,25.02588609,10.87579801,12.01985532,27.38207578,14.71752522,15.03979129,12.21282365,18.3915842,18.03416325,13.94518977,12.94768979,11.22848749,15.85737491,20.48980616,23.12873929,14.59779511,22.31462309,13.19179182,9.89851204,15.49940916,15.69251623,17.50026163,19.26809855,20.80058146,21.10451647,16.47247045,20.83260448,24.89605051,23.54883691,20.67361908,11.15508387,27.55261196,13.46770126,6.104919907,19.44709765,13.72906784,12.67484015,13.66776883,10.09665251,12.54853031,19.84964198,24.11343066,7.411948502,16.27090106,17.65139621,16.50269669,7.804260456,10.37214976,5.573331213,14.86960792,17.26432284,17.88193738,13.20347355,8.550308172,21.78517148,8.24123516,22.31127007,22.07154234,24.27593159,21.85258229,17.3727556,15.51997323,19.74046933,18.67666776,14.49526082,9.150388364,11.67206281,14.6583066,10.87049986,20.82897275,20.20276516,18.89856121,13.93552949,18.15364417,23.76122999,12.16047491,15.72661761,11.02996788,16.94581204,16.18965852,16.42612342,9.39046679
2080,8.552164463,10.92725209,14.92644655,25.55269799,9.405660179,10.59024795,11.22593314,23.69694992,33.64117029,10.26148064,13.39636754,7.564214717,11.65324667,24.14173115,15.72427674,16.06036856,13.5563348,6.483949388,17.2839692,14.99745814,17.54304545,11.53473723,32.57843171,17.50618003,16.00711039,13.93172477,8.398447577,14.10942835,12.22955328,15.04600947,13.72475107,13.16259836,11.22073202,6.924905673,14.31424199,23.10822585,5.579451273,20.46475894,13.59857459,25.60864026,27.64151484,21.55241351,12.22295802,36.45993336,37.39241883,27.04546915,21.56828906,15.92710949,10.63934612,19.21864828,14.25333796,13.26905488,18.85795442,13.04809466,12.39876266,7.692344727,16.08179006,5.77644595,15.85997609,7.809309838,17.56821017,10.79794431,5.868283279,6.975835954,21.56403747,13.22162075,10.88510495,18.3552989,11.54701303,21.0701162,10.16967961,19.20457694,16.58519806,20.93601104,15.29336307,24.21943936,18.18727658,16.70820242,9.723594089,19.39368974,20.72109911,5.047452952,12.11192965,13.62280522,10.83600776,16.35544889,20.76926023,17.55976427,16.30496509,40.71853014,19.66477918,14.46567344,15.81424056,11.30604026,12.29832075,9.778628192,13.35277847
2081,9.085587967,9.0840552,7.327510949,12.60437006,15.20274438,14.79095058,5.315847868,19.81158347,11.22688806,9.202489131,16.91104697,19.58500193,14.08693672,9.416260126,18.65647216,11.30826371,11.76413379,37.52065878,7.91071801,12.86127824,8.015746572,16.22956203,15.29269642,13.74690091,8.382811339,13.60861204,12.74388605,22.07003119,11.03647446,15.76344506,15.57920267,12.78172695,19.06003018,14.48148498,13.82964327,10.99561904,11.5772689,8.382883299,13.87985738,14.52286253,16.08023219,16.0917907,11.86016287,17.45499235,22.34415529,17.52312448,21.68094819,24.03453064,9.786387491,16.52037804,18.69702569,21.76196614,17.62339279,12.28690491,16.42311118,16.37167904,14.67206529,20.61318974,12.36787224,22.9861969,16.76987954,13.35487234,10.98992106,14.27656205,10.29948254,12.60092299,18.08600686,12.82040801,9.653730426,25.42236379,12.93484381,16.59843632,16.21214539,24.3195242,13.64623018,23.04381715,18.57189497,11.52895496,20.83428101,13.26104271,40.62662936,15.64065767,11.91914333,11.05259935,17.33807784,23.02767245,17.91497447,20.11715691,12.70658658,7.933175365,12.87186405,15.64170135,8.119615478,11.06939538,14.76396383,14.86453545,12.0031923
2082,11.31673462,7.674642506,13.56662323,12.72054095,15.36507346,9.510082354,16.50521345,7.320492694,26.02203261,8.696581111,13.99367371,9.712078909,13.64883469,9.928887769,14.54539708,19.07058831,26.88977534,18.37905053,16.86960323,7.815758896,5.809978869,24.86897318,10.06594671,22.27976311,13.02713992,7.475830036,12.25893031,18.28854268,18.61004144,13.61187677,10.49262817,18.28660633,11.96889293,9.105931914,18.11260933,14.49609967,16.42112021,23.22537529,13.5725947,19.00598382,16.55863896,15.22347201,14.04528938,12.44355193,11.47785909,10.7028624,29.90125823,29.00929611,10.09901385,8.146178122,18.36810883,29.65740028,15.34885753,12.8089446,16.41121696,19.65707226,14.95982612,10.9292083,7.408268073,21.26984608,13.83425379,10.28369328,10.43441514,17.54061164,9.258478929,26.3826794,14.11652579,24.56478803,10.78036003,10.11981614,15.6474048,15.65237607,16.80746598,26.65898362,12.64942366,19.57848089,15.40542817,16.00684173,15.58979175,11.60710477,22.67001719,10.15244293,15.88449116,24.69414262,14.65937776,24.34401132,19.33004073,24.8858059,13.23657572,8.432111306,14.94077302,14.54369855,18.97414487,18.20760704,8.388146896,8.506884397,9.462228635
2083,22.99898719,17.59542536,12.62995012,13.90784646,12.00866618,12.1299117,18.9373918,11.29831999,26.06401277,16.41966952,13.10258051,17.21723964,19.06640325,9.260930122,10.95141743,32.41536966,13.45416712,18.07438288,21.5117978,14.67111402,4.952502129,18.39833901,14.62957563,17.06252001,6.706317898,7.625341329,11.75296296,15.9919893,11.50694797,12.5534137,12.94905777,16.356161,10.64998316,11.59826979,10.75032692,14.08696019,14.05513113,22.53649363,17.38415564,10.69288169,10.97898222,25.78170032,28.05772877,17.56444376,22.70244426,8.218589197,14.0923509,15.12724627,15.95410546,13.86503562,19.35032918,14.57961382,12.13125043,11.39815722,21.11589043,11.32699749,14.95442432,14.63256048,11.28140382,17.74541901,8.417853104,19.83205805,9.843890579,11.46015062,4.40069764,18.92060563,13.39078417,30.35889654,8.049318645,21.57661987,14.47275243,13.93403393,14.36208329,16.68568887,27.79316384,24.20611123,22.91296596,13.94517898,14.0924927,11.66459314,20.45682908,20.93170982,10.59354321,7.998329871,12.67977203,18.35328581,16.15259167,29.65259345,9.713150301,14.12659267,12.68563843,13.81345993,11.12832801,14.94876492,13.585733,8.687782671,15.27106679
2084,10.80786732,7.428144734,7.16106964,16.77184752,14.28855427,12.25009976,8.682220284,17.31786841,28.21472463,12.10036473,8.903185369,25.36969974,11.75969262,21.89001985,12.86198945,12.30525072,10.90589486,12.44741217,6.836864172,11.72057825,8.778411987,14.62774641,19.53471116,12.94197977,12.09660797,8.175927927,13.79472684,27.5543474,28.86334453,9.349512198,10.42355915,19.37174608,7.440859716,8.633564192,7.835658605,7.718711405,14.58269806,23.70326676,17.48162033,13.57231436,16.74791506,17.449745,16.05215264,15.87385111,22.62990843,10.03391151,12.7220142,18.44219821,17.07933429,15.28240994,24.46461685,14.5590671,8.306668126,12.65526799,9.559187207,9.240022493,12.92074147,12.19535147,5.373452231,15.75889676,12.43070408,20.93778069,17.14697929,7.026124483,13.66558177,15.26102953,22.08131302,22.1702304,20.52426119,14.15918955,8.655089831,32.30855841,18.40446002,24.11455212,15.8312641,13.67303167,18.9113755,21.95200086,12.53276491,7.56691438,19.74807935,18.84240137,12.00209298,15.26922482,8.479834512,21.41703858,10.28421253,16.5553708,9.499362446,24.3797616,15.7108987,8.655277388,10.60553683,21.15510972,7.088925164,16.96242224,10.74381459
2085,11.71616775,9.702365931,9.593758255,17.29572046,7.684774473,9.13627561,11.60963508,22.68701821,33.25238664,7.988970883,10.87597365,19.29833482,15.40091042,12.30911429,22.80592856,16.29135989,12.13861803,21.47344653,12.00799454,7.597058102,9.097706182,18.27572892,12.73991702,7.254947524,12.62201627,14.53641025,7.972150314,16.04724561,21.36978232,15.29948662,9.242159603,12.4252779,16.50885146,11.49157023,13.73595185,13.64213435,22.81819874,12.74516648,9.691929481,14.7383857,20.08338444,17.98487889,9.817688668,18.64664571,14.8972773,20.77064555,9.684813144,8.748595676,18.62193687,10.10444237,13.07446399,11.81663556,11.3217214,15.04185953,16.88484867,15.74015058,21.5553188,7.790914532,11.17306207,19.81587576,5.964321144,7.948258195,13.89326406,18.30094391,9.744885104,22.86818386,23.19969949,12.1777828,12.91474677,7.481332661,7.921929104,21.67945396,19.79108017,17.81097868,23.47679736,16.11933737,17.25694907,16.14182241,16.76581315,13.35474246,10.79467628,7.573774294,9.711477878,8.701811445,23.13510998,32.01887163,21.81809758,17.89562067,14.48058149,34.07612227,13.34789833,14.63175888,12.28565532,22.08349087,12.88510118,6.991019484,21.09108547
2086,18.86721207,16.97394246,7.944478334,14.48964738,16.02667698,19.15910862,13.51784065,15.85554067,21.55168429,11.69825054,14.44253635,19.5875131,7.680157607,12.97205679,19.64379995,15.79155864,9.500293012,19.04643523,17.40782606,6.125650155,9.822871339,8.248581937,24.3883723,18.76995711,14.95059372,15.96377802,14.49518122,17.10504214,17.6349292,13.38286929,10.95609287,8.513610744,25.05607712,16.97487503,17.64041968,16.23660595,11.90724847,19.83781577,14.90403154,17.5496161,15.04954241,34.35302035,17.720767,18.81846512,8.337040621,18.62536959,19.3715709,12.08128421,14.59433766,11.35184729,21.2969565,9.262752377,12.75750448,17.81176586,12.31996725,9.033854936,15.63910536,14.8417124,12.78564133,19.1804065,9.588134757,13.56477217,13.97467726,30.58308456,17.7177834,26.26789016,18.02606406,17.72217989,10.21315561,9.46386958,12.5929674,14.25627142,15.61493056,11.91791096,23.74600084,24.3840219,7.452070334,14.83639135,17.57545549,16.38467784,9.850963002,12.15154772,11.95587304,19.72257062,26.69193362,26.96279215,9.935941587,20.4320885,15.13861347,8.612963068,15.68156142,11.89587537,9.205121157,16.94044514,13.57755253,15.86872883,17.00796627
2087,9.427875233,12.3417075,17.05353947,12.76574299,17.90835923,8.193901468,7.84433766,12.5778388,24.74994367,13.46667913,17.45752028,36.39961343,18.71064702,9.44779202,20.86765656,25.12277806,9.490684522,33.34767731,10.78948356,7.063849825,5.185565593,12.32609875,30.81829224,12.85694636,8.212038149,6.679254883,13.85437456,21.50226083,17.99785039,13.45490342,13.28042295,9.690632331,17.9288573,8.064497712,11.4259107,12.26353857,9.969917752,24.19945763,22.70009193,15.95190218,23.64639289,21.34248599,20.58976491,6.217394936,17.81767882,25.96344117,17.05474709,14.73340536,19.30305223,8.431332258,34.09479267,14.79746975,13.71890654,9.603506142,12.17744846,8.356752159,12.32699718,10.03068819,13.69124872,17.47015388,7.27862763,8.677690334,9.710955193,12.99475232,17.78214145,15.35782578,26.78772805,19.78833326,11.59800359,8.199407901,10.1915229,21.31409812,16.69760908,13.65510575,23.88681523,13.97160048,19.08921295,12.89096709,8.505262314,14.81257686,17.84912487,7.923642506,12.56406946,20.7132771,11.10802433,22.37531861,12.5085965,16.27580846,20.98834522,7.196886962,12.00507414,23.2139616,15.04296436,7.333268588,6.455081494,11.4439606,11.24018335
2088,8.690854433,7.183687656,42.91898973,15.11293466,15.24693943,8.784892919,27.98579976,19.0440236,9.234015967,10.28820666,19.2384549,49.63027071,20.79999626,9.368060985,12.61493341,13.26274403,27.48998097,15.92984128,9.038786281,8.840912906,15.33179193,12.4863958,13.05259466,19.43815382,11.83349417,4.4374248,4.144537825,15.22545501,9.049354255,27.49936485,18.06603193,13.98774137,15.52509802,10.64216342,15.80205616,7.402507716,11.61717243,13.52683839,28.88469701,22.79091059,13.45184729,19.18313784,14.24681853,8.307004522,9.567255431,20.31043759,15.66982657,15.87949265,24.72766348,16.86473334,9.658741131,12.4495343,15.66993447,6.982589593,8.737703405,7.363362426,13.76278858,13.70450934,14.57572534,23.23823879,8.433215603,20.45319667,21.86908814,5.897810043,8.570956998,13.5250873,16.10712333,10.99053826,8.827597745,13.85236623,14.79060355,30.71727066,19.9521866,20.08416508,15.91911901,17.15427469,14.78012987,15.9089567,10.66920107,18.91637032,16.20843749,26.04648672,11.70441265,13.00684564,14.44536585,21.56695333,22.14455294,19.72666506,20.14345597,12.53510293,19.11208044,19.3196035,16.59830398,10.79609058,8.054393078,13.62541269,17.60428378
2089,7.513067802,17.39495623,25.42929386,17.3018036,21.73270179,6.45907434,18.89904847,20.69000949,32.76622421,10.28840313,22.33156022,22.2283181,18.53837437,6.718465805,14.00245775,16.38175216,16.37280131,15.26221821,11.55292096,9.817855537,9.683713488,7.755661428,14.06667023,14.65893792,8.905756602,5.870419458,11.81418462,12.75346921,8.096686175,12.09733587,13.73133628,12.68423135,12.54363271,12.37026686,36.83888565,7.771898876,20.62103524,12.32549332,24.13634963,11.03304119,14.86989483,6.606250155,15.359861,19.68369443,21.95730551,21.00998438,25.81644595,16.24703145,30.92873907,12.75901474,15.90126422,15.17636384,14.83924612,20.28095867,6.393190909,10.54383106,7.527841567,10.70304851,9.471966764,10.86616937,18.19183359,21.56028218,10.60484337,10.77555191,6.655727306,7.53673795,18.04639182,18.84739412,17.9361858,15.34218317,14.52771394,27.89663532,21.21235065,21.35343945,14.0215158,15.14223866,20.43871331,12.90117739,17.54046224,7.517462102,10.21239798,11.62718938,15.75008565,16.53710479,9.470547808,9.475893481,28.59729275,18.16239257,17.93084418,27.69955218,24.19676037,8.813375246,10.70910952,17.16535557,8.548502579,21.03213792,14.423649
2090,9.059333772,10.82423849,6.452986274,17.05586983,16.27093212,8.733415021,16.07145677,18.00883317,20.88428928,7.828424807,16.81181244,20.35123319,20.44520644,11.58181888,10.53904905,22.71164408,19.045611,14.12520996,12.21275687,8.144446572,8.87348283,11.75553219,37.48348996,18.09630298,16.775213,8.398358221,7.026260767,21.87582296,17.71566629,17.16620549,17.02780721,15.60040616,9.205457851,15.26558938,9.004650268,23.98706592,21.51691884,8.97934443,28.84823387,19.56594385,16.37530264,26.65527743,18.55708062,6.463182922,16.0790972,13.71798361,13.70017412,15.42513632,13.1009524,12.72167986,23.22253628,13.68872783,9.351599326,8.938048721,7.836568959,10.9124973,11.94356709,12.82533713,11.83987252,14.45382581,15.39428511,15.88743156,11.21629472,7.61719321,11.7569711,12.34703359,10.75249599,11.44915803,13.580897,24.45895148,15.59891883,21.36932753,23.25066355,12.33946473,15.86041821,14.61723896,16.54565318,18.56341876,13.64942928,14.00927302,12.40014688,21.27253498,13.66492516,11.81080165,9.535875848,8.835935107,24.13052194,14.57701384,10.69466981,13.93183716,22.86299574,11.18761989,11.15456202,18.67985068,6.538807914,9.738051233,15.90370157
2091,8.150812106,11.06357538,5.987737031,11.30923121,11.26009751,14.94906476,10.93138681,16.17273598,19.76391332,15.52114493,17.13238282,19.39370884,11.08688533,26.79119246,17.85481603,19.49531766,6.694445772,12.41681175,7.205167537,22.26781071,10.74891181,22.10430194,26.59037252,15.26559316,7.872614717,8.249160912,7.781317309,36.05272403,18.23122737,9.87472677,9.908312588,14.35157411,14.22867501,9.914858598,7.981105864,28.34461214,25.62615302,16.19347888,17.58689931,16.89057158,17.07600424,23.08672469,13.15055131,19.07234156,24.60866456,15.59771617,17.96661211,17.70492248,16.97613884,22.02370005,27.27014271,22.72889441,15.46169881,8.626034142,6.051762883,7.975111537,10.2322105,25.19567667,21.14726819,10.2520723,19.81231398,15.74505713,17.56617947,4.12853399,12.46388723,16.52707519,15.6674189,11.82456296,9.909230142,25.09401457,26.22059026,17.84633788,24.42069201,17.17878065,11.43556108,14.05465914,14.76224822,13.50575742,9.546656112,11.35443122,11.55057586,15.83846614,11.82055242,14.2376929,30.25929652,12.7563438,21.8928697,14.92256083,14.30278707,29.98136577,16.88078454,10.95614926,9.093376264,14.67220844,18.01626514,19.20727799,17.16868735
2092,9.907263808,13.50316082,11.04458275,13.48337581,25.29791387,11.09584282,6.081888417,13.5370396,12.10475109,12.36605669,7.331448833,10.92746053,13.19817356,21.05252912,25.84588132,7.133361064,12.84159663,12.63868225,25.9540702,15.84855804,11.05947447,18.50162166,21.49453113,17.01844015,14.1088677,15.65255534,9.136479471,19.67394928,13.84194666,19.62102589,15.6899452,9.963946969,7.066963339,17.89368603,16.04369887,14.47338974,24.443167,8.245469812,12.02787842,16.80311365,11.30297096,15.214606,7.408786096,22.15700051,18.83572453,19.23658167,14.04348853,14.91266033,12.0070444,15.11827002,13.99773471,14.16145212,14.36113553,14.91445646,9.419532615,12.86911702,17.072542,10.76436912,12.02355045,16.76090731,13.27436265,9.730433236,9.018327987,4.805164463,13.25411774,13.73652972,12.18020368,13.64675927,11.06451574,11.48014136,14.17553897,17.51468009,23.77233638,35.58633427,8.826809435,12.48479661,10.9849629,17.95924346,24.98188098,7.696992238,8.487914043,8.998429904,16.29302922,14.80873311,14.57960741,14.17726877,17.62832245,17.06517041,10.82871247,18.53801405,15.10986684,17.18143492,12.35197789,19.5162841,17.7158905,15.58482365,9.85855686
2093,9.813780912,5.413896893,16.66389751,6.84175795,17.99906166,7.111415921,10.12713882,15.49963795,22.21620825,22.17475129,5.943461831,13.09719808,8.432206314,10.56983794,20.38590698,18.87555001,18.3222406,19.99542829,38.59828794,10.08747156,9.9490632,15.895623,17.51666444,14.50929896,6.652381765,11.7470406,9.734624787,24.54928278,13.5743637,19.75906118,20.32122258,7.653949964,11.31037751,17.42046879,16.59719899,21.18559303,19.75334497,16.25796405,14.66428955,18.16541978,9.257902314,33.26943152,12.84335623,7.156450056,10.56488057,16.14811991,17.50770734,12.95262512,13.16313388,15.49217837,12.57358556,14.42827605,11.09328464,10.9700787,19.54348802,14.38532616,16.03338329,18.4971389,14.28568199,19.48458649,10.66673286,6.99194755,16.28360577,5.499031696,7.417328985,17.30940976,17.81355628,15.41102513,10.11091876,9.364194704,5.425264245,14.41377501,18.79159706,18.74470996,28.96710946,23.94008489,13.64186741,21.40479566,15.56989137,8.859929514,11.15140564,15.40902089,24.27307974,16.30895191,19.68863954,17.32510143,20.77267995,10.15088333,10.35986936,17.75783014,9.713788542,13.35732315,8.025226671,6.60333961,9.033343061,16.4015108,11.23879343
2094,10.66319211,11.20224538,5.697200251,8.413249805,13.36473027,11.05166428,9.129209058,17.5216723,16.65316403,29.71577691,13.75927668,15.9962641,10.28016083,8.837121937,9.364933547,28.54957634,10.11528805,25.52103176,16.9536121,6.783558466,7.788844463,12.13371592,15.04603624,8.752994876,6.083533051,9.643942473,8.390541283,17.96912592,18.45080781,18.9899161,14.85986745,10.57775294,19.07387131,18.56974122,25.60592737,26.23021325,21.03789049,13.84350714,10.88233978,19.88158334,13.866939,24.5811053,15.77751729,12.07657041,12.69497421,12.3031245,18.61453133,19.37975308,17.11331986,10.17700522,17.02231236,14.19280378,12.81693439,11.05863453,12.7727454,9.869857706,19.59078307,9.444163319,10.90178533,21.27117437,11.01206075,14.04554194,7.160738757,9.286956793,5.137823643,22.1872027,12.1526016,15.11370845,18.41590062,10.40692913,5.686654155,15.3200926,21.11158512,21.57866616,16.59898064,29.12210898,18.90802403,20.6904839,20.94446765,22.46011896,20.01867176,19.57191241,19.14371383,24.70711613,11.50842109,16.27099478,10.49526024,12.50151933,13.7395248,13.8357956,16.14107165,16.62013983,9.222865924,21.70094126,10.22139695,5.727437038,14.21057113
2095,22.33095045,6.693898889,9.749651246,15.36405527,27.78015648,10.04330442,21.66292427,18.22506407,21.92768221,15.69794955,21.44771123,9.915589765,18.20255956,24.05643299,11.42345859,10.94611246,15.62328581,17.72439673,10.69759968,7.674544502,8.062550281,25.02818503,10.93510679,13.18150826,11.56448307,21.36052235,17.34766598,10.43029543,27.9836021,12.16462304,17.08405761,16.16240586,5.025731107,22.508921,12.85220043,12.63448584,17.17278904,36.02603355,12.04071314,13.91761855,29.2171006,26.73348268,19.08856076,25.45789248,15.94732312,15.81324635,21.61661449,15.51170095,18.69665794,8.442872469,10.28040305,14.17288588,18.43465226,12.9758227,12.57064657,24.89924469,16.73240021,24.70763812,9.552961012,7.382062691,17.13467841,16.35152331,15.08992606,10.18769046,8.328134717,24.11900811,9.415933884,14.99220934,12.50802819,15.79577183,7.842597124,18.83404094,27.00392194,17.1766556,17.05992502,22.35239209,10.55868339,21.25132824,11.96883019,12.36960726,21.65104653,12.42004814,23.1410397,15.67369093,8.608392436,18.85567287,12.71183699,14.41349802,11.76280744,24.43021934,10.90368543,16.10662467,9.838950526,11.43626352,21.34498691,9.313104377,8.220281752
2096,11.87677002,9.971120886,15.03583144,13.7781532,8.587187028,7.150298182,9.064972245,9.888468635,13.3252846,10.7600957,27.56687921,16.12636705,21.87454651,16.47359691,19.7984837,9.920252033,18.3016578,12.24288551,8.140662565,10.52111359,6.955083352,16.17796465,14.66152504,13.76528176,13.27108582,10.74913135,12.7285563,13.03368879,14.1429722,14.36182086,24.54664324,19.91876009,11.41833348,10.94552848,17.95497481,20.8621364,16.7109982,13.33449753,14.81611553,13.6613761,38.55767724,26.83201033,25.0745089,23.62540298,11.05103962,15.47200076,17.83764577,19.64370321,18.44149983,10.04390051,18.10634376,18.74807581,16.02901696,10.87671487,10.41302227,15.18908263,8.950592787,22.10615107,10.16471788,21.17487973,8.868323484,14.52086063,14.71826202,13.4350323,3.769950843,14.88775305,15.35175146,19.80351979,12.29269519,8.468594618,7.595242949,26.02701057,19.46366434,12.11443615,20.02035084,24.01237281,18.57897683,21.10572926,14.74379304,12.98459451,10.51196638,13.52343548,15.19977122,13.53011324,20.29171265,33.3281638,12.42629639,14.88600484,19.10184635,10.24946842,13.40856317,24.03498407,10.42562013,13.5798862,10.45664563,12.71851488,11.03046688
2097,11.93524304,16.69480554,13.19201147,13.04967537,13.73643628,8.668339279,12.74517578,16.69130241,10.83963896,11.7597673,17.13680166,14.11961447,15.43930711,10.91322377,17.36775451,24.9634301,17.67687679,12.89851055,14.41909006,8.765842374,8.911663617,23.69253378,10.55084969,11.49264738,14.056399,6.474523775,11.38189182,16.12006877,16.64547531,18.08907566,7.743848727,21.84343287,13.42411958,9.671120549,22.18812341,19.85730218,26.11055262,14.00476893,8.954065567,24.29654277,25.78736703,14.1921092,24.35966384,7.804292906,10.88286415,12.13102895,28.43047079,27.26990797,16.65007129,17.78828352,22.59420748,14.89862186,12.76834992,8.725296476,8.418873838,20.3545734,10.1643866,8.9506512,9.813775835,16.04791644,13.66649597,13.76679542,17.28790721,6.627506757,6.308515498,10.93962222,8.200395689,9.87339005,14.4201786,5.281279855,24.8868216,28.24570877,22.17777588,13.84637167,26.47246903,15.7942345,13.62176848,17.10946019,17.44983572,19.04203111,9.77236917,14.61606244,19.0561227,24.58672124,33.11489792,15.71954095,21.3117961,18.15284771,28.39020766,19.23186633,24.69996325,15.71811372,12.61018502,9.811074605,18.99427442,9.234230122,9.098609812
2098,10.05533576,13.31049324,11.37480561,20.46289511,10.50607305,10.03313145,12.35488834,15.40075571,13.95690103,11.21597821,23.3239777,10.92376191,12.88551838,17.18936456,15.28489787,28.6573556,25.94043862,13.44886929,27.30343031,7.127521369,8.442129025,13.01520028,7.909139464,9.786237124,10.28303044,5.692610975,8.339984926,16.29221074,12.8447467,9.776387683,13.49556331,12.80240876,10.72141323,7.857039352,10.64009135,9.525188093,14.6895403,13.60217786,16.4532294,21.69270883,16.42804832,19.10043421,17.27574593,23.57186416,20.10949646,13.89850262,21.4121686,13.93860492,23.09069607,9.437718069,15.8222564,16.22154879,17.74804917,8.028458876,9.757434605,10.53225481,16.22805197,20.08575646,19.13177365,11.84889626,15.53323983,11.59590492,14.86619772,5.415843174,4.046687901,13.81643675,10.74750071,16.54192405,19.69996423,5.583484007,16.21915482,34.98600313,27.97289175,21.21177745,16.69394152,20.42338508,16.25483562,42.2355959,7.981056833,27.73082567,8.651817302,21.7763334,17.3402373,35.42233843,27.89118006,8.129917131,23.79785117,12.46709113,16.5381077,19.61733421,15.07368783,11.47519882,19.1435466,13.24700049,17.27317991,19.19297375,15.7837795
2099,11.01135874,9.815620423,6.490561309,14.42787586,7.283067491,13.8132555,19.90361576,17.9218871,26.71300546,10.55230921,11.97793779,23.30026616,13.57248952,13.77450924,15.69281728,14.70836866,14.08551751,24.40492177,8.066918321,5.914009607,5.183080721,25.18229421,14.66276912,10.74808804,8.937821613,5.69080324,13.43894009,18.97025332,15.13301927,15.30480587,17.67953514,9.699166017,10.24883722,8.728963696,16.65911512,9.985587729,22.07359676,16.92939715,14.44423503,25.21558629,12.67475851,6.175839511,11.81296387,14.71366247,14.34410811,9.48201598,20.78772401,13.66870138,16.59830763,12.12631761,16.58675002,11.66487074,9.979815531,17.54027758,13.3559756,13.07510354,10.22400498,11.61086985,8.942952079,7.988479279,5.372228826,10.64608292,27.92957919,8.473184886,14.82796506,10.36131328,11.61689367,17.82907474,23.37660827,9.532604132,9.552425514,21.890335,21.26419049,9.523516522,16.21420893,17.51560284,9.037677402,32.06121251,8.440984007,8.798648846,11.31134186,8.54235362,19.72922535,9.314923021,8.433468298,18.289558,15.31311152,17.9747694,19.18449955,17.75524973,15.80110054,10.55702674,17.7149331,17.25006319,11.17967968,21.76282314,14.7648286
