"Upper Colorado River System, Consumptive Uses and Losses 1971-2024",,,,,,,,,,,,,,,,,,,,,,,,,,,,,,,,,,,,,,,,,,,,,,,,,,,,,,,,,,,,,,,,
   Interior Region 7: Upper Colorado Basin,,,,,,,,,,,,,,,,,,,,,,,,,,,,,,,,,,,,,,,,,,,,,,,,,,,,,,,,,,,,,,,,
,,,,,,,,,,,,,,,,,,,,,,,,,,,,,,,,,,,,,,,,,,,,,,,,,,,,,,,,,,,,,,averages,,
USE TYPE,,,STATE,HUC,COUNTY,1971,1972,1973,1974,1975,1976,1977,1978,1979,1980,1981,1982,1983,1984,1985,1986,1987,1988,1989,1990,1991,1992,1993,1994,1995,1996,1997,1998,1999,2000,2001,2002,2003,2004,2005,2006,2007,2008,2009,2010,2011,2012,2013,2014,2015,2016,2017,2018,2019,2020,2021,2022,2023,2024,2025,, 10 yr , 20 yr , 30 yr 
,,,,,,,,,,,,,,,,,,,,,,,,,,,,,,,,,,,,,,,,,,,,,,,,,,,,,,,,,,,,,,,,
TOTAL CONSUMPTIVE USE (Includes undistributed reservoir evaporation),,,,,,"3,658,567 ","3,739,700 ","3,636,568 ","4,061,138 ","3,887,173 ","3,753,170 ","3,120,955 ","4,001,077 ","4,070,013 ","4,097,732 ","4,115,152 ","4,161,712 ","4,086,068 ","3,987,616 ","4,264,431 ","4,226,619 ","4,293,844 ","4,697,624 ","4,712,412 ","4,409,088 ","4,171,588 ","3,860,521 ","4,120,825 ","4,446,529 ","3,962,240 ","4,480,418 ","4,045,901 ","4,214,217 ","4,492,860 ","4,779,726 ","4,940,381 ","3,991,405 ","4,267,451 ","3,940,336 ","4,335,023 ","4,233,799 ","4,469,490 ","4,485,805 ","4,465,003 ","4,400,446 ","4,441,872 ","4,624,963 ","3,563,178 ","4,012,007 ","3,976,450 ","4,308,611 ","4,709,288 ","4,540,771 ","4,623,573 ","4,851,257 ","3,928,805 ","4,051,607 ","4,712,049 ","4,472,497 ","8,448 ",," 4,417,491 "," 4,360,325 "," 4,344,048 "
,,,,,,,,,,,,,,,,,,,,,,,,,,,,,,,,,,,,,,,,,,,,,,,,,,,,,,,,,,,,,,,,
,,,Arizona,,san juan-colorado river," 11,100 "," 12,200 "," 11,400 "," 19,125 "," 23,674 "," 30,507 "," 33,871 "," 32,875 "," 33,913 "," 36,872 "," 41,393 "," 39,334 "," 41,203 "," 43,600 "," 45,671 "," 37,141 "," 38,088 "," 41,341 "," 39,532 "," 35,880 "," 34,499 "," 36,943 "," 35,991 "," 36,387 "," 36,272 "," 34,192 "," 34,319 "," 37,106 "," 38,357 "," 39,865 "," 38,478 "," 38,172 "," 36,603 "," 37,157 "," 36,821 "," 36,288 "," 36,400 "," 34,866 "," 35,301 "," 34,278 "," 34,066 "," 32,990 "," 34,099 "," 34,708 "," 28,708 "," 28,461 "," 28,859 "," 29,175 "," 29,538 "," 10,160 "," 10,907 "," 10,676 "," 12,329 "," 12,436 ", -   ,,,,
,,,Colorado,,green river," 170,399 "," 148,717 "," 141,597 "," 162,402 "," 147,668 "," 137,112 "," 120,325 "," 158,272 "," 158,604 "," 156,959 "," 187,113 "," 172,462 "," 165,777 "," 165,352 "," 166,471 "," 153,989 "," 171,379 "," 223,942 "," 203,125 "," 205,024 "," 182,617 "," 156,003 "," 178,494 "," 219,912 "," 144,042 "," 198,229 "," 137,253 "," 171,935 "," 159,029 "," 198,373 "," 215,354 "," 193,827 "," 192,113 "," 161,572 "," 177,762 "," 173,168 "," 189,874 "," 195,123 "," 171,921 "," 207,077 "," 180,285 "," 208,196 "," 164,460 "," 191,218 "," 191,643 "," 201,438 "," 188,910 "," 238,912 "," 179,441 "," 238,448 "," 179,116 "," 190,328 "," 226,749 "," 196,640 ", 334 ,,,,
,,,,,upper main stem," 1,466,876 "," 1,526,171 "," 1,306,802 "," 1,730,710 "," 1,686,731 "," 1,606,755 "," 1,464,203 "," 1,831,797 "," 1,630,435 "," 1,632,839 "," 1,853,006 "," 1,799,667 "," 1,647,381 "," 1,594,057 "," 1,737,404 "," 1,573,630 "," 1,557,605 "," 1,868,393 "," 1,958,056 "," 1,733,922 "," 1,578,918 "," 1,381,290 "," 1,491,933 "," 1,661,273 "," 1,362,044 "," 1,577,108 "," 1,380,330 "," 1,486,412 "," 1,462,467 "," 1,887,804 "," 1,872,341 "," 1,506,846 "," 1,643,849 "," 1,573,176 "," 1,503,919 "," 1,691,787 "," 1,715,090 "," 1,821,689 "," 1,728,248 "," 1,573,594 "," 1,845,546 "," 1,887,421 "," 1,324,063 "," 1,528,823 "," 1,373,199 "," 1,682,693 "," 1,770,207 "," 1,761,842 "," 1,828,338 "," 1,833,976 "," 1,508,328 "," 1,594,383 "," 1,920,720 "," 1,666,193 "," 1,433 ",,,,
,,,,,san juan-colorado river," 212,338 "," 231,179 "," 213,392 "," 107,894 "," 92,349 "," 48,871 "," 83,417 "," 48,927 "," 77,372 "," 60,856 "," 79,526 "," 84,010 "," 107,931 "," 109,926 "," 97,151 "," 80,994 "," 165,476 "," 185,151 "," 241,101 "," 161,711 "," 106,411 "," 123,858 "," 115,673 "," 118,005 "," 138,925 "," 89,693 "," 79,152 "," 111,179 "," 166,103 "," 96,211 "," 119,993 "," 115,380 "," 130,058 "," 74,164 "," 136,875 "," 74,547 "," 120,324 "," 76,644 "," 158,358 "," 54,254 "," 6,664 "," 59,890 "," 20,321 "," 17,034 "," 13,217 "," 49,286 "," 85,785 "," 68,648 "," 75,744 "," 90,063 "," 116,840 "," 62,283 "," 154,257 "," 54,492 ", 376 ,,,,
,,,,,Total," 1,849,613 "," 1,906,067 "," 1,661,791 "," 2,001,006 "," 1,926,749 "," 1,792,738 "," 1,667,944 "," 2,038,995 "," 1,866,412 "," 1,850,654 "," 2,119,645 "," 2,056,138 "," 1,921,089 "," 1,869,335 "," 2,001,026 "," 1,808,612 "," 1,894,460 "," 2,277,486 "," 2,402,282 "," 2,100,657 "," 1,867,946 "," 1,661,152 "," 1,786,100 "," 1,999,189 "," 1,645,011 "," 1,865,031 "," 1,596,736 "," 1,769,526 "," 1,787,598 "," 2,182,388 "," 2,207,688 "," 1,816,053 "," 1,966,020 "," 1,808,912 "," 1,818,557 "," 1,939,502 "," 2,025,288 "," 2,093,456 "," 2,058,527 "," 1,834,925 "," 2,032,494 "," 2,155,507 "," 1,508,844 "," 1,737,075 "," 1,578,059 "," 1,933,417 "," 2,044,902 "," 2,069,402 "," 2,083,523 "," 2,162,487 "," 1,804,285 "," 1,846,994 "," 2,301,726 "," 1,917,325 "," 2,143 ",,,,
,Total,,New Mexico,,san juan-colorado river," 192,626 "," 203,724 "," 311,832 "," 202,714 "," 293,751 "," 291,666 "," 219,156 "," 324,496 "," 415,824 "," 423,805 "," 278,861 "," 407,577 "," 412,720 "," 378,113 "," 383,345 "," 441,607 "," 378,328 "," 350,331 "," 382,273 "," 390,070 "," 328,658 "," 289,518 "," 333,378 "," 314,722 "," 327,633 "," 311,144 "," 368,195 "," 356,141 "," 361,949 "," 302,588 "," 367,808 "," 280,791 "," 354,579 "," 367,521 "," 443,187 "," 368,749 "," 400,255 "," 427,233 "," 419,939 "," 374,792 "," 392,410 "," 392,180 "," 298,183 "," 348,971 "," 343,895 "," 344,958 "," 456,076 "," 346,425 "," 430,218 "," 385,091 "," 354,600 "," 347,348 "," 424,347 "," 345,359 ", 145 ,,,,
,,,Utah,,green river," 697,347 "," 720,967 "," 690,253 "," 729,361 "," 606,426 "," 605,666 "," 378,968 "," 634,002 "," 664,834 "," 629,146 "," 590,076 "," 555,421 "," 506,224 "," 544,949 "," 668,493 "," 649,248 "," 695,120 "," 678,304 "," 680,202 "," 725,226 "," 784,693 "," 744,779 "," 773,940 "," 781,004 "," 753,734 "," 831,841 "," 703,117 "," 743,357 "," 834,091 "," 863,609 "," 935,121 "," 721,565 "," 806,216 "," 766,224 "," 915,927 "," 765,426 "," 860,601 "," 767,369 "," 801,212 "," 857,553 "," 768,473 "," 833,930 "," 700,840 "," 779,353 "," 839,332 "," 837,620 "," 914,557 "," 841,238 "," 867,515 "," 1,014,287 "," 760,994 "," 831,164 "," 950,326 "," 1,055,387 "," 4,024 ",,,,
,,,,,upper main stem," 12,916 "," 11,928 "," 12,142 "," 13,181 "," 11,934 "," 13,247 "," 6,376 "," 15,620 "," 16,867 "," 16,395 "," 11,936 "," 10,760 "," 12,296 "," 13,476 "," 11,789 "," 12,803 "," 13,432 "," 13,005 "," 12,378 "," 14,000 "," 7,959 "," 8,344 "," 10,926 "," 9,141 "," 8,761 "," 8,833 "," 9,741 "," 12,189 "," 10,008 "," 12,951 "," 11,907 "," 9,791 "," 9,990 "," 9,250 "," 10,614 "," 8,242 "," 9,865 "," 9,657 "," 9,370 "," 11,764 "," 9,982 "," 8,992 "," 5,987 "," 8,002 "," 8,377 "," 10,397 "," 11,402 "," 8,070 "," 11,379 "," 10,454 "," 7,609 "," 7,974 "," 13,101 "," 9,918 ", -   ,,,,
,,,,,san juan-colorado river," 58,170 "," 55,741 "," 65,121 "," 64,104 "," 51,886 "," 45,019 "," 25,122 "," 52,428 "," 64,028 "," 61,193 "," 52,908 "," 56,255 "," 69,785 "," 71,055 "," 72,132 "," 67,412 "," 60,599 "," 59,844 "," 62,438 "," 57,772 "," 63,964 "," 63,177 "," 74,602 "," 80,833 "," 78,439 "," 78,114 "," 68,346 "," 66,614 "," 81,422 "," 88,493 "," 90,843 "," 67,651 "," 71,997 "," 77,036 "," 74,691 "," 68,065 "," 82,652 "," 70,759 "," 80,866 "," 77,937 "," 76,537 "," 74,866 "," 61,744 "," 79,242 "," 83,569 "," 86,264 "," 88,624 "," 82,038 "," 90,385 "," 95,092 "," 65,917 "," 73,277 "," 85,671 "," 88,737 ", 21 ,,,,
,,,,,Total," 768,433 "," 788,636 "," 767,516 "," 806,646 "," 670,246 "," 663,932 "," 410,466 "," 702,050 "," 745,729 "," 706,734 "," 654,920 "," 622,436 "," 588,305 "," 629,481 "," 752,414 "," 729,463 "," 769,152 "," 751,153 "," 755,018 "," 796,997 "," 856,616 "," 816,299 "," 859,468 "," 870,979 "," 840,934 "," 918,787 "," 781,203 "," 822,160 "," 925,522 "," 965,054 "," 1,037,871 "," 799,007 "," 888,203 "," 852,510 "," 1,001,231 "," 841,733 "," 953,117 "," 847,785 "," 891,448 "," 947,254 "," 854,992 "," 917,788 "," 768,571 "," 866,597 "," 931,278 "," 934,281 "," 1,014,582 "," 931,346 "," 969,279 "," 1,119,833 "," 834,521 "," 912,415 "," 1,049,098 "," 1,154,042 "," 4,045 ",,,,
,,,Wyoming,,green river," 368,477 "," 355,571 "," 348,701 "," 416,280 "," 329,916 "," 324,538 "," 231,497 "," 357,695 "," 359,358 "," 357,551 "," 345,548 "," 335,795 "," 351,752 "," 317,922 "," 345,159 "," 470,188 "," 474,601 "," 557,014 "," 474,450 "," 515,588 "," 550,433 "," 542,890 "," 499,625 "," 613,003 "," 426,754 "," 650,609 "," 546,134 "," 498,078 "," 649,310 "," 600,009 "," 647,765 "," 524,979 "," 570,006 "," 491,694 "," 607,706 "," 595,678 "," 601,425 "," 587,619 "," 526,661 "," 678,145 "," 558,017 "," 609,019 "," 529,641 "," 582,008 "," 633,737 "," 598,842 "," 652,482 "," 712,196 "," 650,692 "," 727,253 "," 590,286 "," 666,370 "," 589,642 "," 686,759 "," 2,115 ",,,,
,,,,,,,,,,,,,,,,,,,,,,,,,,,,,,,,,,,,,,,,,,,,,,,,,,,,,,,,,,,,,,,,
,,,,,Grand Total (excludes undistributed reservoir evaporation)    ," 3,190,249 "," 3,266,198 "," 3,101,239 "," 3,445,771 "," 3,244,335 "," 3,103,380 "," 2,562,934 "," 3,456,110 "," 3,421,235 "," 3,375,616 "," 3,440,368 "," 3,461,280 "," 3,315,069 "," 3,238,450 "," 3,527,616 "," 3,487,012 "," 3,554,629 "," 3,977,325 "," 4,053,555 "," 3,839,193 "," 3,638,153 "," 3,346,802 "," 3,514,562 "," 3,834,281 "," 3,276,604 "," 3,779,763 "," 3,326,587 "," 3,483,011 "," 3,762,736 "," 4,089,904 "," 4,299,610 "," 3,459,003 "," 3,815,412 "," 3,557,794 "," 3,907,501 "," 3,781,950 "," 4,016,486 "," 3,990,958 "," 3,931,877 "," 3,869,394 "," 3,871,979 "," 4,107,485 "," 3,139,338 "," 3,569,359 "," 3,515,679 "," 3,839,960 "," 4,196,901 "," 4,088,545 "," 4,163,249 "," 4,404,824 "," 3,594,598 "," 3,783,803 "," 4,377,142 "," 4,115,921 "," 8,448 ",," 4,008,062 "," 3,913,347 "," 3,837,246 "
,,,,,,,,,,,,,,,,,,,,,,,,,,,,,,,,,,,,,,,,,,,,,,,,,,,,,,,,,,,,,,,,
,,total from below (excludes undistributed reservoirs),,,," 3,190,249 "," 3,266,198 "," 3,101,239 "," 3,445,771 "," 3,244,335 "," 3,103,380 "," 2,562,934 "," 3,456,110 "," 3,421,235 "," 3,375,616 "," 3,440,368 "," 3,461,280 "," 3,315,069 "," 3,238,450 "," 3,527,616 "," 3,487,012 "," 3,554,629 "," 3,977,325 "," 4,053,555 "," 3,839,193 "," 3,638,153 "," 3,346,802 "," 3,514,562 "," 3,834,281 "," 3,276,604 "," 3,779,763 "," 3,326,587 "," 3,483,011 "," 3,762,736 "," 4,089,904 "," 4,299,610 "," 3,459,003 "," 3,815,412 "," 3,557,794 "," 3,907,501 "," 3,781,950 "," 4,016,486 "," 3,990,958 "," 3,931,877 "," 3,869,394 "," 3,871,979 "," 4,107,485 "," 3,139,338 "," 3,569,359 "," 3,515,679 "," 3,839,960 "," 4,196,901 "," 4,088,545 "," 4,163,249 "," 4,404,824 "," 3,594,598 "," 3,783,803 "," 4,377,142 "," 4,115,921 "," 8,448 ",,,,
,,CU&L undistributed reservoir evaporation,,,," 468,318 "," 473,502 "," 535,329 "," 615,367 "," 642,838 "," 649,790 "," 558,021 "," 544,966 "," 648,778 "," 722,117 "," 674,783 "," 700,432 "," 770,999 "," 749,166 "," 736,816 "," 739,607 "," 739,215 "," 720,298 "," 658,856 "," 569,895 "," 533,436 "," 513,718 "," 606,263 "," 612,248 "," 685,636 "," 700,655 "," 719,314 "," 731,206 "," 730,124 "," 689,822 "," 640,771 "," 532,402 "," 452,040 "," 382,542 "," 427,521 "," 451,849 "," 453,004 "," 494,846 "," 533,126 "," 531,052 "," 569,893 "," 517,478 "," 423,840 "," 442,648 "," 460,771 "," 468,651 "," 512,387 "," 452,227 "," 460,323 "," 446,433 "," 334,206 "," 267,804 "," 334,908 "," 356,577 ", -   ,," 409,429 "," 446,977 "," 506,802 "
,,,,Flaming Gorge,," 68,523 "," 79,091 "," 77,932 "," 83,468 "," 83,664 "," 83,640 "," 62,883 "," 66,716 "," 67,120 "," 72,311 "," 74,001 "," 78,299 "," 85,654 "," 84,057 "," 80,358 "," 81,239 "," 81,897 "," 77,191 "," 73,516 "," 75,352 "," 80,305 "," 78,487 "," 80,461 "," 75,469 "," 79,319 "," 79,862 "," 82,608 "," 82,986 "," 81,236 "," 76,163 "," 74,449 "," 69,799 "," 68,206 "," 68,248 "," 76,418 "," 76,467 "," 76,574 "," 75,331 "," 79,668 "," 78,411 "," 81,409 "," 76,648 "," 72,629 "," 78,259 "," 81,778 "," 79,655 "," 81,524 "," 81,751 "," 81,815 "," 79,030 "," 75,805 "," 69,101 "," 76,463 "," 76,940 ", -   ,,,,
,,,,Blue Mesa,," 7,297 "," 7,155 "," 8,028 "," 7,586 "," 7,360 "," 7,980 "," 5,729 "," 7,871 "," 8,040 "," 8,314 "," 6,763 "," 7,570 "," 8,583 "," 8,256 "," 8,373 "," 8,304 "," 8,279 "," 7,206 "," 8,217 "," 8,362 "," 9,008 "," 8,355 "," 8,546 "," 8,525 "," 8,569 "," 8,708 "," 8,392 "," 8,180 "," 8,749 "," 8,409 "," 8,102 "," 6,507 "," 6,361 "," 7,778 "," 7,786 "," 8,817 "," 8,654 "," 8,160 "," 8,801 "," 8,422 "," 8,458 "," 7,198 "," 6,462 "," 8,126 "," 8,875 "," 8,638 "," 8,877 "," 6,898 "," 7,890 "," 7,734 "," 6,081 "," 5,821 "," 8,047 "," 8,115 ", -   ,,,,
,,,,Morrow Point,, 848 , 845 , 843 , 845 , 831 , 845 , 832 , 840 , 840 , 838 , 839 , 836 , 842 , 844 , 842 , 841 , 839 , 836 , 832 , 832 , 831 , 812 , 832 , 821 , 825 , 823 , 823 , 827 , 825 , 829 , 819 , 783 , 823 , 826 , 822 , 820 , 824 , 825 , 820 , 824 , 830 , 829 , 819 , 814 , 820 , 817 , 821 , 817 , 820 , 810 , 812 , 819 , 816 , 820 , -   ,,,,
,,,,Lake Powell,," 391,651 "," 386,412 "," 448,526 "," 523,468 "," 550,984 "," 557,326 "," 488,578 "," 469,539 "," 572,778 "," 640,654 "," 593,181 "," 613,727 "," 675,920 "," 656,008 "," 647,243 "," 649,224 "," 648,201 "," 635,066 "," 576,292 "," 485,348 "," 443,291 "," 426,064 "," 516,425 "," 527,433 "," 596,923 "," 611,262 "," 627,491 "," 639,213 "," 639,314 "," 604,421 "," 557,401 "," 455,314 "," 376,649 "," 305,689 "," 342,495 "," 365,745 "," 366,952 "," 410,531 "," 443,836 "," 443,395 "," 479,196 "," 432,803 "," 343,930 "," 355,449 "," 369,298 "," 379,542 "," 421,165 "," 362,761 "," 369,798 "," 358,860 "," 251,508 "," 192,064 "," 249,582 "," 270,701 ", -   ,,,,
,,subtotal (including undistributed reservoirs),,,," 3,658,567 "," 3,739,700 "," 3,636,568 "," 4,061,138 "," 3,887,173 "," 3,753,170 "," 3,120,955 "," 4,001,077 "," 4,070,013 "," 4,097,732 "," 4,115,152 "," 4,161,712 "," 4,086,068 "," 3,987,616 "," 4,264,431 "," 4,226,619 "," 4,293,844 "," 4,697,624 "," 4,712,412 "," 4,409,088 "," 4,171,588 "," 3,860,521 "," 4,120,825 "," 4,446,529 "," 3,962,240 "," 4,480,418 "," 4,045,901 "," 4,214,217 "," 4,492,860 "," 4,779,726 "," 4,940,381 "," 3,991,405 "," 4,267,451 "," 3,940,336 "," 4,335,023 "," 4,233,799 "," 4,469,490 "," 4,485,805 "," 4,465,003 "," 4,400,446 "," 4,441,872 "," 4,624,963 "," 3,563,178 "," 4,012,007 "," 3,976,450 "," 4,308,611 "," 4,709,288 "," 4,540,771 "," 4,623,573 "," 4,851,257 "," 3,928,805 "," 4,051,607 "," 4,712,049 "," 4,472,497 "," 8,448 ",,,,
,,,,,undistributed back check, -   , -   , -   , -   , -   , -   , -   , -   , -   , -   , -   , -   , -   , -   , -   , -   , -   , -   , -   , -   , -   , -   , -   , -   , -   , -   , -   , -   , -   , -   , -   , -   , -   , -   , -   , -   , -   , -   , -   , -   , -   , -   , -   , -   , -   , -   , -   , -   , -   , -   , -   , -   , -   , -   , -   ,,,,
,,,,,FINAL BACK CHECK, -   , -   , -   , -   , -   , -   , -   , -   , -   , -   , -   , -   , -   , -   , -   , -   , -   , -   , -   , -   , -   , -   , -   , -   , -   , -   , -   , -   , -   , -   , -   , -   , -   , -   , -   , -   , -   , -   , -   , -   , -   , -   , -   , -   , -   , -   , -   , -   , -   , -   , -   , -   , -   , -   , -   ,,,,
Maj Res,,Moon Lake, Utah ,14060003,0,,,,,,,,,,,,,,,,976,951,666,655,821,746,725,903,728,914,0,0,0,0,0,0,0,0,0,0,0,0,0,0,0,0,0,0,0,0,0,0,0,0,0,0,0,0,0,0,,,,
Mineral,,closed basin,Wyoming,14040200,0,,,,,,,,,,,,,,,,1110,930,751,572,392,437,482,527,572,617,0,0,0,0,0,0,0,0,0,0,0,0,0,0,0,0,0,0,0,0,0,0,0,0,0,0,0,0,0,0,,,,
M&I,,closed basin,Wyoming,14040200,0,,,,,,,,,,,,,,,,113,102,89,78,67,67,67,56,56,56,0,0,0,0,0,0,0,0,0,0,0,0,0,0,0,0,0,0,0,0,0,0,0,0,0,0,0,0,0,0,,,,
,,,,,,,,,,,,,,,,,,,,,,,,,,,,,,,,,,,,,,,,,,,,,,,,,,,,,,,,,,,,,,,,
,,,,,,,,,,,,,,,,,,,,,,,,,,,,,,,,,,,,,,,,,,,,,,,,,,,,,,,,,,,,,,,,
,,,,,,,,,,,,,,,,,,,,,,,,,,,,,,,,,,,,,,,,,,,,,,,,,,,,,,,,,,,,,,,,
Irrigated Agriculture ,,,,,TOTAL," 2,312,362 "," 2,294,485 "," 2,133,277 "," 2,415,734 "," 2,106,605 "," 2,077,240 "," 1,606,601 "," 2,234,387 "," 2,310,179 "," 2,310,383 "," 2,257,851 "," 2,247,546 "," 2,294,320 "," 2,200,974 "," 2,386,486 "," 2,350,416 "," 2,508,831 "," 2,769,088 "," 2,785,211 "," 2,670,569 "," 2,387,097 "," 2,100,717 "," 2,140,081 "," 2,559,284 "," 2,144,384 "," 2,596,018 "," 2,014,298 "," 2,312,258 "," 2,568,373 "," 2,781,142 "," 2,874,274 "," 2,294,636 "," 2,598,249 "," 2,335,762 "," 2,614,159 "," 2,396,316 "," 2,735,239 "," 2,526,524 "," 2,611,318 "," 2,662,606 "," 2,522,283 "," 2,863,324 "," 1,993,456 "," 2,433,316 "," 2,516,851 "," 2,672,723 "," 2,913,022 "," 2,903,370 "," 2,844,000 "," 3,246,070 "," 2,420,787 "," 2,615,309 "," 3,155,603 "," 2,828,336 ", -   ,,,,
,,,,,,,,,,,,,,,,,,,,,,,,,,,,,,,,,,,,,,,,,,,,,,,,,,,,,,,,,,,,,,,,
,,,Arizona,,san juan-colorado river," 2,500 "," 2,900 "," 4,000 "," 4,250 "," 3,540 "," 2,690 "," 3,810 "," 4,300 "," 5,320 "," 6,290 "," 4,575 "," 5,664 "," 6,523 "," 5,800 "," 5,800 "," 3,839 "," 3,377 "," 3,275 "," 3,372 "," 3,620 ", 69 , 783 , 911 , 545 , 759 , 344 , 406 , 446 , 313 , 322 , 451 , 141 , 487 , 216 , 974 , 52 , 649 , 238 , 93 , 338 , 203 , 46 , 118 , 46 , 971 , 118 , 230 , 123 , 686 , 118 , 70 , 421 , 429 , 923 , -   ,,,,
,,,Colorado,,green river," 147,229 "," 128,045 "," 120,533 "," 140,336 "," 124,835 "," 117,430 "," 101,285 "," 135,420 "," 134,259 "," 129,310 "," 156,093 "," 142,308 "," 139,679 "," 136,239 "," 131,407 "," 120,154 "," 137,987 "," 185,850 "," 167,112 "," 169,852 "," 148,563 "," 122,132 "," 143,938 "," 183,105 "," 110,111 "," 166,866 "," 103,697 "," 133,426 "," 123,503 "," 167,017 "," 179,551 "," 160,618 "," 156,421 "," 126,980 "," 144,874 "," 140,990 "," 156,630 "," 159,698 "," 137,856 "," 169,927 "," 143,332 "," 171,224 "," 128,683 "," 156,178 "," 158,242 "," 165,852 "," 154,757 "," 206,771 "," 149,103 "," 207,455 "," 146,911 "," 156,734 "," 198,112 "," 167,774 ", -   ,,,,
,,,,,upper main stem," 985,971 "," 974,215 "," 842,480 "," 1,013,597 "," 921,269 "," 904,678 "," 822,262 "," 986,244 "," 984,831 "," 1,006,678 "," 1,059,417 "," 1,016,865 "," 1,009,453 "," 922,455 "," 1,011,259 "," 836,124 "," 964,544 "," 1,089,711 "," 1,125,821 "," 1,033,207 "," 810,301 "," 639,109 "," 654,959 "," 826,741 "," 634,276 "," 768,607 "," 580,476 "," 758,090 "," 772,735 "," 950,371 "," 902,047 "," 816,571 "," 888,979 "," 774,357 "," 756,950 "," 711,136 "," 867,751 "," 802,620 "," 850,778 "," 800,141 "," 814,819 "," 935,370 "," 604,295 "," 723,061 "," 748,144 "," 865,764 "," 891,735 "," 903,172 "," 877,532 "," 958,461 "," 772,885 "," 797,912 "," 1,071,292 "," 812,869 ", -   ,,,,
,,,,,san juan-colorado river," 191,556 "," 210,840 "," 194,865 "," 206,454 "," 210,639 "," 167,710 "," 129,778 "," 153,212 "," 186,034 "," 173,000 "," 187,290 "," 204,140 "," 209,339 "," 224,098 "," 202,003 "," 196,249 "," 285,137 "," 317,973 "," 393,341 "," 309,890 "," 259,848 "," 261,714 "," 254,264 "," 289,903 "," 304,270 "," 292,432 "," 233,082 "," 305,424 "," 329,637 "," 312,828 "," 330,122 "," 198,871 "," 280,126 "," 272,761 "," 319,551 "," 270,419 "," 319,436 "," 292,002 "," 343,429 "," 250,028 "," 269,856 "," 323,614 "," 162,074 "," 245,740 "," 216,790 "," 274,020 "," 326,398 "," 248,944 "," 310,894 "," 331,777 "," 202,752 "," 217,684 "," 356,858 "," 254,774 ", -   ,,,,
,,,,,Total," 1,324,756 "," 1,313,100 "," 1,157,878 "," 1,360,387 "," 1,256,743 "," 1,189,818 "," 1,053,325 "," 1,274,876 "," 1,305,124 "," 1,308,988 "," 1,402,800 "," 1,363,313 "," 1,358,472 "," 1,282,793 "," 1,344,668 "," 1,152,527 "," 1,387,668 "," 1,593,534 "," 1,686,273 "," 1,512,948 "," 1,218,712 "," 1,022,955 "," 1,053,162 "," 1,299,748 "," 1,048,657 "," 1,227,905 "," 917,255 "," 1,196,941 "," 1,225,875 "," 1,430,216 "," 1,411,720 "," 1,176,060 "," 1,325,526 "," 1,174,098 "," 1,221,375 "," 1,122,545 "," 1,343,817 "," 1,254,319 "," 1,332,064 "," 1,220,096 "," 1,228,008 "," 1,430,208 "," 895,052 "," 1,124,979 "," 1,123,176 "," 1,305,637 "," 1,372,890 "," 1,358,887 "," 1,337,528 "," 1,497,693 "," 1,122,548 "," 1,172,330 "," 1,626,261 "," 1,235,417 ", -   ,,,,
,Irr. Ag.,,New Mexico,,san juan-colorado river," 86,627 "," 98,019 "," 94,264 "," 102,050 "," 94,115 "," 146,628 "," 138,355 "," 163,526 "," 186,494 "," 210,479 "," 152,189 "," 196,250 "," 200,958 "," 178,053 "," 206,324 "," 270,396 "," 213,677 "," 204,935 "," 241,856 "," 229,974 "," 129,436 "," 115,110 "," 130,884 "," 142,048 "," 150,164 "," 167,376 "," 140,198 "," 172,058 "," 157,607 "," 173,460 "," 171,211 "," 191,710 "," 214,226 "," 201,197 "," 197,230 "," 195,571 "," 205,947 "," 202,753 "," 226,913 "," 200,559 "," 206,992 "," 259,563 "," 173,429 "," 213,164 "," 173,503 "," 178,077 "," 222,509 "," 247,981 "," 220,656 "," 268,656 "," 234,251 "," 218,928 "," 236,321 "," 220,006 ", -   ,,,,
,,,Utah,,green river," 535,487 "," 541,662 "," 534,935 "," 550,710 "," 443,487 "," 441,003 "," 242,681 "," 460,846 "," 472,082 "," 453,413 "," 409,151 "," 403,547 "," 407,310 "," 438,749 "," 510,745 "," 473,064 "," 461,312 "," 440,392 "," 421,775 "," 463,353 "," 540,837 "," 465,993 "," 498,885 "," 535,099 "," 530,799 "," 577,880 "," 445,395 "," 485,037 "," 557,955 "," 588,858 "," 648,354 "," 427,853 "," 521,119 "," 493,976 "," 616,756 "," 521,828 "," 597,044 "," 516,285 "," 543,574 "," 582,035 "," 541,555 "," 581,139 "," 433,233 "," 525,621 "," 590,829 "," 588,068 "," 660,533 "," 592,907 "," 633,976 "," 739,682 "," 494,532 "," 579,004 "," 702,326 "," 680,362 ", -   ,,,,
,,,,,upper main stem," 10,274 "," 9,377 "," 9,473 "," 10,403 "," 9,247 "," 10,982 "," 3,983 "," 13,193 "," 14,501 "," 13,968 "," 9,072 "," 7,721 "," 9,102 "," 10,061 "," 9,640 "," 9,564 "," 10,234 "," 9,712 "," 9,071 "," 10,636 "," 4,772 "," 5,262 "," 8,027 "," 6,348 "," 6,164 "," 5,971 "," 6,677 "," 8,816 "," 6,409 "," 9,108 "," 8,337 "," 6,453 "," 6,909 "," 6,410 "," 8,010 "," 5,592 "," 7,153 "," 6,911 "," 6,584 "," 8,969 "," 7,147 "," 6,143 "," 3,137 "," 5,144 "," 5,557 "," 7,507 "," 8,502 "," 5,153 "," 8,466 "," 7,524 "," 4,625 "," 4,939 "," 10,053 "," 6,870 ", -   ,,,,
,,,,,san juan-colorado river," 42,802 "," 37,668 "," 51,907 "," 43,378 "," 40,104 "," 40,765 "," 16,822 "," 46,661 "," 59,099 "," 56,369 "," 42,919 "," 46,759 "," 58,778 "," 60,294 "," 63,450 "," 60,333 "," 54,199 "," 53,530 "," 53,810 "," 48,936 "," 55,031 "," 55,491 "," 67,627 "," 71,693 "," 71,016 "," 68,257 "," 59,873 "," 59,640 "," 74,492 "," 78,536 "," 83,387 "," 60,591 "," 61,617 "," 66,379 "," 66,975 "," 60,058 "," 73,959 "," 62,969 "," 72,064 "," 70,447 "," 68,323 "," 67,189 "," 54,585 "," 69,595 "," 76,212 "," 78,279 "," 80,856 "," 74,046 "," 82,399 "," 87,100 "," 56,255 "," 63,120 "," 76,173 "," 78,704 ", -   ,,,,
,,,,,Total," 588,563 "," 588,707 "," 596,315 "," 604,491 "," 492,838 "," 492,750 "," 263,486 "," 520,700 "," 545,682 "," 523,750 "," 461,142 "," 458,027 "," 475,190 "," 509,104 "," 583,835 "," 542,961 "," 525,744 "," 503,633 "," 484,655 "," 522,926 "," 600,640 "," 526,746 "," 574,539 "," 613,139 "," 607,979 "," 652,108 "," 511,945 "," 553,493 "," 638,857 "," 676,502 "," 740,077 "," 494,897 "," 589,645 "," 566,765 "," 691,741 "," 587,479 "," 678,156 "," 586,165 "," 622,222 "," 661,451 "," 617,025 "," 654,471 "," 490,955 "," 600,360 "," 672,598 "," 673,854 "," 749,890 "," 672,105 "," 724,840 "," 834,307 "," 555,413 "," 647,063 "," 788,552 "," 765,936 ", -   ,,,,
,,,Wyoming,,green river," 309,916 "," 291,759 "," 280,820 "," 344,556 "," 259,369 "," 245,354 "," 147,625 "," 270,985 "," 267,559 "," 260,876 "," 237,146 "," 224,292 "," 253,178 "," 225,224 "," 245,859 "," 380,693 "," 378,365 "," 463,711 "," 369,055 "," 401,101 "," 438,240 "," 435,122 "," 380,585 "," 503,803 "," 336,824 "," 548,285 "," 444,494 "," 389,320 "," 545,720 "," 500,643 "," 550,814 "," 431,829 "," 468,365 "," 393,487 "," 502,838 "," 490,669 "," 506,670 "," 483,049 "," 430,028 "," 580,160 "," 470,055 "," 519,036 "," 433,903 "," 494,766 "," 546,602 "," 515,038 "," 567,502 "," 624,274 "," 560,288 "," 645,296 "," 508,505 "," 576,567 "," 504,041 "," 606,055 ", -   ,,,,
,,,,,,,,,,,,,,,,,,,,,,,,,,,,,,,,,,,,,,,,,,,,,,,,,,,,,,,,,,,,,,,,
,,,,,Grand Total    ," 2,312,362 "," 2,294,485 "," 2,133,277 "," 2,415,734 "," 2,106,605 "," 2,077,240 "," 1,606,601 "," 2,234,387 "," 2,310,179 "," 2,310,383 "," 2,257,851 "," 2,247,546 "," 2,294,320 "," 2,200,974 "," 2,386,486 "," 2,350,416 "," 2,508,831 "," 2,769,088 "," 2,785,211 "," 2,670,569 "," 2,387,097 "," 2,100,717 "," 2,140,081 "," 2,559,284 "," 2,144,384 "," 2,596,018 "," 2,014,298 "," 2,312,258 "," 2,568,373 "," 2,781,142 "," 2,874,274 "," 2,294,636 "," 2,598,249 "," 2,335,762 "," 2,614,159 "," 2,396,316 "," 2,735,239 "," 2,526,524 "," 2,611,318 "," 2,662,606 "," 2,522,283 "," 2,863,324 "," 1,993,456 "," 2,433,316 "," 2,516,851 "," 2,672,723 "," 2,913,022 "," 2,903,370 "," 2,844,000 "," 3,246,070 "," 2,420,787 "," 2,615,309 "," 3,155,603 "," 2,828,336 ", -   ,,,,
,,,,,,   ,,,,,,,,,,,,,,,,,,,,,,,,,,,,,,,,,,,,,,,,,,,,,,,,,,,,,,,,,,
Livestock ,,,,,TOTAL," 15,900 "," 16,020 "," 15,155 "," 17,004 "," 14,759 "," 13,700 "," 12,700 "," 11,600 "," 12,200 "," 12,000 "," 17,016 "," 16,845 "," 16,815 "," 16,525 "," 15,775 "," 13,857 "," 13,474 "," 13,599 "," 13,881 "," 13,387 "," 13,127 "," 13,042 "," 13,477 "," 13,877 "," 15,269 "," 12,692 "," 12,898 "," 12,326 "," 11,883 "," 11,434 "," 11,574 "," 9,894 "," 9,496 "," 9,110 "," 9,397 "," 9,680 "," 9,661 "," 9,744 "," 9,840 "," 9,811 "," 9,789 "," 10,188 "," 10,241 "," 10,111 "," 10,156 "," 10,497 "," 10,893 "," 10,965 "," 10,944 "," 10,785 "," 11,331 "," 10,915 "," 10,915 "," 10,918 ", -   ,,,,
,,,,,,,,,,,,,,,,,,,,,,,,,,,,,,,,,,,,,,,,,,,,,,,,,,,,,,,,,,,,,,,,
,,,Arizona,,san juan-colorado river, -   , -   , -   , -   , -   , -   , -   , -   , -   , -   ," 2,400 "," 2,400 "," 2,400 "," 2,400 "," 2,400 "," 1,500 "," 1,500 "," 1,500 "," 1,500 "," 1,500 "," 1,500 "," 1,500 "," 1,500 "," 1,470 "," 2,590 ", 243 , 243 , 243 , 248 , 250 , 218 , 218 , 218 , 218 , 218 , 218 , 245 , 278 , 461 , 533 , 638 , 397 , 426 , 457 , 489 , 522 ," 1,036 "," 1,036 "," 1,036 "," 1,036 "," 1,036 "," 1,036 "," 1,036 "," 1,039 ", -   ,,,,
,,,Colorado,,green river," 2,777 "," 2,322 "," 2,231 "," 2,549 "," 2,367 "," 1,800 "," 1,700 "," 1,500 "," 1,700 "," 1,600 "," 1,830 "," 1,730 "," 1,710 "," 1,740 "," 1,650 "," 1,607 "," 1,601 "," 1,508 "," 1,517 "," 1,487 "," 1,455 "," 1,471 "," 1,522 "," 1,572 "," 1,622 "," 1,429 "," 1,482 "," 1,452 "," 1,422 "," 1,392 "," 1,556 "," 1,135 "," 1,294 "," 1,156 "," 1,233 ", 991 , 931 , 931 , 886 , 892 ," 1,014 "," 1,249 "," 1,246 "," 1,181 "," 1,179 "," 1,204 "," 1,186 "," 1,196 "," 1,196 "," 1,159 "," 1,433 "," 1,444 "," 1,444 "," 1,444 ", -   ,,,,
,,,,,upper main stem," 6,467 "," 6,991 "," 7,283 "," 7,516 "," 6,234 "," 5,300 "," 4,900 "," 4,400 "," 4,800 "," 4,900 "," 4,060 "," 3,840 "," 3,800 "," 3,870 "," 3,670 "," 4,293 "," 4,031 "," 4,017 "," 4,047 "," 3,934 "," 3,916 "," 3,918 "," 4,103 "," 4,287 "," 4,473 "," 4,470 "," 4,671 "," 4,389 "," 4,107 "," 3,825 "," 3,381 "," 2,704 "," 2,605 "," 2,213 "," 2,410 "," 2,561 "," 2,388 "," 2,430 "," 2,293 "," 2,216 "," 2,464 "," 2,725 "," 2,752 "," 2,658 "," 2,685 "," 2,804 "," 3,167 "," 3,201 "," 3,199 "," 3,100 "," 2,864 "," 2,626 "," 2,626 "," 2,626 ", -   ,,,,
,,,,,san juan-colorado river," 1,407 "," 1,486 ", 982 ," 1,300 "," 1,008 "," 1,300 "," 1,200 "," 1,100 "," 1,200 "," 1,100 "," 2,230 "," 2,110 "," 2,090 "," 2,130 "," 2,020 "," 1,055 ", 978 ," 1,011 "," 1,046 "," 1,016 ", 986 , 971 , 999 ," 1,026 "," 1,053 "," 1,060 "," 1,088 "," 1,006 ", 925 , 843 , 942 , 712 , 692 , 601 , 607 , 653 , 731 , 756 , 709 , 715 , 765 , 815 , 826 , 802 , 821 , 857 , 806 , 806 , 800 , 768 , 758 , 706 , 706 , 706 , -   ,,,,
,,,,,Total," 10,651 "," 10,799 "," 10,495 "," 11,365 "," 9,610 "," 8,400 "," 7,800 "," 7,000 "," 7,700 "," 7,600 "," 8,120 "," 7,680 "," 7,600 "," 7,740 "," 7,340 "," 6,955 "," 6,609 "," 6,536 "," 6,611 "," 6,437 "," 6,357 "," 6,360 "," 6,623 "," 6,885 "," 7,148 "," 6,959 "," 7,242 "," 6,848 "," 6,454 "," 6,061 "," 5,880 "," 4,552 "," 4,591 "," 3,970 "," 4,250 "," 4,205 "," 4,050 "," 4,116 "," 3,888 "," 3,823 "," 4,243 "," 4,789 "," 4,823 "," 4,642 "," 4,685 "," 4,864 "," 5,158 "," 5,204 "," 5,194 "," 5,027 "," 5,056 "," 4,776 "," 4,776 "," 4,776 ", -   ,,,,
,Livestk.,,New Mexico,,san juan-colorado river, 507 , 525 , 417 , 543 , 435 , 500 , 400 , 400 , 400 , 400 ," 1,606 "," 1,625 "," 1,625 "," 1,625 "," 1,625 ", 821 , 828 , 848 , 862 , 828 , 842 , 817 , 769 , 758 , 770 , 712 , 719 , 781 , 806 , 782 , 694 , 559 , 452 , 447 , 458 , 559 , 600 , 636 , 645 , 661 , 674 , 653 , 630 , 622 , 626 , 601 , 558 , 503 , 501 , 484 , 532 , 499 , 499 , 499 , -   ,,,,
,,,Utah,,green river," 1,654 "," 1,694 "," 1,418 "," 1,891 "," 1,772 "," 1,700 "," 1,500 "," 1,500 "," 1,400 "," 1,500 "," 1,550 "," 1,600 "," 1,590 "," 1,470 "," 1,350 "," 1,595 "," 1,545 "," 1,579 "," 1,720 "," 1,665 "," 1,668 "," 1,665 "," 1,728 "," 1,843 "," 1,861 "," 2,255 "," 2,095 "," 2,068 "," 1,965 "," 1,994 "," 1,884 "," 1,923 "," 1,674 "," 1,752 "," 1,781 "," 1,884 "," 1,926 "," 1,884 "," 1,889 "," 1,889 "," 1,550 "," 1,527 "," 1,556 "," 1,579 "," 1,525 "," 1,628 "," 1,458 "," 1,512 "," 1,541 "," 1,555 "," 1,750 "," 1,724 "," 1,724 "," 1,724 ", -   ,,,,
,,,,,upper main stem, 286 , 229 , 229 , 286 , 229 , 100 , 100 , 100 , 100 , 100 , 50 , 50 , 50 , 50 , 40 , 157 , 154 , 145 , 138 , 122 , 105 , 106 , 96 , 109 , 113 , 109 , 157 , 149 , 135 , 121 , 101 , 95 , 82 , 87 , 101 , 89 , 109 , 94 , 98 , 98 , 85 , 92 , 94 , 96 , 93 , 101 , 116 , 119 , 123 , 124 , 138 , 137 , 137 , 137 , -   ,,,,
,,,,,san juan-colorado river, 376 , 396 , 317 , 396 , 336 , 500 , 500 , 500 , 500 , 500 ," 1,220 "," 1,260 "," 1,250 "," 1,160 "," 1,070 ", 561 , 554 , 544 , 602 , 584 , 575 , 585 , 598 , 574 , 604 , 805 , 753 , 742 , 711 , 684 , 599 , 618 , 530 , 552 , 554 , 586 , 724 , 695 , 712 , 712 , 607 , 519 , 570 , 551 , 523 , 562 , 513 , 526 , 542 , 551 , 558 , 537 , 537 , 537 , -   ,,,,
,,,,,Total," 2,317 "," 2,318 "," 1,964 "," 2,573 "," 2,338 "," 2,300 "," 2,100 "," 2,100 "," 2,000 "," 2,100 "," 2,820 "," 2,910 "," 2,890 "," 2,680 "," 2,460 "," 2,313 "," 2,252 "," 2,267 "," 2,461 "," 2,371 "," 2,348 "," 2,356 "," 2,422 "," 2,525 "," 2,578 "," 3,169 "," 3,006 "," 2,959 "," 2,810 "," 2,798 "," 2,584 "," 2,636 "," 2,286 "," 2,391 "," 2,436 "," 2,558 "," 2,759 "," 2,672 "," 2,699 "," 2,699 "," 2,243 "," 2,137 "," 2,220 "," 2,226 "," 2,141 "," 2,291 "," 2,088 "," 2,157 "," 2,206 "," 2,230 "," 2,447 "," 2,398 "," 2,398 "," 2,398 ", -   ,,,,
,,,Wyoming,,green river," 2,425 "," 2,377 "," 2,280 "," 2,522 "," 2,377 "," 2,500 "," 2,400 "," 2,100 "," 2,100 "," 1,900 "," 2,070 "," 2,230 "," 2,300 "," 2,080 "," 1,950 "," 2,269 "," 2,285 "," 2,448 "," 2,448 "," 2,251 "," 2,080 "," 2,008 "," 2,163 "," 2,239 "," 2,184 "," 1,609 "," 1,688 "," 1,495 "," 1,565 "," 1,542 "," 2,198 "," 1,929 "," 1,949 "," 2,084 "," 2,036 "," 2,140 "," 2,007 "," 2,041 "," 2,147 "," 2,095 "," 1,991 "," 2,212 "," 2,143 "," 2,165 "," 2,215 "," 2,219 "," 2,053 "," 2,065 "," 2,006 "," 2,008 "," 2,260 "," 2,206 "," 2,206 "," 2,206 ", -   ,,,,
,,,,,,,,,,,,,,,,,,,,,,,,,,,,,,,,,,,,,,,,,,,,,,,,,,,,,,,,,,,,,,,,
,,,,,Grand Total    ," 15,900 "," 16,020 "," 15,155 "," 17,004 "," 14,759 "," 13,700 "," 12,700 "," 11,600 "," 12,200 "," 12,000 "," 17,016 "," 16,845 "," 16,815 "," 16,525 "," 15,775 "," 13,857 "," 13,474 "," 13,599 "," 13,881 "," 13,387 "," 13,127 "," 13,042 "," 13,477 "," 13,877 "," 15,269 "," 12,692 "," 12,898 "," 12,326 "," 11,883 "," 11,434 "," 11,574 "," 9,894 "," 9,496 "," 9,110 "," 9,397 "," 9,680 "," 9,661 "," 9,744 "," 9,840 "," 9,811 "," 9,789 "," 10,188 "," 10,241 "," 10,111 "," 10,156 "," 10,497 "," 10,893 "," 10,965 "," 10,944 "," 10,785 "," 11,331 "," 10,915 "," 10,915 "," 10,918 ", -   ,,,,
,,,,,,,,,,,,,,,,,,,,,,,,,,,,,,,,,,,,,,,,,,,,,,,,,,,,,,,,,,,,,,,,
Stockpond,,,,,TOTAL," 22,100 "," 22,280 "," 19,445 "," 23,060 "," 19,761 "," 12,265 "," 13,548 "," 15,381 "," 14,146 "," 15,798 "," 21,302 "," 20,422 "," 20,529 "," 20,597 "," 20,137 "," 20,543 "," 22,910 "," 22,896 "," 23,906 "," 21,890 "," 22,565 "," 22,356 "," 21,723 "," 23,289 "," 21,668 "," 22,362 "," 20,898 "," 23,056 "," 23,134 "," 23,606 "," 23,449 "," 24,024 "," 23,581 "," 22,658 "," 21,682 "," 23,097 "," 22,717 "," 23,216 "," 23,704 "," 22,779 "," 23,242 "," 23,899 "," 23,141 "," 22,863 "," 21,475 "," 23,529 "," 23,624 "," 24,099 "," 22,551 "," 24,014 "," 23,279 "," 23,358 "," 22,894 "," 23,196 ", -   ,,,,
,,,,,,,,,,,,,,,,,,,,,,,,,,,,,,,,,,,,,,,,,,,,,,,,,,,,,,,,,,,,,,,,
,,,Arizona,,san juan-colorado river," 1,100 "," 1,100 ", 900 ," 1,164 ", 920 ," 1,020 "," 1,050 "," 1,080 ", 930 , 996 ," 1,083 "," 1,000 "," 1,100 ", 900 , 100 ," 1,007 ", 836 , 807 , 535 , 480 , 510 , 690 , 670 , 657 , 633 , 682 , 686 , 897 , 866 , 920 , 900 , 693 , 734 , 918 , 873 , 780 , 867 , 897 , 735 , 920 , 898 , 528 , 882 , 708 , 851 , 950 , 939 , 793 , 943 , 643 , 902 , 933 , 930 , 913 , -   ,,,,
,,,Colorado,,green river," 3,323 "," 2,778 "," 2,669 "," 3,051 "," 2,833 "," 1,254 "," 1,582 "," 1,687 "," 1,678 "," 1,861 "," 1,892 "," 1,892 "," 1,892 "," 1,892 "," 1,892 "," 2,075 "," 2,174 "," 2,174 "," 2,174 "," 2,174 "," 2,174 "," 2,174 "," 2,174 "," 2,174 "," 1,986 "," 1,783 "," 1,521 "," 1,982 "," 2,036 "," 2,122 "," 2,174 "," 2,174 "," 2,174 "," 2,174 "," 2,072 "," 2,174 "," 1,787 "," 1,977 "," 1,889 "," 1,836 "," 1,803 "," 2,174 "," 1,967 "," 1,912 "," 1,760 "," 1,962 "," 1,923 "," 2,109 "," 1,723 "," 2,174 "," 2,174 "," 2,174 "," 2,174 "," 2,174 ", -   ,,,,
,,,,,upper main stem," 4,633 "," 5,009 "," 5,217 "," 5,384 "," 4,466 "," 1,564 "," 2,052 "," 2,627 "," 2,229 "," 2,694 "," 3,365 "," 3,365 "," 3,365 "," 3,365 "," 3,365 "," 2,404 "," 3,895 "," 3,727 "," 3,895 "," 3,601 "," 3,650 "," 3,196 "," 2,606 "," 3,895 "," 2,402 "," 3,477 "," 3,273 "," 3,854 "," 3,764 "," 3,895 "," 3,708 "," 3,895 "," 3,775 "," 3,585 "," 2,812 "," 3,895 "," 3,681 "," 3,835 "," 3,895 "," 3,489 "," 3,745 "," 3,895 "," 3,697 "," 3,646 "," 3,373 "," 3,795 "," 3,895 "," 3,895 "," 3,659 "," 3,895 "," 3,895 "," 3,895 "," 3,895 "," 3,895 ", -   ,,,,
,,,,,san juan-colorado river," 3,893 "," 4,114 "," 2,718 "," 3,600 "," 2,792 "," 2,537 "," 2,626 "," 3,155 "," 2,638 "," 3,644 "," 3,782 "," 3,782 "," 3,782 "," 3,782 "," 3,782 "," 2,817 "," 3,767 "," 3,948 "," 5,062 "," 3,395 "," 3,991 "," 4,056 "," 4,033 "," 4,323 "," 4,407 "," 4,180 "," 3,503 "," 4,083 "," 4,228 "," 4,429 "," 4,427 "," 5,022 "," 4,658 "," 3,741 "," 3,685 "," 4,008 "," 4,142 "," 4,267 "," 4,945 "," 4,294 "," 4,556 "," 5,062 "," 4,355 "," 4,357 "," 3,660 "," 4,582 "," 4,627 "," 5,062 "," 3,986 "," 5,062 "," 5,062 "," 5,062 "," 5,062 "," 5,062 ", -   ,,,,
,,,,,Total," 11,849 "," 11,901 "," 10,605 "," 12,035 "," 10,090 "," 5,355 "," 6,260 "," 7,469 "," 6,545 "," 8,199 "," 9,039 "," 9,039 "," 9,039 "," 9,039 "," 9,039 "," 7,296 "," 9,836 "," 9,849 "," 11,131 "," 9,170 "," 9,815 "," 9,426 "," 8,813 "," 10,392 "," 8,795 "," 9,440 "," 8,297 "," 9,919 "," 10,028 "," 10,446 "," 10,309 "," 11,091 "," 10,607 "," 9,500 "," 8,569 "," 10,077 "," 9,610 "," 10,079 "," 10,729 "," 9,619 "," 10,104 "," 11,131 "," 10,019 "," 9,915 "," 8,793 "," 10,339 "," 10,445 "," 11,066 "," 9,368 "," 11,131 "," 11,131 "," 11,131 "," 11,131 "," 11,131 ", -   ,,,,
,Stkpond,,New Mexico,,san juan-colorado river," 2,293 "," 2,375 "," 1,883 "," 2,457 "," 1,965 ", 717 , 732 , 872 , 718 , 964 ," 2,294 "," 2,375 "," 2,375 "," 2,375 "," 2,375 "," 3,680 "," 3,680 "," 3,680 "," 3,680 "," 3,680 "," 3,680 "," 3,680 "," 3,680 "," 3,680 "," 3,680 "," 3,680 "," 3,680 "," 3,680 "," 3,680 "," 3,680 "," 3,680 "," 3,680 "," 3,680 "," 3,680 "," 3,680 "," 3,680 "," 3,680 "," 3,680 "," 3,680 "," 3,680 "," 3,680 "," 3,680 "," 3,680 "," 3,680 "," 3,680 "," 3,680 "," 3,680 "," 3,680 "," 3,680 "," 3,680 "," 1,532 "," 1,449 "," 1,504 "," 1,464 ", -   ,,,,
,,,Utah,,green river," 2,546 "," 2,606 "," 2,182 "," 2,909 "," 2,728 "," 1,644 "," 1,805 "," 1,944 "," 1,954 "," 1,787 "," 3,225 "," 2,873 "," 2,929 "," 2,952 "," 3,009 "," 2,602 "," 2,602 "," 2,602 "," 2,602 "," 2,602 "," 2,602 "," 2,602 "," 2,602 "," 2,602 "," 2,602 "," 2,602 "," 2,430 "," 2,602 "," 2,602 "," 2,602 "," 2,602 "," 2,602 "," 2,602 "," 2,602 "," 2,602 "," 2,602 "," 2,602 "," 2,602 "," 2,602 "," 2,602 "," 2,602 "," 2,602 "," 2,602 "," 2,602 "," 2,602 "," 2,602 "," 2,602 "," 2,602 "," 2,602 "," 2,602 "," 2,910 "," 3,008 "," 2,786 "," 2,818 ", -   ,,,,
,,,,,upper main stem, 214 , 171 , 171 , 214 , 171 , 37 , 44 , 46 , 37 , 44 , 70 , 66 , 61 , 65 , 61 , 89 , 87 , 89 , 89 , 89 , 89 , 89 , 89 , 89 , 89 , 89 , 89 , 89 , 89 , 89 , 89 , 89 , 89 , 89 , 89 , 89 , 89 , 89 , 89 , 89 , 89 , 89 , 89 , 89 , 89 , 89 , 89 , 89 , 89 , 89 , 98 , 101 , 94 , 103 , -   ,,,,
,,,,,san juan-colorado river," 1,524 "," 1,604 "," 1,283 "," 1,604 "," 1,364 "," 2,072 "," 1,904 "," 2,228 "," 2,102 "," 2,043 "," 3,092 "," 2,935 "," 2,948 "," 3,107 "," 2,980 "," 3,115 "," 3,115 "," 3,115 "," 3,115 "," 3,115 "," 3,115 "," 3,115 "," 3,115 "," 3,115 "," 3,115 "," 3,115 "," 2,962 "," 3,115 "," 3,115 "," 3,115 "," 3,115 "," 3,115 "," 3,115 "," 3,115 "," 3,115 "," 3,115 "," 3,115 "," 3,115 "," 3,115 "," 3,115 "," 3,115 "," 3,115 "," 3,115 "," 3,115 "," 2,706 "," 3,115 "," 3,115 "," 3,115 "," 3,115 "," 3,115 "," 3,534 "," 3,530 "," 3,491 "," 3,454 ", -   ,,,,
,,,,,Total," 4,283 "," 4,382 "," 3,636 "," 4,727 "," 4,262 "," 3,753 "," 3,753 "," 4,218 "," 4,093 "," 3,874 "," 6,387 "," 5,875 "," 5,938 "," 6,124 "," 6,050 "," 5,806 "," 5,804 "," 5,806 "," 5,806 "," 5,806 "," 5,806 "," 5,806 "," 5,806 "," 5,806 "," 5,806 "," 5,806 "," 5,481 "," 5,806 "," 5,806 "," 5,806 "," 5,806 "," 5,806 "," 5,806 "," 5,806 "," 5,806 "," 5,806 "," 5,806 "," 5,806 "," 5,806 "," 5,806 "," 5,806 "," 5,806 "," 5,806 "," 5,806 "," 5,397 "," 5,806 "," 5,806 "," 5,806 "," 5,806 "," 5,806 "," 6,542 "," 6,639 "," 6,372 "," 6,375 ", -   ,,,,
,,,Wyoming,,green river," 2,575 "," 2,523 "," 2,420 "," 2,678 "," 2,523 "," 1,420 "," 1,753 "," 1,742 "," 1,860 "," 1,765 "," 2,499 "," 2,132 "," 2,076 "," 2,158 "," 2,572 "," 2,754 "," 2,754 "," 2,754 "," 2,754 "," 2,754 "," 2,754 "," 2,754 "," 2,754 "," 2,754 "," 2,754 "," 2,754 "," 2,754 "," 2,754 "," 2,754 "," 2,754 "," 2,754 "," 2,754 "," 2,754 "," 2,754 "," 2,754 "," 2,754 "," 2,754 "," 2,754 "," 2,754 "," 2,754 "," 2,754 "," 2,754 "," 2,754 "," 2,754 "," 2,754 "," 2,754 "," 2,754 "," 2,754 "," 2,754 "," 2,754 "," 3,172 "," 3,206 "," 2,957 "," 3,313 ", -   ,,,,
,,,,,,,,,,,,,,,,,,,,,,,,,,,,,,,,,,,,,,,,,,,,,,,,,,,,,,,,,,,,,,,,
,,,,,Grand Total    ," 22,100 "," 22,280 "," 19,445 "," 23,060 "," 19,761 "," 12,265 "," 13,548 "," 15,381 "," 14,146 "," 15,798 "," 21,302 "," 20,422 "," 20,529 "," 20,597 "," 20,137 "," 20,543 "," 22,910 "," 22,896 "," 23,906 "," 21,890 "," 22,565 "," 22,356 "," 21,723 "," 23,289 "," 21,668 "," 22,362 "," 20,898 "," 23,056 "," 23,134 "," 23,606 "," 23,449 "," 24,024 "," 23,581 "," 22,658 "," 21,682 "," 23,097 "," 22,717 "," 23,216 "," 23,704 "," 22,779 "," 23,242 "," 23,899 "," 23,141 "," 22,863 "," 21,475 "," 23,529 "," 23,624 "," 24,099 "," 22,551 "," 24,014 "," 23,279 "," 23,358 "," 22,894 "," 23,196 ", -   ,,,,
,,,,,,,,,,,,,,,,,,,,,,,,,,,,,,,,,,,,,,,,,,,,,,,,,,,,,,,,,,,,,,,,
,Livestock + Stockponds,,,,," 38,000 "," 38,300 "," 34,600 "," 40,064 "," 34,520 "," 25,965 "," 26,248 "," 26,981 "," 26,346 "," 27,798 "," 38,318 "," 37,266 "," 37,344 "," 37,122 "," 35,911 "," 34,400 "," 36,384 "," 36,495 "," 37,787 "," 35,277 "," 35,692 "," 35,398 "," 35,200 "," 37,166 "," 36,937 "," 35,054 "," 33,795 "," 35,382 "," 35,016 "," 35,039 "," 35,022 "," 33,918 "," 33,077 "," 31,768 "," 31,080 "," 32,777 "," 32,377 "," 32,960 "," 33,543 "," 32,590 "," 33,032 "," 34,087 "," 33,382 "," 32,975 "," 31,631 "," 34,026 "," 34,517 "," 35,065 "," 33,494 "," 34,799 "," 34,610 "," 34,273 "," 33,809 "," 34,114 ", -   ,,,,
,,,,,,,,,,,,,,,,,,,,,,,,,,,,,,,,,,,,,,,,,,,,,,,,,,,,,,,,,,,,,,,,
,,,Arizona,,san juan-colorado river," 1,100 "," 1,100 ", 900 ," 1,164 ", 920 ," 1,020 "," 1,050 "," 1,080 ", 930 , 996 ," 3,483 "," 3,400 "," 3,500 "," 3,300 "," 2,500 "," 2,507 "," 2,336 "," 2,307 "," 2,035 "," 1,980 "," 2,010 "," 2,190 "," 2,170 "," 2,127 "," 3,223 ", 925 , 929 ," 1,140 "," 1,113 "," 1,170 "," 1,118 ", 911 , 952 ," 1,136 "," 1,092 ", 998 ," 1,112 "," 1,175 "," 1,196 "," 1,453 "," 1,537 ", 925 ," 1,308 "," 1,165 "," 1,341 "," 1,472 "," 1,975 "," 1,829 "," 1,979 "," 1,679 "," 1,938 "," 1,969 "," 1,966 "," 1,952 ", -   ,,,,
,,,Colorado,,green river," 6,100 "," 5,100 "," 4,900 "," 5,600 "," 5,200 "," 3,054 "," 3,282 "," 3,187 "," 3,378 "," 3,461 "," 3,722 "," 3,622 "," 3,602 "," 3,632 "," 3,542 "," 3,682 "," 3,775 "," 3,682 "," 3,691 "," 3,661 "," 3,629 "," 3,645 "," 3,696 "," 3,746 "," 3,608 "," 3,212 "," 3,003 "," 3,434 "," 3,458 "," 3,514 "," 3,730 "," 3,309 "," 3,468 "," 3,330 "," 3,305 "," 3,165 "," 2,718 "," 2,908 "," 2,775 "," 2,728 "," 2,817 "," 3,423 "," 3,213 "," 3,093 "," 2,939 "," 3,166 "," 3,109 "," 3,305 "," 2,919 "," 3,333 "," 3,608 "," 3,618 "," 3,618 "," 3,618 ", -   ,,,,
,,,,,upper main stem," 11,100 "," 12,000 "," 12,500 "," 12,900 "," 10,700 "," 6,864 "," 6,952 "," 7,027 "," 7,029 "," 7,594 "," 7,425 "," 7,205 "," 7,165 "," 7,235 "," 7,035 "," 6,697 "," 7,926 "," 7,744 "," 7,942 "," 7,535 "," 7,566 "," 7,114 "," 6,709 "," 8,182 "," 6,875 "," 7,947 "," 7,944 "," 8,243 "," 7,871 "," 7,720 "," 7,089 "," 6,599 "," 6,380 "," 5,798 "," 5,222 "," 6,456 "," 6,069 "," 6,265 "," 6,188 "," 5,705 "," 6,209 "," 6,620 "," 6,449 "," 6,304 "," 6,058 "," 6,599 "," 7,062 "," 7,096 "," 6,858 "," 6,995 "," 6,759 "," 6,521 "," 6,521 "," 6,521 ", -   ,,,,
,,,,,san juan-colorado river," 5,300 "," 5,600 "," 3,700 "," 4,900 "," 3,800 "," 3,837 "," 3,826 "," 4,255 "," 3,838 "," 4,744 "," 6,012 "," 5,892 "," 5,872 "," 5,912 "," 5,802 "," 3,872 "," 4,745 "," 4,959 "," 6,108 "," 4,411 "," 4,977 "," 5,027 "," 5,032 "," 5,349 "," 5,460 "," 5,240 "," 4,591 "," 5,089 "," 5,153 "," 5,272 "," 5,369 "," 5,734 "," 5,350 "," 4,342 "," 4,292 "," 4,661 "," 4,873 "," 5,023 "," 5,654 "," 5,009 "," 5,321 "," 5,877 "," 5,181 "," 5,159 "," 4,481 "," 5,439 "," 5,433 "," 5,868 "," 4,786 "," 5,830 "," 5,820 "," 5,768 "," 5,768 "," 5,768 ", -   ,,,,
,,,,,Total," 22,500 "," 22,700 "," 21,100 "," 23,400 "," 19,700 "," 13,755 "," 14,060 "," 14,469 "," 14,245 "," 15,799 "," 17,159 "," 16,719 "," 16,639 "," 16,779 "," 16,379 "," 14,251 "," 16,445 "," 16,385 "," 17,742 "," 15,607 "," 16,172 "," 15,786 "," 15,436 "," 17,277 "," 15,943 "," 16,399 "," 15,539 "," 16,767 "," 16,482 "," 16,507 "," 16,189 "," 15,643 "," 15,198 "," 13,470 "," 12,819 "," 14,282 "," 13,660 "," 14,195 "," 14,617 "," 13,442 "," 14,347 "," 15,920 "," 14,842 "," 14,557 "," 13,478 "," 15,203 "," 15,603 "," 16,270 "," 14,562 "," 16,158 "," 16,187 "," 15,907 "," 15,907 "," 15,907 ", -   ,,,,
,LiveStk+Stkpond,,New Mexico,,san juan-colorado river," 2,800 "," 2,900 "," 2,300 "," 3,000 "," 2,400 "," 1,217 "," 1,132 "," 1,272 "," 1,118 "," 1,364 "," 3,900 "," 4,000 "," 4,000 "," 4,000 "," 4,000 "," 4,501 "," 4,508 "," 4,528 "," 4,542 "," 4,508 "," 4,522 "," 4,497 "," 4,449 "," 4,438 "," 4,450 "," 4,392 "," 4,399 "," 4,461 "," 4,486 "," 4,462 "," 4,374 "," 4,239 "," 4,132 "," 4,127 "," 4,138 "," 4,239 "," 4,280 "," 4,316 "," 4,325 "," 4,341 "," 4,354 "," 4,333 "," 4,310 "," 4,302 "," 4,306 "," 4,281 "," 4,238 "," 4,183 "," 4,181 "," 4,164 "," 2,064 "," 1,948 "," 2,003 "," 1,963 ", -   ,,,,
,,,Utah,,green river," 4,200 "," 4,300 "," 3,600 "," 4,800 "," 4,500 "," 3,344 "," 3,305 "," 3,444 "," 3,354 "," 3,287 "," 4,775 "," 4,473 "," 4,519 "," 4,422 "," 4,359 "," 4,197 "," 4,147 "," 4,181 "," 4,322 "," 4,267 "," 4,270 "," 4,267 "," 4,330 "," 4,445 "," 4,463 "," 4,857 "," 4,525 "," 4,670 "," 4,567 "," 4,596 "," 4,486 "," 4,525 "," 4,276 "," 4,354 "," 4,383 "," 4,486 "," 4,528 "," 4,486 "," 4,491 "," 4,491 "," 4,152 "," 4,129 "," 4,158 "," 4,181 "," 4,127 "," 4,230 "," 4,060 "," 4,114 "," 4,143 "," 4,157 "," 4,660 "," 4,733 "," 4,510 "," 4,542 ", -   ,,,,
,,,,,upper main stem, 500 , 400 , 400 , 500 , 400 , 137 , 144 , 146 , 137 , 144 , 120 , 116 , 111 , 115 , 101 , 246 , 241 , 234 , 227 , 211 , 194 , 195 , 185 , 198 , 202 , 198 , 246 , 238 , 224 , 210 , 190 , 184 , 171 , 176 , 190 , 178 , 198 , 183 , 187 , 187 , 174 , 181 , 183 , 185 , 182 , 190 , 205 , 208 , 212 , 213 , 236 , 238 , 231 , 240 , -   ,,,,
,,,,,san juan-colorado river," 1,900 "," 2,000 "," 1,600 "," 2,000 "," 1,700 "," 2,572 "," 2,404 "," 2,728 "," 2,602 "," 2,543 "," 4,312 "," 4,195 "," 4,198 "," 4,267 "," 4,050 "," 3,676 "," 3,669 "," 3,659 "," 3,717 "," 3,699 "," 3,690 "," 3,700 "," 3,713 "," 3,689 "," 3,719 "," 3,920 "," 3,715 "," 3,857 "," 3,826 "," 3,799 "," 3,714 "," 3,733 "," 3,645 "," 3,667 "," 3,669 "," 3,701 "," 3,839 "," 3,810 "," 3,827 "," 3,827 "," 3,722 "," 3,634 "," 3,685 "," 3,666 "," 3,229 "," 3,677 "," 3,628 "," 3,641 "," 3,657 "," 3,666 "," 4,092 "," 4,067 "," 4,029 "," 3,991 ", -   ,,,,
,,,,,Total," 6,600 "," 6,700 "," 5,600 "," 7,300 "," 6,600 "," 6,053 "," 5,853 "," 6,318 "," 6,093 "," 5,974 "," 9,207 "," 8,785 "," 8,828 "," 8,804 "," 8,510 "," 8,119 "," 8,056 "," 8,073 "," 8,267 "," 8,177 "," 8,154 "," 8,162 "," 8,228 "," 8,331 "," 8,384 "," 8,975 "," 8,487 "," 8,765 "," 8,616 "," 8,604 "," 8,390 "," 8,442 "," 8,092 "," 8,197 "," 8,242 "," 8,364 "," 8,565 "," 8,478 "," 8,505 "," 8,505 "," 8,049 "," 7,943 "," 8,026 "," 8,032 "," 7,538 "," 8,097 "," 7,894 "," 7,963 "," 8,012 "," 8,036 "," 8,988 "," 9,038 "," 8,770 "," 8,774 ", -   ,,,,
,,,Wyoming,,green river," 5,000 "," 4,900 "," 4,700 "," 5,200 "," 4,900 "," 3,920 "," 4,153 "," 3,842 "," 3,960 "," 3,665 "," 4,569 "," 4,362 "," 4,376 "," 4,238 "," 4,522 "," 5,023 "," 5,039 "," 5,202 "," 5,202 "," 5,005 "," 4,834 "," 4,762 "," 4,917 "," 4,993 "," 4,938 "," 4,363 "," 4,442 "," 4,249 "," 4,319 "," 4,296 "," 4,952 "," 4,683 "," 4,703 "," 4,838 "," 4,790 "," 4,894 "," 4,761 "," 4,795 "," 4,901 "," 4,849 "," 4,745 "," 4,966 "," 4,897 "," 4,919 "," 4,969 "," 4,973 "," 4,807 "," 4,819 "," 4,760 "," 4,762 "," 5,432 "," 5,411 "," 5,163 "," 5,518 ", -   ,,,,
,,,,,,,,,,,,,,,,,,,,,,,,,,,,,,,,,,,,,,,,,,,,,,,,,,,,,,,,,,,,,,,,
,,,,,Grand Total    ," 38,000 "," 38,300 "," 34,600 "," 40,064 "," 34,520 "," 25,965 "," 26,248 "," 26,981 "," 26,346 "," 27,798 "," 38,318 "," 37,266 "," 37,344 "," 37,122 "," 35,911 "," 34,400 "," 36,384 "," 36,495 "," 37,787 "," 35,277 "," 35,692 "," 35,398 "," 35,200 "," 37,166 "," 36,937 "," 35,054 "," 33,795 "," 35,382 "," 35,016 "," 35,039 "," 35,022 "," 33,918 "," 33,077 "," 31,768 "," 31,080 "," 32,777 "," 32,377 "," 32,960 "," 33,543 "," 32,590 "," 33,032 "," 34,087 "," 33,382 "," 32,975 "," 31,631 "," 34,026 "," 34,517 "," 35,065 "," 33,494 "," 34,799 "," 34,610 "," 34,273 "," 33,809 "," 34,114 ", -   ,,,,
,,,,,,,,,,,,,,,,,,,,,,,,,,,,,,,,,,,,,,,,,,,,,,,,,,,,,,,,,,,,,,,,
Major Reservoir Evap,,,,,TOTAL," 94,044 "," 94,704 "," 101,750 "," 101,091 "," 98,712 "," 89,530 "," 86,050 "," 99,126 "," 102,064 "," 113,505 "," 119,769 "," 118,669 "," 125,803 "," 127,352 "," 128,482 "," 118,759 "," 114,875 "," 110,869 "," 115,834 "," 112,449 "," 136,625 "," 132,684 "," 137,123 "," 140,347 "," 130,401 "," 136,254 "," 146,064 "," 152,202 "," 155,071 "," 145,005 "," 144,321 "," 126,629 "," 126,762 "," 133,990 "," 147,292 "," 151,513 "," 151,288 "," 148,192 "," 153,003 "," 155,025 "," 152,345 "," 149,303 "," 130,623 "," 136,542 "," 145,335 "," 153,879 "," 153,246 "," 138,059 "," 149,316 "," 151,347 "," 133,534 "," 137,871 "," 156,022 "," 155,958 ", -   ,," 147,457 "," 147,485 "," 144,880 "
,,,,,,,,,,,,,,,,,,,,,,,,,,,,,,,,,,,,,,,,,,,,,,,,,,,,,,,,,,,,,,,,
,,,Arizona,,san juan-colorado river, -   , -   , -   , -   , -   , -   , -   , -   , -   , -   , -   , -   , -   , -   , -   , -   , -   , -   , -   , -   , -   , -   , -   , -   , -   , -   , -   , -   , -   , -   , -   , -   , -   , -   , -   , -   , -   , -   , -   , -   , -   , -   , -   , -   , -   , -   , -   , -   , -   , -   , -   , -   , -   , -   , -   ,,,,
,,,Colorado,,green river, -   , -   , -   , -   , -   , -   , -   , -   , -   , -   , -   , -   , -   , -   , -   , -   , -   , -   , -   , -   , -   , -   , -   , -   , -   , -   , -   , -   , -   , -   , -   , -   , -   , -   , -   , -   , -   , -   , -   , -   , -   , -   , -   , -   , -   , -   , -   , -   , -   , -   , -   , -   , -   , -   , -   ,,,,
,,,,,upper main stem," 25,973 "," 25,316 "," 24,323 "," 26,935 "," 24,921 "," 18,079 "," 20,707 "," 24,843 "," 25,770 "," 33,415 "," 31,346 "," 29,494 "," 33,608 "," 35,551 "," 38,104 "," 31,644 "," 35,660 "," 35,176 "," 35,046 "," 31,030 "," 37,070 "," 38,238 "," 35,595 "," 40,703 "," 30,093 "," 41,085 "," 42,432 "," 47,760 "," 47,727 "," 47,724 "," 44,688 "," 35,582 "," 38,749 "," 41,625 "," 43,112 "," 45,932 "," 47,438 "," 46,134 "," 46,214 "," 46,756 "," 43,476 "," 43,562 "," 36,648 "," 38,828 "," 42,560 "," 50,722 "," 46,706 "," 41,056 "," 45,054 "," 46,481 "," 42,229 "," 44,421 "," 50,196 "," 48,947 ", -   ,,,,
,,,,,san juan-colorado river," 4,238 "," 3,645 "," 4,288 "," 3,399 "," 3,792 "," 4,169 "," 2,362 "," 3,478 "," 3,799 "," 3,958 "," 4,045 "," 4,435 "," 4,279 "," 4,323 "," 4,349 "," 4,578 "," 4,301 "," 4,303 "," 4,064 "," 4,076 "," 4,307 "," 4,381 "," 4,143 "," 4,222 "," 4,154 "," 3,552 "," 4,311 "," 4,334 "," 4,506 "," 3,930 "," 4,009 "," 2,299 "," 3,003 "," 4,166 "," 4,088 "," 4,392 "," 4,523 "," 4,151 "," 4,204 "," 3,966 "," 4,238 "," 3,883 "," 3,191 "," 4,278 "," 4,530 "," 4,450 "," 4,421 "," 3,113 "," 4,023 "," 3,880 "," 3,282 "," 3,751 "," 3,983 "," 4,324 ", -   ,,,,
,,,,,Total," 30,211 "," 28,961 "," 28,611 "," 30,335 "," 28,713 "," 22,248 "," 23,069 "," 28,321 "," 29,568 "," 37,373 "," 35,390 "," 33,930 "," 37,887 "," 39,874 "," 42,453 "," 36,221 "," 39,961 "," 39,478 "," 39,110 "," 35,106 "," 41,377 "," 42,619 "," 39,738 "," 44,925 "," 34,246 "," 44,637 "," 46,743 "," 52,094 "," 52,233 "," 51,654 "," 48,697 "," 37,881 "," 41,752 "," 45,792 "," 47,201 "," 50,324 "," 51,961 "," 50,285 "," 50,418 "," 50,722 "," 47,714 "," 47,445 "," 39,839 "," 43,106 "," 47,090 "," 55,173 "," 51,127 "," 44,168 "," 49,077 "," 50,361 "," 45,512 "," 48,173 "," 54,179 "," 53,271 ", -   ,,,,
,,,New Mexico,,san juan-colorado river," 20,505 "," 19,991 "," 28,408 "," 21,646 "," 26,432 "," 25,255 "," 22,442 "," 24,307 "," 27,623 "," 28,916 "," 26,237 "," 28,337 "," 30,691 "," 31,194 "," 31,206 "," 30,200 "," 24,350 "," 24,336 "," 26,906 "," 26,704 "," 30,621 "," 31,554 "," 30,954 "," 30,450 "," 30,153 "," 27,184 "," 28,612 "," 29,148 "," 27,969 "," 26,850 "," 26,563 "," 20,891 "," 17,085 "," 20,353 "," 29,392 "," 29,806 "," 31,332 "," 27,605 "," 27,885 "," 28,769 "," 27,971 "," 24,964 "," 20,324 "," 22,996 "," 27,161 "," 28,596 "," 28,397 "," 23,334 "," 26,864 "," 26,088 "," 22,093 "," 19,872 "," 24,990 "," 24,106 ", -   ,,,,
,Maj Res,,Utah,,green river," 21,610 "," 22,026 "," 21,628 "," 25,556 "," 21,775 "," 19,584 "," 20,326 "," 23,527 "," 22,341 "," 23,979 "," 33,825 "," 30,708 "," 33,119 "," 34,181 "," 38,443 "," 37,116 "," 37,173 "," 36,333 "," 32,657 "," 30,656 "," 42,596 "," 40,491 "," 44,609 "," 43,881 "," 44,846 "," 42,185 "," 47,041 "," 47,403 "," 50,932 "," 46,157 "," 47,053 "," 43,791 "," 43,150 "," 42,107 "," 45,519 "," 46,068 "," 44,544 "," 45,711 "," 49,289 "," 50,980 "," 52,535 "," 51,266 "," 46,759 "," 45,356 "," 45,066 "," 45,023 "," 48,659 "," 45,625 "," 48,484 "," 49,423 "," 45,295 "," 46,231 "," 50,240 "," 51,736 ", -   ,,,,
,excludes undistributed reservoirs,,,,upper main stem, -   , -   , -   , -   , -   , -   , -   , -   , -   , -   , -   , -   , -   , -   , -   , -   , -   , -   , -   , -   , -   , -   , -   , -   , -   , -   , -   , -   , -   , -   , -   , -   , -   , -   , -   , -   , -   , -   , -   , -   , -   , -   , -   , -   , -   , -   , -   , -   , -   , -   , -   , -   , -   , -   , -   ,,,,
,,,,,san juan-colorado river, -   , -   , -   , -   , -   , -   , -   , -   , -   , -   , -   , -   , -   , -   , -   , -   , -   , -   , -   , -   , -   , -   , -   , -   , -   , -   , -   , -   , -   , -   , -   , -   , -   , -   , -   , -   , -   , -   , -   , -   , -   , -   , -   , -   , -   , -   , -   , -   , -   , -   , -   , -   , -   , -   , -   ,,,,
,,,,,Total," 21,610 "," 22,026 "," 21,628 "," 25,556 "," 21,775 "," 19,584 "," 20,326 "," 23,527 "," 22,341 "," 23,979 "," 33,825 "," 30,708 "," 33,119 "," 34,181 "," 38,443 "," 37,116 "," 37,173 "," 36,333 "," 32,657 "," 30,656 "," 42,596 "," 40,491 "," 44,609 "," 43,881 "," 44,846 "," 42,185 "," 47,041 "," 47,403 "," 50,932 "," 46,157 "," 47,053 "," 43,791 "," 43,150 "," 42,107 "," 45,519 "," 46,068 "," 44,544 "," 45,711 "," 49,289 "," 50,980 "," 52,535 "," 51,266 "," 46,759 "," 45,356 "," 45,066 "," 45,023 "," 48,659 "," 45,625 "," 48,484 "," 49,423 "," 45,295 "," 46,231 "," 50,240 "," 51,736 ", -   ,,,,
,,,Wyoming,,green river," 21,717 "," 23,725 "," 23,103 "," 23,554 "," 21,793 "," 22,443 "," 20,213 "," 22,971 "," 22,532 "," 23,237 "," 24,317 "," 25,694 "," 24,105 "," 22,104 "," 16,380 "," 15,221 "," 13,390 "," 10,722 "," 17,160 "," 19,983 "," 22,031 "," 18,020 "," 21,823 "," 21,090 "," 21,155 "," 22,248 "," 23,669 "," 23,557 "," 23,937 "," 20,344 "," 22,008 "," 24,066 "," 24,774 "," 25,739 "," 25,181 "," 25,316 "," 23,451 "," 24,591 "," 25,410 "," 24,554 "," 24,125 "," 25,627 "," 23,700 "," 25,084 "," 26,019 "," 25,087 "," 25,064 "," 24,932 "," 24,891 "," 25,476 "," 20,634 "," 23,596 "," 26,614 "," 26,845 ", -   ,,,,
,,,,,,,,,,,,,,,,,,,,,,,,,,,,,,,,,,,,,,,,,,,,,,,,,,,,,,,,,,,,,,,,
,,,,,Grand Total    ," 94,044 "," 94,704 "," 101,750 "," 101,091 "," 98,712 "," 89,530 "," 86,050 "," 99,126 "," 102,064 "," 113,505 "," 119,769 "," 118,669 "," 125,803 "," 127,352 "," 128,482 "," 118,759 "," 114,875 "," 110,869 "," 115,834 "," 112,449 "," 136,625 "," 132,684 "," 137,123 "," 140,347 "," 130,401 "," 136,254 "," 146,064 "," 152,202 "," 155,071 "," 145,005 "," 144,321 "," 126,629 "," 126,762 "," 133,990 "," 147,292 "," 151,513 "," 151,288 "," 148,192 "," 153,003 "," 155,025 "," 152,345 "," 149,303 "," 130,623 "," 136,542 "," 145,335 "," 153,879 "," 153,246 "," 138,059 "," 149,316 "," 151,347 "," 133,534 "," 137,871 "," 156,022 "," 155,958 ", -   ,,,,
,,,,,Grand Total including undistributed reservoirs," 562,362 "," 568,206 "," 637,079 "," 716,458 "," 741,551 "," 739,320 "," 644,071 "," 644,093 "," 750,842 "," 835,622 "," 794,552 "," 819,101 "," 896,802 "," 876,518 "," 865,297 "," 858,366 "," 854,090 "," 831,167 "," 774,690 "," 682,343 "," 670,060 "," 646,403 "," 743,387 "," 752,595 "," 816,037 "," 836,909 "," 865,378 "," 883,408 "," 885,195 "," 834,827 "," 785,092 "," 659,031 "," 578,801 "," 516,532 "," 574,814 "," 603,362 "," 604,292 "," 643,038 "," 686,129 "," 686,076 "," 722,238 "," 666,781 "," 554,464 "," 579,190 "," 606,107 "," 622,530 "," 665,633 "," 590,285 "," 609,639 "," 597,780 "," 467,740 "," 405,675 "," 490,930 "," 512,534 ",,," 556,885 "," 594,462 "," 651,682 "
Minor Reservoir Evap,,,,,TOTAL," 76,865 "," 77,120 "," 71,285 "," 87,504 "," 70,560 "," 43,458 "," 53,204 "," 59,335 "," 54,740 "," 60,502 "," 103,450 "," 94,507 "," 94,010 "," 95,496 "," 99,069 "," 90,851 "," 94,932 "," 96,231 "," 94,917 "," 92,391 "," 87,617 "," 89,601 "," 86,275 "," 90,387 "," 84,902 "," 87,231 "," 82,117 "," 89,591 "," 90,158 "," 90,789 "," 88,222 "," 87,989 "," 87,361 "," 85,987 "," 82,047 "," 87,427 "," 85,283 "," 86,686 "," 86,455 "," 82,924 "," 84,531 "," 88,439 "," 86,158 "," 84,043 "," 81,968 "," 85,566 "," 86,276 "," 87,761 "," 84,081 "," 88,192 "," 99,267 "," 99,378 "," 101,257 "," 103,272 ", -   ,," 91,702 "," 88,551 "," 88,179 "
,,Moon Lake,Utah,14060003,,0,0,0,0,0,0,0,0,0,0,0,0,0,0,0,975.9,950.9,665.6,654.8,820.9,745.9,725.4,902.5,727.5,913.6,,,,,,,,,,,,,,,,,,,,,,,,,,,,,,,,,,
,,subtotal,,,," 76,865 "," 77,120 "," 71,285 "," 87,504 "," 70,560 "," 43,458 "," 53,204 "," 59,335 "," 54,740 "," 60,502 "," 103,450 "," 94,507 "," 94,010 "," 95,496 "," 99,069 "," 89,875 "," 93,981 "," 95,566 "," 94,262 "," 91,571 "," 86,872 "," 88,875 "," 85,373 "," 89,660 "," 83,988 "," 87,231 "," 82,117 "," 89,591 "," 90,158 "," 90,789 "," 88,222 "," 87,989 "," 87,361 "," 85,987 "," 82,047 "," 87,427 "," 85,283 "," 86,686 "," 86,455 "," 82,924 "," 84,531 "," 88,439 "," 86,158 "," 84,043 "," 81,968 "," 85,566 "," 86,276 "," 87,761 "," 84,081 "," 88,192 "," 99,267 "," 99,378 "," 101,257 "," 103,272 ", -   ,,,,
,,,,,,,,,,,,,,,,,,,,,,,,,,,,,,,,,,,,,,,,,,,,,,,,,,,,,,,,,,,,,,,,
,,,Arizona,,san juan-colorado river," 4,600 "," 4,600 "," 3,300 "," 4,742 "," 3,900 "," 3,966 "," 4,150 "," 4,330 "," 3,650 "," 3,664 "," 5,615 "," 4,300 "," 4,000 "," 4,900 "," 4,900 "," 5,306 "," 5,582 "," 5,131 "," 2,765 "," 2,440 "," 2,590 "," 4,700 "," 3,850 "," 3,825 "," 3,760 "," 5,806 "," 5,687 "," 5,234 "," 4,927 "," 4,470 "," 4,359 "," 3,606 "," 3,784 "," 3,620 "," 3,523 "," 3,655 "," 3,522 "," 3,468 "," 3,751 "," 3,303 "," 3,563 "," 3,948 "," 3,600 "," 3,624 "," 2,860 "," 3,503 "," 3,754 "," 3,815 "," 3,640 "," 3,872 "," 3,581 "," 3,471 "," 4,756 "," 4,446 ", -   ,,,,
,,,Colorado,,green river," 5,800 "," 4,400 "," 4,100 "," 4,800 "," 4,400 "," 3,856 "," 5,102 "," 5,401 "," 5,443 "," 6,085 "," 6,489 "," 6,470 "," 6,472 "," 6,472 "," 6,480 "," 7,001 "," 8,169 "," 8,134 "," 8,252 "," 8,058 "," 7,467 "," 7,871 "," 7,394 "," 8,371 "," 6,770 "," 5,620 "," 4,259 "," 7,055 "," 7,767 "," 7,735 "," 8,373 "," 8,373 "," 8,373 "," 8,373 "," 6,534 "," 8,373 "," 7,522 "," 8,364 "," 8,075 "," 7,554 "," 7,205 "," 8,373 "," 8,373 "," 6,836 "," 7,382 "," 8,183 "," 8,192 "," 8,373 "," 7,302 "," 8,373 "," 9,746 "," 8,752 "," 8,869 "," 8,808 ", -   ,,,,
,,,,,upper main stem," 20,639 "," 19,986 "," 19,500 "," 21,404 "," 19,513 "," 10,994 "," 15,956 "," 19,522 "," 16,421 "," 21,645 "," 35,878 "," 33,562 "," 33,317 "," 33,294 "," 33,073 "," 23,980 "," 25,354 "," 25,495 "," 25,999 "," 25,254 "," 25,435 "," 25,011 "," 23,623 "," 25,826 "," 22,152 "," 23,523 "," 23,077 "," 25,096 "," 24,957 "," 25,787 "," 25,292 "," 25,576 "," 25,153 "," 25,176 "," 23,353 "," 25,307 "," 24,780 "," 25,096 "," 25,074 "," 23,951 "," 24,403 "," 25,570 "," 24,656 "," 24,108 "," 23,868 "," 25,078 "," 25,212 "," 25,300 "," 24,515 "," 25,458 "," 27,225 "," 27,335 "," 28,346 "," 27,527 ", -   ,,,,
,,,,,san juan-colorado river," 3,924 "," 3,771 "," 2,844 "," 3,809 "," 2,882 "," 1,924 "," 2,246 "," 2,724 "," 1,666 "," 2,292 "," 4,839 "," 4,639 "," 4,579 "," 4,713 "," 4,579 "," 4,215 "," 5,341 "," 5,492 "," 5,819 "," 4,782 "," 5,318 "," 5,175 "," 5,163 "," 5,364 "," 5,519 "," 5,533 "," 4,636 "," 5,444 "," 5,146 "," 5,407 "," 5,767 "," 5,819 "," 5,819 "," 5,334 "," 5,156 "," 5,682 "," 5,450 "," 5,350 "," 5,765 "," 5,275 "," 5,685 "," 5,819 "," 5,592 "," 5,819 "," 4,902 "," 5,678 "," 5,696 "," 5,819 "," 5,289 "," 5,819 "," 6,360 "," 6,485 "," 6,158 "," 6,202 ", -   ,,,,
,,,,,Total," 30,363 "," 28,157 "," 26,444 "," 30,013 "," 26,795 "," 16,774 "," 23,304 "," 27,647 "," 23,530 "," 30,022 "," 47,206 "," 44,671 "," 44,368 "," 44,479 "," 44,132 "," 35,195 "," 38,865 "," 39,121 "," 40,070 "," 38,094 "," 38,220 "," 38,057 "," 36,180 "," 39,561 "," 34,441 "," 34,676 "," 31,971 "," 37,596 "," 37,869 "," 38,930 "," 39,432 "," 39,769 "," 39,346 "," 38,883 "," 35,043 "," 39,362 "," 37,752 "," 38,810 "," 38,914 "," 36,780 "," 37,293 "," 39,763 "," 38,622 "," 36,763 "," 36,151 "," 38,939 "," 39,101 "," 39,493 "," 37,106 "," 39,651 "," 43,331 "," 42,572 "," 43,373 "," 42,537 ", -   ,,,,
,,,New Mexico,,san juan-colorado river, 600 , 700 , 500 , 700 , 500 ," 1,686 "," 1,686 "," 1,686 "," 1,686 "," 1,686 "," 1,686 "," 1,686 "," 1,686 "," 1,686 "," 1,686 "," 1,686 "," 1,686 "," 1,686 "," 1,686 "," 1,686 "," 1,686 "," 1,686 "," 1,686 "," 1,686 "," 1,686 "," 1,686 "," 1,686 "," 1,686 "," 1,686 "," 1,686 "," 1,107 "," 1,107 "," 1,107 "," 1,107 "," 1,107 "," 1,100 "," 1,099 "," 1,099 "," 1,099 "," 1,099 "," 1,100 "," 1,100 "," 1,100 "," 1,100 "," 1,100 "," 1,100 "," 1,100 "," 1,100 "," 1,100 "," 1,100 "," 2,400 "," 2,370 "," 2,330 "," 2,306 ", -   ,,,,
,Min Res,,Utah,,green river," 19,897 "," 20,348 "," 19,208 "," 25,089 "," 19,978 "," 11,486 "," 13,132 "," 14,028 "," 13,960 "," 13,346 "," 17,445 "," 15,853 "," 16,094 "," 16,158 "," 16,904 "," 25,917 "," 26,125 "," 27,330 "," 27,375 "," 27,128 "," 26,622 "," 26,586 "," 25,658 "," 26,351 "," 26,143 "," 26,137 "," 24,014 "," 26,264 "," 26,729 "," 26,755 "," 27,058 "," 27,242 "," 26,860 "," 26,129 "," 26,196 "," 27,051 "," 26,643 "," 27,044 "," 26,434 "," 25,716 "," 26,399 "," 27,363 "," 26,573 "," 26,475 "," 25,864 "," 25,911 "," 26,197 "," 27,088 "," 26,076 "," 27,305 "," 31,269 "," 31,539 "," 30,329 "," 31,199 ", -   ,,,,
,,,,,upper main stem, 100 , 100 , 100 , 100 , 100 , 248 , 269 , 291 , 229 , 273 , 442 , 429 , 408 , 433 , 408 ," 1,346 "," 1,296 "," 1,357 "," 1,360 "," 1,357 "," 1,358 "," 1,357 "," 1,318 "," 1,359 "," 1,349 "," 1,356 "," 1,269 "," 1,359 "," 1,348 "," 1,360 "," 1,360 "," 1,360 "," 1,360 "," 1,359 "," 1,338 "," 1,354 "," 1,360 "," 1,360 "," 1,360 "," 1,314 "," 1,360 "," 1,360 "," 1,359 "," 1,352 "," 1,308 "," 1,359 "," 1,359 "," 1,359 "," 1,346 "," 1,360 "," 1,391 "," 1,429 "," 1,457 "," 1,436 ", -   ,,,,
,,,,,san juan-colorado river," 15,600 "," 16,600 "," 15,300 "," 19,900 "," 13,400 "," 4,622 "," 4,806 "," 5,760 "," 5,379 "," 5,689 "," 8,684 "," 8,093 "," 8,288 "," 8,448 "," 8,122 "," 6,680 "," 6,614 "," 6,693 "," 6,693 "," 6,693 "," 6,693 "," 6,693 "," 6,688 "," 6,693 "," 6,693 "," 6,693 "," 6,636 "," 6,693 "," 6,693 "," 6,693 "," 6,693 "," 6,693 "," 6,693 "," 6,679 "," 6,639 "," 6,693 "," 6,693 "," 6,693 "," 6,693 "," 6,510 "," 6,693 "," 6,693 "," 6,693 "," 6,693 "," 6,503 "," 6,693 "," 6,693 "," 6,693 "," 6,691 "," 6,693 "," 7,921 "," 8,426 "," 7,806 "," 8,355 ", -   ,,,,
,,,,,Total," 35,597 "," 37,048 "," 34,608 "," 45,089 "," 33,478 "," 16,356 "," 18,207 "," 20,079 "," 19,568 "," 19,308 "," 26,571 "," 24,375 "," 24,790 "," 25,039 "," 25,434 "," 33,944 "," 34,035 "," 35,380 "," 35,428 "," 35,178 "," 34,673 "," 34,636 "," 33,663 "," 34,403 "," 34,185 "," 34,187 "," 31,919 "," 34,316 "," 34,770 "," 34,807 "," 35,111 "," 35,295 "," 34,913 "," 34,167 "," 34,173 "," 35,099 "," 34,696 "," 35,097 "," 34,487 "," 33,540 "," 34,452 "," 35,416 "," 34,625 "," 34,521 "," 33,675 "," 33,963 "," 34,250 "," 35,141 "," 34,113 "," 35,358 "," 40,581 "," 41,394 "," 39,592 "," 40,989 ", -   ,,,,
,,,Wyoming,,green river," 5,705 "," 6,616 "," 6,433 "," 6,960 "," 5,887 "," 4,676 "," 5,857 "," 5,593 "," 6,306 "," 5,822 "," 22,372 "," 19,474 "," 19,167 "," 19,392 "," 22,917 "," 14,720 "," 14,764 "," 14,913 "," 14,968 "," 14,993 "," 10,448 "," 10,522 "," 10,897 "," 10,912 "," 10,830 "," 10,876 "," 10,855 "," 10,759 "," 10,906 "," 10,896 "," 8,212 "," 8,212 "," 8,212 "," 8,210 "," 8,201 "," 8,212 "," 8,212 "," 8,212 "," 8,204 "," 8,201 "," 8,123 "," 8,212 "," 8,212 "," 8,035 "," 8,182 "," 8,061 "," 8,071 "," 8,212 "," 8,123 "," 8,212 "," 9,373 "," 9,571 "," 11,206 "," 12,994 ", -   ,,,,
,,,,,,,,,,,,,,,,,,,,,,,,,,,,,,,,,,,,,,,,,,,,,,,,,,,,,,,,,,,,,,,,
,,,,,Grand Total    ," 76,865 "," 77,120 "," 71,285 "," 87,504 "," 70,560 "," 43,458 "," 53,204 "," 59,335 "," 54,740 "," 60,502 "," 103,450 "," 94,507 "," 94,010 "," 95,496 "," 99,069 "," 90,851 "," 94,932 "," 96,231 "," 94,917 "," 92,391 "," 87,617 "," 89,601 "," 86,275 "," 90,387 "," 84,902 "," 87,231 "," 82,117 "," 89,591 "," 90,158 "," 90,789 "," 88,222 "," 87,989 "," 87,361 "," 85,987 "," 82,047 "," 87,427 "," 85,283 "," 86,686 "," 86,455 "," 82,924 "," 84,531 "," 88,439 "," 86,158 "," 84,043 "," 81,968 "," 85,566 "," 86,276 "," 87,761 "," 84,081 "," 88,192 "," 99,267 "," 99,378 "," 101,257 "," 103,272 ", -   ,,,,
,,,,,,,,,,,,,,,,,,,,,,,,,,,,,,,,,,,,,,,,,,,,,,,,,,,,,,,,,,,,,,,,
,Major and Minor Reservoirs,,,,,,,,,,,,,,,,,,,,,,,,,,,,,,,,,,,,,,,,,,,,,,,,,,,,,,,,,,,,,,,
,,,,,,,,,,,,,,,,,,,,,,,,,,,,,,,,,,,,,,,,,,,,,,,,,,,,,,,,,,,,,,,,
,,,Arizona,,san juan-colorado river," 4,600 "," 4,600 "," 3,300 "," 4,742 "," 3,900 "," 3,966 "," 4,150 "," 4,330 "," 3,650 "," 3,664 "," 5,615 "," 4,300 "," 4,000 "," 4,900 "," 4,900 "," 5,306 "," 5,582 "," 5,131 "," 2,765 "," 2,440 "," 2,590 "," 4,700 "," 3,850 "," 3,825 "," 3,760 "," 5,806 "," 5,687 "," 5,234 "," 4,927 "," 4,470 "," 4,359 "," 3,606 "," 3,784 "," 3,620 "," 3,523 "," 3,655 "," 3,522 "," 3,468 "," 3,751 "," 3,303 "," 3,563 "," 3,948 "," 3,600 "," 3,624 "," 2,860 "," 3,503 "," 3,754 "," 3,815 "," 3,640 "," 3,872 "," 3,581 "," 3,471 "," 4,756 "," 4,446 ", -   ,,,,
,,,Colorado,,green river," 5,800 "," 4,400 "," 4,100 "," 4,800 "," 4,400 "," 3,856 "," 5,102 "," 5,401 "," 5,443 "," 6,085 "," 6,489 "," 6,470 "," 6,472 "," 6,472 "," 6,480 "," 7,001 "," 8,169 "," 8,134 "," 8,252 "," 8,058 "," 7,467 "," 7,871 "," 7,394 "," 8,371 "," 6,770 "," 5,620 "," 4,259 "," 7,055 "," 7,767 "," 7,735 "," 8,373 "," 8,373 "," 8,373 "," 8,373 "," 6,534 "," 8,373 "," 7,522 "," 8,364 "," 8,075 "," 7,554 "," 7,205 "," 8,373 "," 8,373 "," 6,836 "," 7,382 "," 8,183 "," 8,192 "," 8,373 "," 7,302 "," 8,373 "," 9,746 "," 8,752 "," 8,869 "," 8,808 ", -   ,,,,
,,,,,upper main stem," 46,612 "," 45,302 "," 43,823 "," 48,339 "," 44,434 "," 29,073 "," 36,663 "," 44,365 "," 42,191 "," 55,060 "," 67,224 "," 63,056 "," 66,924 "," 68,845 "," 71,177 "," 55,624 "," 61,014 "," 60,671 "," 61,045 "," 56,284 "," 62,505 "," 63,249 "," 59,218 "," 66,529 "," 52,245 "," 64,608 "," 65,509 "," 72,856 "," 72,684 "," 73,511 "," 69,980 "," 61,158 "," 63,902 "," 66,802 "," 66,465 "," 71,238 "," 72,218 "," 71,230 "," 71,288 "," 70,707 "," 67,880 "," 69,132 "," 61,305 "," 62,936 "," 66,428 "," 75,800 "," 71,918 "," 66,356 "," 69,569 "," 71,939 "," 69,455 "," 71,756 "," 78,542 "," 76,475 ", -   ,,,,
,,,,,san juan-colorado river," 8,162 "," 7,416 "," 7,132 "," 7,209 "," 6,674 "," 6,093 "," 4,608 "," 6,202 "," 5,465 "," 6,250 "," 8,883 "," 9,075 "," 8,858 "," 9,035 "," 8,928 "," 8,793 "," 9,643 "," 9,795 "," 9,883 "," 8,858 "," 9,626 "," 9,556 "," 9,306 "," 9,586 "," 9,673 "," 9,085 "," 8,947 "," 9,778 "," 9,652 "," 9,337 "," 9,775 "," 8,119 "," 8,823 "," 9,500 "," 9,245 "," 10,074 "," 9,973 "," 9,501 "," 9,969 "," 9,241 "," 9,923 "," 9,703 "," 8,783 "," 10,097 "," 9,431 "," 10,128 "," 10,117 "," 8,932 "," 9,312 "," 9,699 "," 9,643 "," 10,236 "," 10,142 "," 10,526 ", -   ,,,,
,,,,,Total," 60,574 "," 57,118 "," 55,055 "," 60,348 "," 55,508 "," 39,022 "," 46,373 "," 55,968 "," 53,098 "," 67,395 "," 82,596 "," 78,601 "," 82,254 "," 84,352 "," 86,585 "," 71,417 "," 78,827 "," 78,599 "," 79,181 "," 73,200 "," 79,597 "," 80,676 "," 75,919 "," 84,486 "," 68,688 "," 79,313 "," 78,714 "," 89,690 "," 90,103 "," 90,584 "," 88,129 "," 77,650 "," 81,098 "," 84,675 "," 82,244 "," 89,685 "," 89,713 "," 89,095 "," 89,333 "," 87,502 "," 85,007 "," 87,208 "," 78,461 "," 79,869 "," 83,241 "," 94,112 "," 90,227 "," 83,661 "," 86,183 "," 90,011 "," 88,843 "," 90,745 "," 97,553 "," 95,808 ", -   ,,,,
,,,New Mexico,,san juan-colorado river," 21,105 "," 20,691 "," 28,908 "," 22,346 "," 26,932 "," 26,941 "," 24,128 "," 25,993 "," 29,308 "," 30,601 "," 27,923 "," 30,022 "," 32,377 "," 32,879 "," 32,891 "," 31,886 "," 26,036 "," 26,021 "," 28,592 "," 28,389 "," 32,306 "," 33,240 "," 32,639 "," 32,135 "," 31,838 "," 28,870 "," 30,297 "," 30,833 "," 29,655 "," 28,535 "," 27,670 "," 21,997 "," 18,192 "," 21,460 "," 30,499 "," 30,906 "," 32,432 "," 28,705 "," 28,985 "," 29,868 "," 29,070 "," 26,064 "," 21,424 "," 24,096 "," 28,260 "," 29,695 "," 29,496 "," 24,433 "," 27,963 "," 27,187 "," 24,494 "," 22,242 "," 27,320 "," 26,412 ", -   ,,,,
,Maj&Min Res,,Utah,,green river," 41,507 "," 42,374 "," 40,836 "," 50,645 "," 41,753 "," 31,070 "," 33,458 "," 37,555 "," 36,301 "," 37,325 "," 51,270 "," 46,561 "," 49,213 "," 50,339 "," 55,347 "," 63,033 "," 63,298 "," 63,664 "," 60,032 "," 57,783 "," 69,218 "," 67,077 "," 70,266 "," 70,233 "," 70,989 "," 68,322 "," 71,055 "," 73,667 "," 77,661 "," 72,912 "," 74,112 "," 71,033 "," 70,010 "," 68,235 "," 71,715 "," 73,119 "," 71,187 "," 72,755 "," 75,723 "," 76,697 "," 78,934 "," 78,630 "," 73,332 "," 71,832 "," 70,930 "," 70,934 "," 74,856 "," 72,713 "," 74,560 "," 76,728 "," 76,564 "," 77,771 "," 80,569 "," 82,934 ", -   ,,,,
,excludes undistributed reservoirs,,,,upper main stem, 100 , 100 , 100 , 100 , 100 , 248 , 269 , 291 , 229 , 273 , 442 , 429 , 408 , 433 , 408 ," 1,346 "," 1,296 "," 1,357 "," 1,360 "," 1,357 "," 1,358 "," 1,357 "," 1,318 "," 1,359 "," 1,349 "," 1,356 "," 1,269 "," 1,359 "," 1,348 "," 1,360 "," 1,360 "," 1,360 "," 1,360 "," 1,359 "," 1,338 "," 1,354 "," 1,360 "," 1,360 "," 1,360 "," 1,314 "," 1,360 "," 1,360 "," 1,359 "," 1,352 "," 1,308 "," 1,359 "," 1,359 "," 1,359 "," 1,346 "," 1,360 "," 1,391 "," 1,429 "," 1,457 "," 1,436 ", -   ,,,,
,,,,,san juan-colorado river," 15,600 "," 16,600 "," 15,300 "," 19,900 "," 13,400 "," 4,622 "," 4,806 "," 5,760 "," 5,379 "," 5,689 "," 8,684 "," 8,093 "," 8,288 "," 8,448 "," 8,122 "," 6,680 "," 6,614 "," 6,693 "," 6,693 "," 6,693 "," 6,693 "," 6,693 "," 6,688 "," 6,693 "," 6,693 "," 6,693 "," 6,636 "," 6,693 "," 6,693 "," 6,693 "," 6,693 "," 6,693 "," 6,693 "," 6,679 "," 6,639 "," 6,693 "," 6,693 "," 6,693 "," 6,693 "," 6,510 "," 6,693 "," 6,693 "," 6,693 "," 6,693 "," 6,503 "," 6,693 "," 6,693 "," 6,693 "," 6,691 "," 6,693 "," 7,921 "," 8,426 "," 7,806 "," 8,355 ", -   ,,,,
,,,,,Total," 57,207 "," 59,074 "," 56,236 "," 70,645 "," 55,253 "," 35,940 "," 38,533 "," 43,606 "," 41,909 "," 43,287 "," 60,396 "," 55,083 "," 57,909 "," 59,220 "," 63,877 "," 71,060 "," 71,209 "," 71,714 "," 68,085 "," 65,834 "," 77,269 "," 75,127 "," 78,271 "," 78,285 "," 79,032 "," 76,372 "," 78,960 "," 81,719 "," 85,702 "," 80,965 "," 82,165 "," 79,086 "," 78,063 "," 76,274 "," 79,691 "," 81,166 "," 79,241 "," 80,808 "," 83,776 "," 84,520 "," 86,987 "," 86,683 "," 81,385 "," 79,877 "," 78,741 "," 78,986 "," 82,909 "," 80,766 "," 82,597 "," 84,781 "," 85,876 "," 87,625 "," 89,832 "," 92,725 ", -   ,,,,
,,,Wyoming,,green river," 27,422 "," 30,341 "," 29,536 "," 30,513 "," 27,679 "," 27,119 "," 26,070 "," 28,564 "," 28,838 "," 29,059 "," 46,688 "," 45,168 "," 43,272 "," 41,496 "," 39,297 "," 29,941 "," 28,154 "," 25,635 "," 32,128 "," 34,977 "," 32,480 "," 28,541 "," 32,719 "," 32,002 "," 31,985 "," 33,124 "," 34,524 "," 34,316 "," 34,843 "," 31,240 "," 30,220 "," 32,278 "," 32,987 "," 33,949 "," 33,382 "," 33,528 "," 31,663 "," 32,804 "," 33,614 "," 32,755 "," 32,249 "," 33,840 "," 31,913 "," 33,119 "," 34,200 "," 33,149 "," 33,135 "," 33,144 "," 33,014 "," 33,688 "," 30,007 "," 33,166 "," 37,820 "," 39,839 ", -   ,,,,
,,,,minus moon lake,," 41,507 "," 42,374 "," 40,836 "," 50,645 "," 41,753 "," 31,070 "," 33,458 "," 37,555 "," 36,301 "," 37,325 "," 51,270 "," 46,561 "," 49,213 "," 50,339 "," 55,347 "," 62,058 "," 62,348 "," 62,998 "," 59,377 "," 56,962 "," 68,472 "," 66,351 "," 69,364 "," 69,505 "," 70,076 "," 68,322 "," 71,055 "," 73,667 "," 77,661 "," 72,912 "," 74,112 "," 71,033 "," 70,010 "," 68,235 "," 71,715 "," 73,119 "," 71,187 "," 72,755 "," 75,723 "," 76,697 "," 78,934 "," 78,630 "," 73,332 "," 71,832 "," 70,930 "," 70,934 "," 74,856 "," 72,713 "," 74,560 "," 76,728 "," 76,564 "," 77,771 "," 80,569 "," 82,934 ", -   ,,,,
,,,,,,,,,,,,,,,,,,,,,,,,,,,,,,,,,,,,,,,,,,,,,,,,,,,,,,,,,,,,,,,,
,,,,,Grand Total    ," 170,909 "," 171,824 "," 173,035 "," 188,594 "," 169,272 "," 132,987 "," 139,254 "," 158,461 "," 156,803 "," 174,007 "," 223,219 "," 213,175 "," 219,813 "," 222,848 "," 227,550 "," 209,610 "," 209,807 "," 207,100 "," 210,751 "," 204,840 "," 224,242 "," 222,285 "," 223,398 "," 230,734 "," 215,302 "," 223,485 "," 228,182 "," 241,793 "," 245,229 "," 235,794 "," 232,543 "," 214,618 "," 214,123 "," 219,978 "," 229,340 "," 238,941 "," 236,571 "," 234,878 "," 239,458 "," 237,949 "," 236,876 "," 237,742 "," 216,782 "," 220,585 "," 227,303 "," 239,445 "," 239,522 "," 225,819 "," 233,397 "," 239,540 "," 232,801 "," 237,249 "," 257,279 "," 259,230 ", -   ,,,,
,,,,,,,,,,,,,,,,,,,,,,,,,,,,,,,,,,,,,,,,,,,,,,,,,,,,,,,,,,,,,,,,
,,total for reservoirs,,,," 170,909 "," 171,824 "," 173,035 "," 188,594 "," 169,272 "," 132,987 "," 139,254 "," 158,461 "," 156,803 "," 174,007 "," 223,219 "," 213,175 "," 219,813 "," 222,848 "," 227,550 "," 209,610 "," 209,807 "," 207,100 "," 210,751 "," 204,840 "," 224,242 "," 222,285 "," 223,398 "," 230,734 "," 215,302 "," 223,485 "," 228,182 "," 241,793 "," 245,229 "," 235,794 "," 232,543 "," 214,618 "," 214,123 "," 219,978 "," 229,340 "," 238,941 "," 236,571 "," 234,878 "," 239,458 "," 237,949 "," 236,876 "," 237,742 "," 216,782 "," 220,585 "," 227,303 "," 239,445 "," 239,522 "," 225,819 "," 233,397 "," 239,540 "," 232,801 "," 237,249 "," 257,279 "," 259,230 ", -   ,," 239,159 "," 236,035 "," 233,058 "
,,undistributed reservior evaporation,,,," 468,318 "," 473,502 "," 535,329 "," 615,367 "," 642,838 "," 649,790 "," 558,021 "," 544,966 "," 648,778 "," 722,117 "," 674,783 "," 700,432 "," 770,999 "," 749,166 "," 736,816 "," 739,607 "," 739,215 "," 720,298 "," 658,856 "," 569,895 "," 533,436 "," 513,718 "," 606,263 "," 612,248 "," 685,636 "," 700,655 "," 719,314 "," 731,206 "," 730,124 "," 689,822 "," 640,771 "," 532,402 "," 452,040 "," 382,542 "," 427,521 "," 451,849 "," 453,004 "," 494,846 "," 533,126 "," 531,052 "," 569,893 "," 517,478 "," 423,840 "," 442,648 "," 460,771 "," 468,651 "," 512,387 "," 452,227 "," 460,323 "," 446,433 "," 334,206 "," 267,804 "," 334,908 "," 356,577 ", -   ,,,,
,,,,,," 639,227 "," 645,326 "," 708,365 "," 803,962 "," 812,110 "," 782,778 "," 697,274 "," 703,427 "," 805,581 "," 896,123 "," 898,002 "," 913,607 "," 990,812 "," 972,014 "," 964,366 "," 949,217 "," 949,022 "," 927,398 "," 869,607 "," 774,735 "," 757,678 "," 736,003 "," 829,662 "," 842,982 "," 900,939 "," 924,140 "," 947,495 "," 972,999 "," 975,353 "," 925,616 "," 873,314 "," 747,020 "," 666,163 "," 602,520 "," 656,861 "," 690,790 "," 689,575 "," 729,724 "," 772,584 "," 769,001 "," 806,769 "," 755,220 "," 640,622 "," 663,233 "," 688,074 "," 708,096 "," 751,909 "," 678,046 "," 693,721 "," 685,973 "," 567,007 "," 505,053 "," 592,187 "," 615,807 ", -   ,," 648,587 "," 683,013 "," 739,860 "
M & I,,,,,TOTAL," 34,600 "," 36,300 "," 37,000 "," 38,500 "," 38,700 "," 30,110 "," 31,530 "," 33,550 "," 34,720 "," 36,130 "," 47,230 "," 48,670 "," 50,250 "," 52,280 "," 56,451 "," 56,344 "," 55,819 "," 56,780 "," 57,264 "," 57,726 "," 57,449 "," 57,835 "," 58,938 "," 60,277 "," 61,848 "," 64,029 "," 66,158 "," 69,445 "," 72,504 "," 74,768 "," 73,508 "," 72,919 "," 71,448 "," 69,690 "," 68,497 "," 70,898 "," 72,466 "," 75,395 "," 79,095 "," 81,382 "," 80,620 "," 80,613 "," 80,958 "," 81,099 "," 81,835 "," 82,820 "," 82,644 "," 82,846 "," 82,683 "," 82,141 "," 83,410 "," 83,099 "," 83,803 "," 84,296 ", -   ,,,,
,,closed basin,Wyoming,14040200,,,,,,,,,,,,,,,,,113,102,89,78,67,67,67,56,56,56,,,,,,,,,,,,,,,,,,,,,,,,,,,,,,,,,,
,,,,,,,,,,,,,,,,,,,,,,,,,,,,,,,,,,,,,,,,,,,,,,,,,,,,,,,,,,,,,,,,
,,,Arizona,,san juan-colorado river," 2,900 "," 3,600 "," 3,200 "," 3,700 "," 2,900 "," 2,900 "," 3,100 "," 3,800 "," 3,600 "," 3,600 "," 6,580 "," 6,610 "," 6,970 "," 7,500 "," 7,170 "," 6,789 "," 6,663 "," 7,570 "," 7,486 "," 7,172 "," 5,964 "," 5,695 "," 5,678 "," 5,804 "," 6,350 "," 5,690 "," 4,933 "," 5,269 "," 5,306 "," 5,194 "," 4,930 "," 5,100 "," 5,096 "," 4,810 "," 5,032 "," 4,922 "," 3,513 "," 3,651 "," 4,188 "," 5,236 "," 4,542 "," 4,119 "," 4,111 "," 4,062 "," 4,459 "," 5,253 "," 5,269 "," 5,292 "," 5,086 "," 4,434 "," 5,260 "," 4,607 "," 5,043 "," 5,115 ", -   ,,,,
,,,Colorado,,green river," 1,900 "," 2,000 "," 2,100 "," 2,200 "," 2,200 "," 1,460 "," 1,560 "," 1,670 "," 1,780 "," 1,900 "," 1,900 "," 1,900 "," 1,910 "," 1,910 "," 2,228 "," 2,128 "," 2,033 "," 1,954 "," 1,916 "," 1,894 "," 2,097 "," 2,284 "," 2,494 "," 2,720 "," 2,936 "," 3,054 "," 3,192 "," 3,323 "," 3,471 "," 3,598 "," 3,448 "," 3,305 "," 3,146 "," 2,991 "," 2,799 "," 2,825 "," 2,864 "," 2,897 "," 2,931 "," 2,874 "," 2,850 "," 2,837 "," 2,842 "," 2,842 "," 2,842 "," 2,864 "," 2,874 "," 2,888 "," 2,895 "," 2,887 "," 2,881 "," 2,898 "," 2,907 "," 2,911 ", -   ,,,,
,,,,,upper main stem," 13,300 "," 13,600 "," 13,900 "," 14,200 "," 14,500 "," 9,810 "," 10,210 "," 10,640 "," 11,090 "," 11,530 "," 13,070 "," 13,840 "," 14,620 "," 15,390 "," 19,168 "," 18,452 "," 17,841 "," 17,549 "," 17,379 "," 17,214 "," 18,504 "," 19,588 "," 21,009 "," 22,551 "," 24,095 "," 25,422 "," 26,857 "," 28,295 "," 29,722 "," 30,827 "," 30,435 "," 29,774 "," 28,857 "," 27,871 "," 26,925 "," 27,750 "," 28,651 "," 29,476 "," 30,287 "," 30,237 "," 30,139 "," 30,240 "," 30,370 "," 30,529 "," 30,814 "," 31,271 "," 31,549 "," 31,803 "," 31,985 "," 32,062 "," 32,302 "," 32,281 "," 32,315 "," 32,569 ", -   ,,,,
,,,,,san juan-colorado river," 3,000 "," 3,100 "," 3,300 "," 3,400 "," 3,600 "," 2,490 "," 2,540 "," 2,610 "," 2,690 "," 2,750 "," 2,980 "," 3,090 "," 3,210 "," 3,320 "," 4,243 "," 4,148 "," 4,051 "," 3,972 "," 3,906 "," 3,882 "," 4,089 "," 4,300 "," 4,571 "," 4,834 "," 5,149 "," 5,524 "," 5,856 "," 6,165 "," 6,484 "," 6,803 "," 6,259 "," 5,701 "," 5,078 "," 4,458 "," 3,833 "," 4,767 "," 5,684 "," 6,643 "," 7,564 "," 8,445 "," 8,457 "," 8,474 "," 8,575 "," 8,553 "," 8,641 "," 8,821 "," 8,877 "," 8,984 "," 8,987 "," 9,060 "," 9,211 "," 9,357 "," 9,420 "," 9,416 ", -   ,,,,
,,,,,Total," 18,200 "," 18,700 "," 19,300 "," 19,800 "," 20,300 "," 13,760 "," 14,310 "," 14,920 "," 15,560 "," 16,180 "," 17,950 "," 18,830 "," 19,740 "," 20,620 "," 25,639 "," 24,727 "," 23,925 "," 23,475 "," 23,201 "," 22,990 "," 24,690 "," 26,172 "," 28,073 "," 30,105 "," 32,179 "," 33,999 "," 35,905 "," 37,783 "," 39,677 "," 41,228 "," 40,142 "," 38,780 "," 37,081 "," 35,320 "," 33,557 "," 35,341 "," 37,199 "," 39,016 "," 40,781 "," 41,556 "," 41,446 "," 41,551 "," 41,786 "," 41,924 "," 42,297 "," 42,957 "," 43,300 "," 43,675 "," 43,866 "," 44,009 "," 44,394 "," 44,536 "," 44,642 "," 44,895 ", -   ,,,,
,M&I,,New Mexico,,san juan-colorado river," 3,900 "," 4,100 "," 4,300 "," 4,500 "," 4,800 "," 5,060 "," 5,260 "," 5,450 "," 5,670 "," 5,880 "," 9,500 "," 9,100 "," 8,500 "," 8,200 "," 6,603 "," 8,144 "," 9,436 "," 10,793 "," 12,228 "," 13,523 "," 12,872 "," 12,094 "," 11,391 "," 10,605 "," 9,682 "," 9,879 "," 9,982 "," 10,215 "," 10,525 "," 10,589 "," 10,890 "," 11,345 "," 11,663 "," 11,943 "," 12,221 "," 11,995 "," 11,846 "," 11,664 "," 11,623 "," 11,427 "," 11,399 "," 11,402 "," 11,376 "," 11,342 "," 11,271 "," 11,240 "," 11,153 "," 11,030 "," 10,887 "," 10,843 "," 10,781 "," 10,738 "," 10,743 "," 10,756 ", -   ,,,,
,,,Utah,,green river," 4,200 "," 4,300 "," 4,300 "," 4,300 "," 4,400 "," 3,790 "," 3,980 "," 4,180 "," 4,380 "," 4,600 "," 5,570 "," 6,060 "," 6,550 "," 7,040 "," 8,918 "," 8,504 "," 7,909 "," 7,309 "," 6,851 "," 6,533 "," 6,512 "," 6,476 "," 6,444 "," 6,462 "," 6,452 "," 6,975 "," 7,559 "," 8,094 "," 8,623 "," 9,104 "," 9,035 "," 9,050 "," 8,953 "," 8,872 "," 8,847 "," 9,350 "," 10,007 "," 10,612 "," 11,461 "," 11,814 "," 11,921 "," 12,110 "," 12,315 "," 12,455 "," 12,552 "," 12,193 "," 11,897 "," 11,910 "," 11,967 "," 12,022 "," 12,174 "," 12,401 "," 12,550 "," 12,669 ", -   ,,,,
,,,,,upper main stem, 800 , 800 , 900 , 900 , 900 , 620 , 630 , 640 , 650 , 660 , 880 , 990 ," 1,100 "," 1,210 "," 1,440 "," 1,457 "," 1,482 "," 1,533 "," 1,561 "," 1,645 "," 1,515 "," 1,440 "," 1,336 "," 1,207 "," 1,046 "," 1,091 "," 1,115 "," 1,126 "," 1,159 "," 1,189 "," 1,152 "," 1,143 "," 1,117 "," 1,089 "," 1,076 "," 1,118 "," 1,155 "," 1,203 "," 1,239 "," 1,295 "," 1,301 "," 1,309 "," 1,309 "," 1,321 "," 1,330 "," 1,340 "," 1,335 "," 1,350 "," 1,354 "," 1,357 "," 1,357 "," 1,368 "," 1,360 "," 1,373 ", -   ,,,,
,,,,,san juan-colorado river," 1,300 "," 1,400 "," 1,500 "," 1,600 "," 1,600 ", 860 , 890 , 910 , 940 , 970 ," 1,090 "," 1,160 "," 1,220 "," 1,280 "," 2,348 "," 2,168 "," 2,022 "," 1,888 "," 1,745 "," 1,617 "," 1,684 "," 1,821 "," 1,969 "," 2,128 "," 2,283 "," 2,197 "," 2,136 "," 2,076 "," 2,002 "," 1,935 "," 1,936 "," 2,024 "," 2,080 "," 2,159 "," 2,226 "," 2,260 "," 2,325 "," 2,397 "," 2,425 "," 2,461 "," 2,444 "," 2,429 "," 2,401 "," 2,383 "," 2,374 "," 2,364 "," 2,350 "," 2,327 "," 2,307 "," 2,301 "," 2,318 "," 2,332 "," 2,332 "," 2,355 ", -   ,,,,
,,,,,Total," 6,300 "," 6,500 "," 6,700 "," 6,800 "," 6,900 "," 5,270 "," 5,500 "," 5,730 "," 5,970 "," 6,230 "," 7,540 "," 8,210 "," 8,870 "," 9,530 "," 12,706 "," 12,129 "," 11,413 "," 10,729 "," 10,156 "," 9,796 "," 9,711 "," 9,737 "," 9,750 "," 9,797 "," 9,780 "," 10,262 "," 10,810 "," 11,296 "," 11,784 "," 12,228 "," 12,123 "," 12,217 "," 12,149 "," 12,120 "," 12,150 "," 12,729 "," 13,486 "," 14,213 "," 15,126 "," 15,569 "," 15,666 "," 15,848 "," 16,025 "," 16,160 "," 16,257 "," 15,897 "," 15,583 "," 15,586 "," 15,628 "," 15,680 "," 15,849 "," 16,102 "," 16,242 "," 16,397 ", -   ,,,,
,,,Wyoming,,green river," 3,300 "," 3,400 "," 3,500 "," 3,700 "," 3,800 "," 3,120 "," 3,360 "," 3,650 "," 3,920 "," 4,240 "," 5,660 "," 5,920 "," 6,170 "," 6,430 "," 4,333 "," 4,556 "," 4,382 "," 4,212 "," 4,193 "," 4,246 "," 4,212 "," 4,137 "," 4,046 "," 3,966 "," 3,857 "," 4,199 "," 4,527 "," 4,882 "," 5,211 "," 5,528 "," 5,423 "," 5,476 "," 5,459 "," 5,496 "," 5,537 "," 5,911 "," 6,422 "," 6,851 "," 7,377 "," 7,595 "," 7,567 "," 7,693 "," 7,660 "," 7,612 "," 7,551 "," 7,472 "," 7,339 "," 7,263 "," 7,216 "," 7,175 "," 7,127 "," 7,116 "," 7,134 "," 7,133 ", -   ,,,,
,,,including great divide basin,,," 3,300 "," 3,400 "," 3,500 "," 3,700 "," 3,800 "," 3,120 "," 3,360 "," 3,650 "," 3,920 "," 4,240 "," 5,660 "," 5,920 "," 6,170 "," 6,430 "," 4,333 "," 4,669 "," 4,484 "," 4,301 "," 4,271 "," 4,313 "," 4,279 "," 4,204 "," 4,102 "," 4,022 "," 3,913 "," 4,199 "," 4,527 "," 4,882 "," 5,211 "," 5,528 "," 5,423 "," 5,476 "," 5,459 "," 5,496 "," 5,537 "," 5,911 "," 6,422 "," 6,851 "," 7,377 "," 7,595 "," 7,567 "," 7,693 "," 7,660 "," 7,612 "," 7,551 "," 7,472 "," 7,339 "," 7,263 "," 7,216 "," 7,175 "," 7,127 "," 7,116 "," 7,134 "," 7,133 ", -   ,,,,
,,,,,Grand Total    ," 34,600 "," 36,300 "," 37,000 "," 38,500 "," 38,700 "," 30,110 "," 31,530 "," 33,550 "," 34,720 "," 36,130 "," 47,230 "," 48,670 "," 50,250 "," 52,280 "," 56,451 "," 56,344 "," 55,819 "," 56,780 "," 57,264 "," 57,726 "," 57,449 "," 57,835 "," 58,938 "," 60,277 "," 61,848 "," 64,029 "," 66,158 "," 69,445 "," 72,504 "," 74,768 "," 73,508 "," 72,919 "," 71,448 "," 69,690 "," 68,497 "," 70,898 "," 72,466 "," 75,395 "," 79,095 "," 81,382 "," 80,620 "," 80,613 "," 80,958 "," 81,099 "," 81,835 "," 82,820 "," 82,644 "," 82,846 "," 82,683 "," 82,141 "," 83,410 "," 83,099 "," 83,803 "," 84,296 ", -   ,,,,
,,,,, published report ," 34,600 "," 36,300 "," 37,000 "," 38,500 "," 38,700 "," 30,110 "," 31,530 "," 33,550 "," 34,720 "," 36,130 "," 47,230 "," 48,670 "," 50,250 "," 52,280 "," 56,451 "," 56,457 "," 55,921 "," 56,869 "," 57,342 "," 57,793 "," 57,516 "," 57,902 "," 58,994 "," 60,333 "," 61,904 "," 64,029 "," 66,158 "," 69,445 "," 72,504 "," 74,768 "," 73,508 "," 72,919 "," 71,448 "," 69,690 "," 68,497 "," 70,898 "," 72,466 "," 75,395 "," 79,095 "," 81,382 "," 80,620 "," 80,613 "," 80,958 "," 81,099 "," 81,835 "," 82,820 "," 82,644 "," 82,846 "," 82,683 "," 82,141 "," 83,410 "," 83,099 "," 83,803 "," 84,296 ", -   ,,,,
,,,,,,,,,,,,,,,,,,,,,,,,,,,,,,,,,,,,,,,,,,,,,,,,,,,,,,,,,,,,,,,,
Power,,,,,TOTAL," 28,173 "," 28,124 "," 40,948 "," 45,448 "," 62,742 "," 79,985 "," 91,829 "," 90,371 "," 100,564 "," 111,445 "," 103,903 "," 115,436 "," 108,046 "," 120,788 "," 140,015 "," 128,640 "," 150,704 "," 158,798 "," 159,078 "," 152,329 "," 157,141 "," 161,324 "," 169,466 "," 175,027 "," 156,257 "," 162,780 "," 165,604 "," 174,243 "," 173,119 "," 169,857 "," 169,431 "," 168,729 "," 167,820 "," 169,511 "," 170,454 "," 170,871 "," 166,394 "," 168,050 "," 166,096 "," 165,720 "," 160,650 "," 160,710 "," 157,826 "," 151,372 "," 139,322 "," 127,543 "," 130,214 "," 121,382 "," 122,223 "," 98,564 "," 102,443 "," 103,598 "," 76,089 "," 72,834 ", -   ,,,,
,,,,,,,,,,,,,,,,,,,,,,,,,,,,,,,,,,,,,,,,,,,,,,,,,,,,,,,,,,,,,,,,
,,,Arizona,,san juan-colorado river, -   , -   , -   ," 5,269 "," 12,414 "," 19,931 "," 21,761 "," 19,365 "," 20,413 "," 22,322 "," 21,140 "," 19,360 "," 20,210 "," 22,100 "," 25,301 "," 18,701 "," 20,130 "," 23,058 "," 23,874 "," 20,668 "," 23,866 "," 23,575 "," 23,382 "," 24,086 "," 22,180 "," 21,427 "," 22,364 "," 25,017 "," 26,697 "," 28,709 "," 27,620 "," 28,415 "," 26,284 "," 27,375 "," 26,200 "," 26,660 "," 27,604 "," 26,334 "," 26,073 "," 23,948 "," 24,221 "," 23,953 "," 24,963 "," 25,810 "," 19,077 "," 18,116 "," 17,631 "," 18,116 "," 18,147 ", 58 , 58 , 208 , 136 , -   , -   ,,,,
,,,Colorado,,green river," 4,770 "," 4,542 "," 5,294 "," 4,766 "," 4,549 "," 5,923 "," 4,056 "," 5,986 "," 7,023 "," 9,383 "," 14,286 "," 11,931 "," 8,613 "," 13,512 "," 15,611 "," 14,579 "," 14,832 "," 17,443 "," 17,508 "," 17,855 "," 16,677 "," 16,703 "," 16,806 "," 18,044 "," 16,656 "," 16,866 "," 20,287 "," 19,622 "," 18,635 "," 14,193 "," 17,709 "," 16,897 "," 17,749 "," 17,796 "," 17,319 "," 14,830 "," 18,116 "," 18,249 "," 16,990 "," 20,781 "," 18,389 "," 20,038 "," 18,638 "," 19,657 "," 17,767 "," 17,750 "," 16,332 "," 16,866 "," 16,725 "," 15,941 "," 15,637 "," 16,687 "," 12,531 "," 13,026 ", -   ,,,,
,,,,,upper main stem, 37 , 37 , 37 , 37 , 588 , 588 , 588 , 588 , 588 , 588 , 302 , 216 , 143 , 220 , 158 , 8 , 41 , 620 ," 1,248 "," 1,044 "," 1,233 ", 854 ," 1,079 "," 1,557 "," 1,568 "," 1,537 "," 1,390 "," 1,111 "," 1,430 "," 1,472 "," 1,540 "," 1,589 "," 1,635 "," 1,855 "," 1,790 "," 1,711 "," 1,633 "," 1,758 "," 1,631 "," 1,371 "," 1,327 "," 1,454 "," 1,214 ", 957 , 910 , 517 , 242 , 233 , 309 , 21 , 0 , -   , 1 , -   , -   ,,,,
,,,,,san juan-colorado river, -   , -   , -   , -   , -   , -   , -   , -   , -   , -   , -   , -   , -   , -   , -   , -   , -   , -   , -   , -   , -   , -   , -   , -   , -   , -   , -   , -   , -   , -   , -   , -   , -   , -   , -   , -   , -   , -   , -   , -   , -   , -   , -   , -   , -   , -   , -   , -   , -   , -   , -   , -   , -   , -   , -   ,,,,
,,,,,Total," 4,807 "," 4,579 "," 5,331 "," 4,803 "," 5,137 "," 6,511 "," 4,644 "," 6,574 "," 7,611 "," 9,971 "," 14,588 "," 12,146 "," 8,755 "," 13,732 "," 15,769 "," 14,588 "," 14,872 "," 18,062 "," 18,756 "," 18,898 "," 17,910 "," 17,557 "," 17,885 "," 19,602 "," 18,224 "," 18,403 "," 21,677 "," 20,733 "," 20,065 "," 15,665 "," 19,249 "," 18,486 "," 19,384 "," 19,651 "," 19,109 "," 16,542 "," 19,749 "," 20,007 "," 18,621 "," 22,152 "," 19,716 "," 21,492 "," 19,852 "," 20,614 "," 18,677 "," 18,267 "," 16,574 "," 17,099 "," 17,034 "," 15,962 "," 15,637 "," 16,687 "," 12,532 "," 13,026 ", -   ,,,,
,Pow,,New Mexico,,san juan-colorado river," 15,795 "," 17,379 "," 26,055 "," 23,443 "," 25,275 "," 28,101 "," 29,602 "," 27,538 "," 33,352 "," 34,621 "," 31,515 "," 41,590 "," 40,491 "," 44,080 "," 43,153 "," 39,562 "," 43,329 "," 42,373 "," 46,377 "," 41,836 "," 39,777 "," 40,193 "," 47,841 "," 47,559 "," 45,765 "," 43,475 "," 45,857 "," 42,611 "," 44,954 "," 44,436 "," 48,316 "," 45,620 "," 46,990 "," 48,974 "," 51,185 "," 50,437 "," 45,690 "," 45,995 "," 48,045 "," 42,533 "," 46,724 "," 44,441 "," 43,032 "," 37,634 "," 37,802 "," 33,491 "," 34,953 "," 24,756 "," 28,864 "," 29,081 "," 26,586 "," 29,545 "," 17,272 "," 17,952 ", -   ,,,,
,,,Utah,,green river," 1,872 "," 1,696 "," 1,912 "," 1,832 "," 6,996 "," 5,054 "," 7,303 "," 11,924 "," 11,955 "," 13,070 "," 8,640 "," 11,240 "," 11,680 "," 13,126 "," 20,666 "," 26,430 "," 32,501 "," 35,616 "," 34,035 "," 32,371 "," 36,524 "," 34,635 "," 36,431 "," 37,129 "," 37,654 "," 40,152 "," 35,633 "," 39,044 "," 38,680 "," 41,067 "," 33,926 "," 37,599 "," 37,004 "," 36,442 "," 36,925 "," 37,108 "," 37,449 "," 38,308 "," 36,250 "," 38,988 "," 34,342 "," 35,561 "," 34,131 "," 33,477 "," 32,434 "," 28,541 "," 30,440 "," 28,737 "," 30,928 "," 27,734 "," 33,260 "," 29,582 "," 22,256 "," 21,661 ", -   ,,,,
,,,,,upper main stem, -   , -   , -   , -   , -   , -   , -   , -   , -   , -   , -   , -   , -   , -   , -   , -   , -   , -   , -   , -   , -   , -   , -   , -   , -   , -   , -   , -   , -   , -   , -   , -   , -   , -   , -   , -   , -   , -   , -   , -   , -   , -   , -   , -   , -   , -   , -   , -   , -   , -   , -   , -   , -   , -   , -   ,,,,
,,,,,san juan-colorado river, -   , -   , -   , -   , -   , -   , -   , -   , -   , -   , -   , -   , -   , -   , -   , -   , -   , -   , -   , -   , -   , -   , -   , -   , -   , -   , -   , -   , -   , -   , -   , -   , -   , -   , -   , -   , -   , -   , -   , -   , -   , -   , -   , -   , -   , -   , -   , -   , -   , -   , -   , -   , -   , -   , -   ,,,,
,,,,,Total," 1,872 "," 1,696 "," 1,912 "," 1,832 "," 6,996 "," 5,054 "," 7,303 "," 11,924 "," 11,955 "," 13,070 "," 8,640 "," 11,240 "," 11,680 "," 13,126 "," 20,666 "," 26,430 "," 32,501 "," 35,616 "," 34,035 "," 32,371 "," 36,524 "," 34,635 "," 36,431 "," 37,129 "," 37,654 "," 40,152 "," 35,633 "," 39,044 "," 38,680 "," 41,067 "," 33,926 "," 37,599 "," 37,004 "," 36,442 "," 36,925 "," 37,108 "," 37,449 "," 38,308 "," 36,250 "," 38,988 "," 34,342 "," 35,561 "," 34,131 "," 33,477 "," 32,434 "," 28,541 "," 30,440 "," 28,737 "," 30,928 "," 27,734 "," 33,260 "," 29,582 "," 22,256 "," 21,661 ", -   ,,,,
,,,Wyoming,,green river," 5,700 "," 4,470 "," 7,650 "," 10,101 "," 12,920 "," 20,388 "," 28,520 "," 24,970 "," 27,234 "," 31,460 "," 28,020 "," 31,100 "," 26,910 "," 27,750 "," 35,127 "," 29,359 "," 39,871 "," 39,689 "," 36,037 "," 38,555 "," 39,064 "," 45,364 "," 43,927 "," 46,651 "," 32,434 "," 39,324 "," 40,073 "," 46,839 "," 42,723 "," 39,980 "," 40,321 "," 38,609 "," 38,158 "," 37,069 "," 37,034 "," 40,125 "," 35,903 "," 37,406 "," 37,107 "," 38,099 "," 35,647 "," 35,263 "," 35,848 "," 33,837 "," 31,332 "," 29,127 "," 30,616 "," 32,674 "," 27,250 "," 25,730 "," 26,903 "," 27,578 "," 23,894 "," 20,194 ", -   ,,,,
,,,,,,,,,,,,,,,,,,,,,,,,,,,,,,,,,,,,,,,,,,,,,,,,,,,,,,,,,,,,,,,,
,,,,,Grand Total    ," 28,173 "," 28,124 "," 40,948 "," 45,448 "," 62,742 "," 79,985 "," 91,829 "," 90,371 "," 100,564 "," 111,445 "," 103,903 "," 115,436 "," 108,046 "," 120,788 "," 140,015 "," 128,640 "," 150,704 "," 158,798 "," 159,078 "," 152,329 "," 157,141 "," 161,324 "," 169,466 "," 175,027 "," 156,257 "," 162,780 "," 165,604 "," 174,243 "," 173,119 "," 169,857 "," 169,431 "," 168,729 "," 167,820 "," 169,511 "," 170,454 "," 170,871 "," 166,394 "," 168,050 "," 166,096 "," 165,720 "," 160,650 "," 160,710 "," 157,826 "," 151,372 "," 139,322 "," 127,543 "," 130,214 "," 121,382 "," 122,223 "," 98,564 "," 102,443 "," 103,598 "," 76,089 "," 72,834 ", -   ,,,,
,,,,,,,,,,,,,,,,,,,,,,,,,,,,,,,,,,,,,,,,,,,,,,,,,,,,,,,,,,,,,,,,
Minerals,,,,,TOTAL," 41,082 "," 42,331 "," 43,589 "," 44,838 "," 46,087 "," 47,360 "," 48,750 "," 49,750 "," 51,250 "," 52,350 "," 46,352 "," 39,543 "," 34,335 "," 26,776 "," 18,020 "," 18,878 "," 19,736 "," 20,594 "," 21,452 "," 22,310 "," 20,246 "," 18,182 "," 16,118 "," 14,054 "," 11,990 "," 11,111 "," 10,232 "," 9,353 "," 8,475 "," 7,596 "," 6,674 "," 5,753 "," 4,831 "," 3,910 "," 2,988 "," 3,134 "," 3,280 "," 3,426 "," 3,572 "," 3,718 "," 3,718 "," 3,718 "," 3,718 "," 3,718 "," 3,718 "," 3,718 "," 3,718 "," 3,718 "," 3,718 "," 3,718 "," 3,718 "," 3,718 "," 3,718 "," 3,718 "," 3,718 ",,,,
,,closed basin,Wyoming,14040200,,,,,,,,,,,,,,,,,1110,930,751,572,392,437,482,527,572,617,,,,,,,,,,,,,,,,,,,,,,,,,,,,,,,,,,
,,,,,," 41,082 "," 42,331 "," 43,589 "," 44,838 "," 46,087 "," 47,360 "," 48,750 "," 49,750 "," 51,250 "," 52,350 "," 46,352 "," 39,543 "," 34,335 "," 26,776 "," 18,020 "," 19,988 "," 20,666 "," 21,345 "," 22,024 "," 22,702 "," 20,683 "," 18,664 "," 16,645 "," 14,626 "," 12,607 "," 11,111 "," 10,232 "," 9,353 "," 8,475 "," 7,596 "," 6,674 "," 5,753 "," 4,831 "," 3,910 "," 2,988 "," 3,134 "," 3,280 "," 3,426 "," 3,572 "," 3,718 "," 3,718 "," 3,718 "," 3,718 "," 3,718 "," 3,718 "," 3,718 "," 3,718 "," 3,718 "," 3,718 "," 3,718 "," 3,718 "," 3,718 "," 3,718 "," 3,718 "," 3,718 ",,,,
,,,,,,,,,,,,,,,,,,,,,,,,,,,,,,,,,,,,,,,,,,,,,,,,,,,,,,,,,,,,,,,,
,,,Arizona,,san juan-colorado river, -   , -   , -   , -   , -   , -   , -   , -   , -   , -   , -   , -   , -   , -   , -   , -   , -   , -   , -   , -   , -   , -   , -   , -   , -   , -   , -   , -   , -   , -   , -   , -   , -   , -   , -   , -   , -   , -   , -   , -   , -   , -   , -   , -   , -   , -   , -   , -   , -   , -   , -   , -   , -   , -   , -   ,,,,
,,,Colorado,,green river," 4,600 "," 4,630 "," 4,670 "," 4,700 "," 4,730 "," 4,800 "," 4,800 "," 4,800 "," 4,900 "," 4,900 "," 3,990 "," 3,080 "," 2,160 "," 1,250 "," 4,160 "," 3,504 "," 2,848 "," 2,192 "," 1,536 ", 880 , 836 , 792 , 748 , 704 , 660 , 636 , 613 , 589 , 565 , 541 , 465 , 388 , 311 , 235 , 158 , 193 , 229 , 264 , 299 , 334 , 334 , 334 , 334 , 334 , 334 , 334 , 334 , 334 , 334 , 334 , 334 , 334 , 334 , 334 , 334 ,,,,
,,,,,upper main stem," 11,240 "," 11,350 "," 11,450 "," 11,560 "," 11,670 "," 11,800 "," 11,900 "," 12,000 "," 12,100 "," 12,200 "," 9,940 "," 7,680 "," 5,240 "," 3,160 "," 1,230 "," 1,218 "," 1,206 "," 1,194 "," 1,182 "," 1,170 "," 1,566 "," 1,962 "," 2,358 "," 2,754 "," 3,150 "," 3,197 "," 3,244 "," 3,291 "," 3,337 "," 3,384 "," 2,903 "," 2,422 "," 1,941 "," 1,460 ", 979 ," 1,093 "," 1,206 "," 1,320 "," 1,434 "," 1,548 "," 1,548 "," 1,548 "," 1,548 "," 1,548 "," 1,548 "," 1,548 "," 1,548 "," 1,548 "," 1,548 "," 1,548 "," 1,548 "," 1,548 "," 1,548 "," 1,548 "," 1,548 ",,,,
,,,,,san juan-colorado river," 2,100 "," 2,130 "," 2,170 "," 2,200 "," 2,230 "," 2,300 "," 2,300 "," 2,300 "," 2,400 "," 2,400 "," 1,950 "," 1,500 "," 1,050 ", 600 , 10 , 38 , 66 , 94 , 122 , 150 , 154 , 158 , 162 , 166 , 170 , 152 , 135 , 117 , 99 , 82 , 105 , 128 , 152 , 175 , 198 , 211 , 223 , 236 , 249 , 261 , 261 , 261 , 261 , 261 , 261 , 261 , 261 , 261 , 261 , 261 , 261 , 261 , 261 , 261 , 261 ,,,,
,,,,,Total," 17,940 "," 18,110 "," 18,290 "," 18,460 "," 18,630 "," 18,900 "," 19,000 "," 19,100 "," 19,400 "," 19,500 "," 15,880 "," 12,260 "," 8,450 "," 5,010 "," 5,400 "," 4,760 "," 4,120 "," 3,480 "," 2,840 "," 2,200 "," 2,556 "," 2,912 "," 3,268 "," 3,624 "," 3,980 "," 3,985 "," 3,991 "," 3,996 "," 4,002 "," 4,007 "," 3,473 "," 2,939 "," 2,404 "," 1,870 "," 1,335 "," 1,497 "," 1,658 "," 1,820 "," 1,981 "," 2,143 "," 2,143 "," 2,143 "," 2,143 "," 2,143 "," 2,143 "," 2,143 "," 2,143 "," 2,143 "," 2,143 "," 2,143 "," 2,143 "," 2,143 "," 2,143 "," 2,143 "," 2,143 ",,,,
,Min,,New Mexico,,san juan-colorado river," 2,440 "," 2,580 "," 2,720 "," 2,860 "," 3,000 "," 3,100 "," 3,300 "," 3,400 "," 3,600 "," 3,700 "," 4,200 "," 3,900 "," 5,400 "," 4,200 "," 4,000 "," 3,244 "," 2,488 "," 1,732 ", 976 , 220 , 312 , 404 , 496 , 588 , 680 , 574 , 468 , 362 , 256 , 150 , 142 , 134 , 125 , 117 , 109 , 116 , 123 , 131 , 138 , 145 , 145 , 145 , 145 , 145 , 145 , 145 , 145 , 145 , 145 , 145 , 145 , 145 , 145 , 145 , 145 ,,,,
,,,Utah,,green river," 7,240 "," 7,280 "," 7,320 "," 7,360 "," 7,400 "," 7,400 "," 7,500 "," 7,500 "," 7,600 "," 7,600 "," 6,790 "," 5,980 "," 5,170 "," 4,360 "," 3,560 "," 3,570 "," 3,580 "," 3,590 "," 3,600 "," 3,610 "," 3,428 "," 3,246 "," 3,064 "," 2,882 "," 2,700 "," 2,223 "," 1,746 "," 1,269 ", 792 , 315 , 292 , 269 , 246 , 223 , 200 , 327 , 454 , 580 , 707 , 834 , 834 , 834 , 834 , 834 , 834 , 834 , 834 , 834 , 834 , 834 , 834 , 834 , 834 , 834 , 834 ,,,,
,,,,,upper main stem," 1,242 "," 1,251 "," 1,269 "," 1,278 "," 1,287 "," 1,260 "," 1,350 "," 1,350 "," 1,350 "," 1,350 "," 1,422 "," 1,503 "," 1,575 "," 1,656 ", 200 , 190 , 180 , 170 , 160 , 150 , 120 , 90 , 60 , 30 , -   , 217 , 434 , 651 , 868 ," 1,085 ", 868 , 651 , 434 , 217 , -   , -   , -   , -   , -   , -   , -   , -   , -   , -   , -   , -   , -   , -   , -   , -   , -   , -   , -   , -   , -   ,,,,
,,,,,san juan-colorado river," 1,140 "," 1,150 "," 1,150 "," 1,160 "," 1,170 "," 1,200 "," 1,200 "," 1,200 "," 1,200 "," 1,200 "," 1,620 "," 2,030 "," 2,440 "," 2,850 ", 310 , 280 , 250 , 220 , 190 , 160 , 478 , 796 ," 1,114 "," 1,432 "," 1,750 "," 1,589 "," 1,428 "," 1,266 "," 1,105 ", 944 , 854 , 763 , 673 , 582 , 492 , 398 , 304 , 209 , 115 , 21 , 21 , 21 , 21 , 21 , 21 , 21 , 21 , 21 , 21 , 21 , 21 , 21 , 21 , 21 , 21 ,,,,
,,,,,Total," 9,622 "," 9,681 "," 9,739 "," 9,798 "," 9,857 "," 9,860 "," 10,050 "," 10,050 "," 10,150 "," 10,150 "," 9,832 "," 9,513 "," 9,185 "," 8,866 "," 4,070 "," 4,040 "," 4,010 "," 3,980 "," 3,950 "," 3,920 "," 4,026 "," 4,132 "," 4,238 "," 4,344 "," 4,450 "," 4,029 "," 3,608 "," 3,187 "," 2,765 "," 2,344 "," 2,014 "," 1,684 "," 1,353 "," 1,023 ", 692 , 725 , 757 , 790 , 822 , 855 , 855 , 855 , 855 , 855 , 855 , 855 , 855 , 855 , 855 , 855 , 855 , 855 , 855 , 855 , 855 ,,,,
,,,Wyoming,,green river," 11,080 "," 11,960 "," 12,840 "," 13,720 "," 14,600 "," 15,500 "," 16,400 "," 17,200 "," 18,100 "," 19,000 "," 16,440 "," 13,870 "," 11,300 "," 8,700 "," 4,550 "," 6,834 "," 9,118 "," 11,402 "," 13,686 "," 15,970 "," 13,352 "," 10,734 "," 8,116 "," 5,498 "," 2,880 "," 2,523 "," 2,166 "," 1,808 "," 1,451 "," 1,094 "," 1,046 ", 997 , 949 , 900 , 852 , 796 , 741 , 686 , 630 , 575 , 575 , 575 , 575 , 575 , 575 , 575 , 575 , 575 , 575 , 575 , 575 , 575 , 575 , 575 , 575 ,,,,
,,,,,," 11,080 "," 11,960 "," 12,840 "," 13,720 "," 14,600 "," 15,500 "," 16,400 "," 17,200 "," 18,100 "," 19,000 "," 16,440 "," 13,870 "," 11,300 "," 8,700 "," 4,550 "," 7,944 "," 10,048 "," 12,153 "," 14,258 "," 16,362 "," 13,789 "," 11,216 "," 8,643 "," 6,070 "," 3,497 "," 2,523 "," 2,166 "," 1,808 "," 1,451 "," 1,094 "," 1,046 ", 997 , 949 , 900 , 852 , 796 , 741 , 686 , 630 , 575 , 575 , 575 , 575 , 575 , 575 , 575 , 575 , 575 , 575 , 575 , 575 , 575 , 575 , 575 , 575 ,,,,
,,,,,,,,,,,,,,,,,,,,,,,,,,,,,,,,,,,,,,,,,,,,,,,,,,,,,,,,,,,,,,,,
,,,,,Grand Total    ," 41,082 "," 42,331 "," 43,589 "," 44,838 "," 46,087 "," 47,360 "," 48,750 "," 49,750 "," 51,250 "," 52,350 "," 46,352 "," 39,543 "," 34,335 "," 26,776 "," 18,020 "," 18,878 "," 19,736 "," 20,594 "," 21,452 "," 22,310 "," 20,246 "," 18,182 "," 16,118 "," 14,054 "," 11,990 "," 11,111 "," 10,232 "," 9,353 "," 8,475 "," 7,596 "," 6,674 "," 5,753 "," 4,831 "," 3,910 "," 2,988 "," 3,134 "," 3,280 "," 3,426 "," 3,572 "," 3,718 "," 3,718 "," 3,718 "," 3,718 "," 3,718 "," 3,718 "," 3,718 "," 3,718 "," 3,718 "," 3,718 "," 3,718 "," 3,718 "," 3,718 "," 3,718 "," 3,718 "," 3,718 ",,,,
,,,,,,,,,,,,,,,,,,,,,,,,,,,,,,,,,,,,,,,,,,,,,,,,,,,,,,,,,,,,,,,,
Exports,,,,,TOTAL," 569,697 "," 658,292 "," 647,753 "," 793,968 "," 931,632 "," 853,074 "," 681,410 "," 990,931 "," 873,835 "," 801,664 "," 860,223 "," 911,414 "," 703,263 "," 722,854 "," 800,482 "," 836,145 "," 721,586 "," 895,040 "," 963,611 "," 869,813 "," 938,505 "," 921,050 "," 1,040,034 "," 959,136 "," 847,922 "," 917,310 "," 994,411 "," 869,645 "," 860,798 "," 1,029,923 "," 1,148,542 "," 778,900 "," 902,014 "," 950,835 "," 1,003,591 "," 1,093,567 "," 998,799 "," 1,196,289 "," 1,016,391 "," 913,803 "," 1,133,470 "," 1,023,592 "," 827,970 "," 907,320 "," 753,097 "," 940,659 "," 1,070,188 "," 927,125 "," 1,109,248 "," 973,159 "," 834,432 "," 894,923 "," 1,003,321 "," 1,066,790 "," 4,844 ",," 957,294 "," 984,387 "," 966,268 "
,,Broadbent Suppy Ditch,Wyoming,14040107,,0,0,0,0,0,0,0,0,0,0,0,0,0,0,0,0,0,0,0,0,250,250,250,250,250,,,,,,,,,,,,,,,,,,,,,,,,,,,,,,,,,,
,,August Gumlick *,Colorado,,,,,,,,,,,,,,,,,,7830,3280,5140,9150,657,3210,0,2360,0,272,0,Upper Main Stem,14010001,South Platte River,10190004,no longer collect under this name,0,0,0,0,0,0,0,0,0,0,0,0,0,0,0,0,0,0,0,0,0,0,0,0,,,,
,,,,,," 569,697 "," 658,292 "," 647,753 "," 793,968 "," 931,632 "," 853,074 "," 681,410 "," 990,931 "," 873,835 "," 801,664 "," 860,223 "," 911,414 "," 703,263 "," 722,854 "," 800,482 "," 828,315 "," 718,306 "," 889,900 "," 954,461 "," 869,156 "," 935,545 "," 921,300 "," 1,037,924 "," 959,386 "," 847,900 "," 917,310 ",#VALUE!," (13,140,356)",#VALUE!," (9,160,081)",#VALUE!," 778,900 "," 902,014 "," 950,835 "," 1,003,591 "," 1,093,567 "," 998,799 "," 1,196,289 "," 1,016,391 "," 913,803 "," 1,133,470 "," 1,023,592 "," 827,970 "," 907,320 "," 753,097 "," 940,659 "," 1,070,188 "," 927,125 "," 1,109,248 "," 973,159 "," 834,432 "," 894,923 "," 1,003,321 "," 1,066,790 "," 4,844 ",,,,
,,,,,,,,,,,,,,,,,,,,," 808,042 "," 717,285 "," 872,845 "," 910,458 "," 794,958 "," 798,861 "," 796,804 "," 882,201 "," 823,268 "," 672,145 ",,,,,,,,,,,,,,,,,,,,,,,,,,,,,,,,,,
,,,,,,,,,,,,,,,,,,,,,,,,,,,,,,,,,,,,,,,,,,,,,,,,,,,,,,,,,,,,,,,,
,,,Arizona,,san juan-colorado river, -   , -   , -   , -   , -   , -   , -   , -   , -   , -   , -   , -   , -   , -   , -   , -   , -   , -   , -   , -   , -   , -   , -   , -   , -   , -   , -   , -   , -   , -   , -   , -   , -   , -   , -   , -   , -   , -   , -   , -   , -   , -   , -   , -   , -   , -   , -   , -   , -   , -   , -   , -   , -   , -   , -   ,,,,
,,,Colorado,,green river, -   , -   , -   , -   ," 1,754 ", 589 , 240 ," 1,808 "," 1,822 "," 1,919 ", 633 ," 3,150 "," 3,340 "," 2,336 "," 3,043 "," 2,942 "," 1,735 "," 4,687 "," 3,111 "," 2,825 "," 3,348 "," 2,576 "," 3,418 "," 3,223 "," 3,302 "," 1,976 "," 2,202 "," 4,485 "," 1,629 "," 1,774 "," 2,077 ", 936 ," 2,645 "," 1,866 "," 2,773 "," 2,791 "," 1,796 "," 2,743 "," 2,995 "," 2,878 "," 5,358 "," 1,967 "," 2,378 "," 2,278 "," 2,139 "," 3,288 "," 3,312 ", 375 , 164 , 124 , -   ," 1,306 ", 378 , 169 , -   ,,,,
,,,,,upper main stem," 398,618 "," 470,049 "," 383,039 "," 630,077 "," 685,324 "," 645,105 "," 576,646 "," 772,740 "," 574,598 "," 541,109 "," 696,260 "," 693,955 "," 547,176 "," 579,088 "," 630,420 "," 659,370 "," 507,123 "," 696,288 "," 746,854 "," 620,406 "," 681,241 "," 652,510 "," 750,159 "," 736,475 "," 643,570 "," 708,004 "," 698,162 "," 619,493 "," 577,271 "," 822,499 "," 860,436 "," 589,727 "," 655,173 "," 697,337 "," 648,398 "," 875,194 "," 739,358 "," 911,764 "," 769,637 "," 666,764 "," 928,983 "," 845,024 "," 621,261 "," 705,767 "," 521,434 "," 704,483 "," 769,466 "," 752,010 "," 840,701 "," 763,075 "," 625,380 "," 685,673 "," 730,952 "," 736,381 ", -   ,,,,
,,,,,san juan-colorado river," 2,220 "," 2,093 "," 4,425 "," 1,173 "," 2,788 "," 3,619 "," 1,034 "," 2,029 "," 2,225 "," 2,375 "," 2,789 "," 2,952 "," 3,425 "," 3,733 "," 4,275 "," 5,727 "," 1,828 "," 3,398 "," 2,208 "," 1,920 "," 2,327 "," 4,670 ", 945 ," 1,245 "," 1,484 ", 529 ," 3,942 "," 1,828 "," 6,576 ", 710 , 918 , 149 , 952 ," 1,853 "," 4,241 "," 1,133 "," 2,510 "," 1,741 "," 1,837 "," 1,436 "," 1,489 "," 1,196 "," 2,182 "," 2,854 "," 4,781 "," 3,530 "," 3,385 "," 1,374 "," 2,165 "," 1,788 "," 2,066 "," 1,344 "," 3,149 "," 2,286 ", 114 ,,,,
,,,,,Total," 400,838 "," 472,142 "," 387,464 "," 631,250 "," 689,866 "," 649,314 "," 577,920 "," 776,577 "," 578,644 "," 545,403 "," 699,682 "," 700,057 "," 553,942 "," 585,158 "," 637,738 "," 668,039 "," 510,686 "," 704,373 "," 752,173 "," 625,151 "," 686,916 "," 659,756 "," 754,522 "," 740,943 "," 648,356 "," 710,509 "," 704,306 "," 625,806 "," 585,476 "," 824,983 "," 863,430 "," 590,812 "," 658,771 "," 701,057 "," 655,413 "," 879,118 "," 743,664 "," 916,249 "," 774,469 "," 671,078 "," 935,830 "," 848,186 "," 625,821 "," 710,899 "," 528,354 "," 711,301 "," 776,163 "," 753,758 "," 843,030 "," 764,987 "," 627,445 "," 688,323 "," 734,480 "," 738,836 ", 114 ,,,,
,Exp,,New Mexico,,san juan-colorado river," 59,959 "," 58,054 "," 153,285 "," 44,514 "," 137,229 "," 80,619 "," 17,380 "," 97,318 "," 156,282 "," 137,159 "," 49,634 "," 122,714 "," 120,994 "," 106,700 "," 86,375 "," 83,874 "," 78,854 "," 59,950 "," 47,703 "," 71,620 "," 109,434 "," 83,980 "," 105,679 "," 77,348 "," 85,053 "," 56,578 "," 136,994 "," 95,600 "," 114,466 "," 40,955 "," 105,206 "," 5,746 "," 59,250 "," 79,702 "," 147,805 "," 75,485 "," 99,937 "," 133,670 "," 99,911 "," 85,918 "," 93,725 "," 46,233 "," 44,467 "," 58,288 "," 88,607 "," 88,028 "," 153,580 "," 33,896 "," 137,521 "," 45,015 "," 56,280 "," 63,802 "," 130,543 "," 68,125 ", -   ,,,,
,,,Utah,,green river," 102,841 "," 119,355 "," 97,350 "," 109,714 "," 97,890 "," 114,005 "," 80,741 "," 108,553 "," 129,162 "," 109,851 "," 103,881 "," 77,559 "," 21,781 "," 26,913 "," 64,898 "," 70,449 "," 122,373 "," 123,553 "," 149,588 "," 157,307 "," 123,903 "," 163,084 "," 154,519 "," 124,755 "," 100,676 "," 131,431 "," 137,202 "," 131,576 "," 145,813 "," 146,757 "," 164,917 "," 171,236 "," 164,608 "," 154,121 "," 177,100 "," 119,209 "," 139,933 "," 124,343 "," 129,006 "," 142,695 "," 96,735 "," 121,527 "," 142,837 "," 130,954 "," 127,628 "," 132,822 "," 131,937 "," 130,024 "," 111,109 "," 153,129 "," 138,970 "," 126,841 "," 127,282 "," 252,385 "," 3,190 ",,,,
,,,,,upper main stem, -   , -   , -   , -   , -   , -   , -   , -   , -   , -   , -   , -   , -   , -   , -   , -   , -   , -   , -   , -   , -   , -   , -   , -   , -   , -   , -   , -   , -   , -   , -   , -   , -   , -   , -   , -   , -   , -   , -   , -   , -   , -   , -   , -   , -   , -   , -   , -   , -   , -   , -   , -   , -   , -   , -   ,,,,
,,,,,san juan-colorado river, -   , -   , -   , -   , -   , -   , -   , -   , -   , -   , -   , -   , -   , -   , -   , -   , -   , -   , -   , -   , -   , -   , -   , -   , -   , -   , -   , -   , -   , -   , -   , -   , -   , -   , -   , -   , -   , -   , -   , -   , -   , -   , -   , -   , -   , -   , -   , -   , -   , -   , -   , -   , -   , -   , -   ,,,,
,,,,,Total," 102,841 "," 119,355 "," 97,350 "," 109,714 "," 97,890 "," 114,005 "," 80,741 "," 108,553 "," 129,162 "," 109,851 "," 103,881 "," 77,559 "," 21,781 "," 26,913 "," 64,898 "," 70,449 "," 122,373 "," 123,553 "," 149,588 "," 157,307 "," 123,903 "," 163,084 "," 154,519 "," 124,755 "," 100,676 "," 131,431 "," 137,202 "," 131,576 "," 145,813 "," 146,757 "," 164,917 "," 171,236 "," 164,608 "," 154,121 "," 177,100 "," 119,209 "," 139,933 "," 124,343 "," 129,006 "," 142,695 "," 96,735 "," 121,527 "," 142,837 "," 130,954 "," 127,628 "," 132,822 "," 131,937 "," 130,024 "," 111,109 "," 153,129 "," 138,970 "," 126,841 "," 127,282 "," 252,385 "," 3,190 ",,,,
,,,Wyoming,,green river," 6,059 "," 8,741 "," 9,654 "," 8,489 "," 6,647 "," 9,136 "," 5,369 "," 8,484 "," 9,747 "," 9,251 "," 7,025 "," 11,083 "," 6,546 "," 4,083 "," 11,471 "," 13,783 "," 9,673 "," 7,163 "," 14,148 "," 15,735 "," 18,252 "," 14,230 "," 25,314 "," 16,090 "," 13,837 "," 18,791 "," 15,909 "," 16,663 "," 15,042 "," 17,228 "," 14,989 "," 11,106 "," 19,386 "," 15,955 "," 23,273 "," 19,755 "," 15,265 "," 22,028 "," 13,005 "," 14,112 "," 7,179 "," 7,645 "," 14,845 "," 7,179 "," 8,508 "," 8,508 "," 8,508 "," 9,446 "," 17,589 "," 10,027 "," 11,737 "," 15,957 "," 11,016 "," 7,444 "," 1,540 ",,,,
,,,,,,,,,,,,,,,,,,,,,,,,,,,,,,,,,,,,,,,,,,,,,,,,,,,,,,,,,,,,,,,,
,,,,,Grand Total    ," 569,697 "," 658,292 "," 647,753 "," 793,968 "," 931,632 "," 853,074 "," 681,410 "," 990,931 "," 873,835 "," 801,664 "," 860,223 "," 911,414 "," 703,263 "," 722,854 "," 800,482 "," 836,145 "," 721,586 "," 895,040 "," 963,611 "," 869,813 "," 938,505 "," 921,050 "," 1,040,034 "," 959,136 "," 847,922 "," 917,310 "," 994,411 "," 869,645 "," 860,798 "," 1,029,923 "," 1,148,542 "," 778,900 "," 902,014 "," 950,835 "," 1,003,591 "," 1,093,567 "," 998,799 "," 1,196,289 "," 1,016,391 "," 913,803 "," 1,133,470 "," 1,023,592 "," 827,970 "," 907,320 "," 753,097 "," 940,659 "," 1,070,188 "," 927,125 "," 1,109,248 "," 973,159 "," 834,432 "," 894,923 "," 1,003,321 "," 1,066,790 "," 4,844 ",,,,
,,,,,,,,,,,,,,,,,,,,,,,,,,,,,,,,,,,,,,,,,,,,,,,,,,,,,,,,,,,,,,,,
Imports,,,,,TOTAL," (4,573)"," (3,459)"," (8,963)"," (121,375)"," (145,223)"," (143,342)"," (62,688)"," (128,320)"," (132,463)"," (138,161)"," (136,727)"," (151,771)"," (132,302)"," (145,192)"," (137,300)"," (147,421)"," (148,237)"," (166,570)"," (181,599)"," (173,671)"," (182,220)"," (169,989)"," (168,673)"," (201,397)"," (198,037)"," (230,024)"," (186,093)"," (229,109)"," (200,778)"," (244,215)"," (240,385)"," (110,470)"," (176,152)"," (223,660)"," (212,607)"," (224,554)"," (228,640)"," (246,565)"," (217,597)"," (228,373)"," (298,669)"," (296,300)"," (174,754)"," (261,026)"," (238,077)"," (260,973)"," (276,924)"," (210,780)"," (265,514)"," (273,166)"," (117,602)"," (188,365)"," (236,481)"," (233,397)", (114),," (230,128)"," (234,518)"," (224,310)"
,,,,,,,,,,,,,,,,,,,,,,,,,,,,,,,,,,,,,,,,,,,,,,,,,,,,,,,,,,,,,,,,
,,,Arizona,,san juan-colorado river, -   , -   , -   , -   , -   , -   , -   , -   , -   , -   , -   , -   , -   , -   , -   , -   , -   , -   , -   , -   , -   , -   , -   , -   , -   , -   , -   , -   , -   , -   , -   , -   , -   , -   , -   , -   , -   , -   , -   , -   , -   , -   , -   , -   , -   , -   , -   , -   , -   , -   , -   , -   , -   , -   , -   ,,,,
,,,Colorado,,green river, -   , -   , -   , -   , -   , -   , -   , -   , -   , -   , -   , -   , -   , -   , -   , -   , -   , -   , -   , -   , -   , -   , -   , -   , -   , -   , -   , -   , -   , -   , -   , -   , -   , -   , -   , -   , -   , -   , -   , -   , -   , -   , -   , -   , -   , -   , -   , -   , -   , -   , -   , -   , -   , -   , -   ,,,,
,,,,,upper main stem, (1), (382), (427), -   ," (1,754)"," (1,164)"," (1,019)"," (1,808)"," (1,992)"," (1,919)", (633)," (3,150)"," (3,340)"," (2,336)"," (3,043)"," (3,863)"," (2,090)"," (5,384)"," (3,414)"," (2,938)"," (3,998)"," (3,095)"," (3,559)"," (3,517)"," (3,734)"," (2,213)"," (3,251)"," (4,967)"," (2,583)"," (1,981)"," (2,088)", (994)," (3,019)"," (2,304)"," (2,812)"," (2,791)"," (1,796)"," (2,743)"," (2,995)"," (2,878)"," (5,358)"," (1,967)"," (2,378)"," (2,278)"," (2,139)"," (3,288)"," (3,312)", (375), (164), (124), -   ," (1,308)", (450), (169), (114),,,,
,,,,,san juan-colorado river, -   , -   ," (2,200)"," (117,441)"," (137,381)"," (137,178)"," (60,669)"," (121,681)"," (125,279)"," (130,663)"," (130,378)"," (142,639)"," (123,823)"," (136,773)"," (128,109)"," (137,833)"," (139,993)"," (155,039)"," (174,467)"," (167,399)"," (174,610)"," (161,569)"," (158,606)"," (193,079)"," (187,281)"," (223,269)"," (177,400)"," (217,223)"," (191,499)"," (238,821)"," (232,555)"," (103,322)"," (170,421)"," (218,924)"," (204,483)"," (216,717)"," (222,375)"," (238,502)"," (210,344)"," (220,166)"," (288,644)"," (289,234)"," (166,735)"," (255,632)"," (231,168)"," (252,915)"," (268,687)"," (205,716)"," (260,660)"," (268,352)"," (112,913)"," (182,367)"," (231,341)"," (228,538)", -   ,,,,
,,,,,Total, (1), (382)," (2,627)"," (117,441)"," (139,135)"," (138,342)"," (61,688)"," (123,489)"," (127,271)"," (132,583)"," (131,010)"," (145,789)"," (127,163)"," (139,109)"," (131,152)"," (141,696)"," (142,082)"," (160,424)"," (177,882)"," (170,337)"," (178,608)"," (164,664)"," (162,164)"," (196,596)"," (191,015)"," (225,482)"," (180,651)"," (222,190)"," (194,082)"," (240,802)"," (234,644)"," (104,316)"," (173,440)"," (221,229)"," (207,295)"," (219,508)"," (224,171)"," (241,245)"," (213,339)"," (223,044)"," (294,002)"," (291,201)"," (169,113)"," (257,910)"," (233,307)"," (256,203)"," (271,999)"," (206,090)"," (260,824)"," (268,477)"," (112,913)"," (183,676)"," (231,791)"," (228,708)", (114),,,,
,Imp,,New Mexico,,san juan-colorado river, -   , -   , -   , -   , -   , -   , -   , -   , -   , -   , -   , -   , -   , -   , -   , -   , -   , -   , -   , -   , -   , -   , -   , -   , -   , -   , -   , -   , -   , -   , -   , -   , -   , -   , -   , -   , -   , -   , -   , -   , -   , -   , -   , -   , -   , -   , -   , -   , -   , -   , -   , -   , -   , -   , -   ,,,,
,,,Utah,,green river, -   , -   , -   , -   , -   , -   , -   , -   , -   , -   , -   , -   , -   , -   , -   , -   , -   , -   , -   , -   , -   , -   , -   , -   , -   , -   , -   , -   , -   , -   , -   , -   , -   , -   , -   , -   , -   , -   , -   , -   , -   , -   , -   , -   , -   , -   , -   , -   , -   , -   , -   , -   , -   , -   , -   ,,,,
,,,,,upper main stem, -   , -   , -   , -   , -   , -   , -   , -   , -   , -   , -   , -   , -   , -   , -   , -   , -   , -   , -   , -   , -   , -   , -   , -   , -   , -   , -   , -   , -   , -   , -   , -   , -   , -   , -   , -   , -   , -   , -   , -   , -   , -   , -   , -   , -   , -   , -   , -   , -   , -   , -   , -   , -   , -   , -   ,,,,
,,,,,san juan-colorado river," (4,572)"," (3,077)"," (6,336)"," (3,934)"," (6,088)"," (5,000)"," (1,000)"," (4,831)"," (5,192)"," (5,578)"," (5,717)"," (5,982)"," (5,139)"," (6,083)"," (6,148)"," (5,725)"," (6,155)"," (6,146)"," (3,717)"," (3,334)"," (3,612)"," (5,325)"," (6,509)"," (4,801)"," (7,022)"," (4,542)"," (5,442)"," (6,919)"," (6,696)"," (3,414)"," (5,741)"," (6,154)"," (2,711)"," (2,431)"," (5,312)"," (5,046)"," (4,469)"," (5,320)"," (4,259)"," (5,329)"," (4,667)"," (5,100)"," (5,641)"," (3,116)"," (4,771)"," (4,771)"," (4,925)"," (4,690)"," (4,690)"," (4,690)"," (4,690)"," (4,690)"," (4,690)"," (4,690)", -   ,,,,
,,,,,Total," (4,572)"," (3,077)"," (6,336)"," (3,934)"," (6,088)"," (5,000)"," (1,000)"," (4,831)"," (5,192)"," (5,578)"," (5,717)"," (5,982)"," (5,139)"," (6,083)"," (6,148)"," (5,725)"," (6,155)"," (6,146)"," (3,717)"," (3,334)"," (3,612)"," (5,325)"," (6,509)"," (4,801)"," (7,022)"," (4,542)"," (5,442)"," (6,919)"," (6,696)"," (3,414)"," (5,741)"," (6,154)"," (2,711)"," (2,431)"," (5,312)"," (5,046)"," (4,469)"," (5,320)"," (4,259)"," (5,329)"," (4,667)"," (5,100)"," (5,641)"," (3,116)"," (4,771)"," (4,771)"," (4,925)"," (4,690)"," (4,690)"," (4,690)"," (4,690)"," (4,690)"," (4,690)"," (4,690)", -   ,,,,
,,,Wyoming,,green river, -   , -   , -   , -   , -   , -   , -   , -   , -   , -   , -   , -   , -   , -   , -   , -   , -   , -   , -   , -   , -   , -   , -   , -   , -   , -   , -   , -   , -   , -   , -   , -   , -   , -   , -   , -   , -   , -   , -   , -   , -   , -   , -   , -   , -   , -   , -   , -   , -   , -   , -   , -   , -   , -   , -   ,,,,
,,,,,,,,,,,,,,,,,,,,,,,,,,,,,,,,,,,,,,,,,,,,,,,,,,,,,,,,,,,,,,,,
,,,,,Grand Total    ," (4,573)"," (3,459)"," (8,963)"," (121,375)"," (145,223)"," (143,342)"," (62,688)"," (128,320)"," (132,463)"," (138,161)"," (136,727)"," (151,771)"," (132,302)"," (145,192)"," (137,300)"," (147,421)"," (148,237)"," (166,570)"," (181,599)"," (173,671)"," (182,220)"," (169,989)"," (168,673)"," (201,397)"," (198,037)"," (230,024)"," (186,093)"," (229,109)"," (200,778)"," (244,215)"," (240,385)"," (110,470)"," (176,152)"," (223,660)"," (212,607)"," (224,554)"," (228,640)"," (246,565)"," (217,597)"," (228,373)"," (298,669)"," (296,300)"," (174,754)"," (261,026)"," (238,077)"," (260,973)"," (276,924)"," (210,780)"," (265,514)"," (273,166)"," (117,602)"," (188,365)"," (236,481)"," (233,397)", (114),,,,
,,,,,," (150,504)"," (150,504)"," (150,504)"," (150,504)"," (150,504)"," (150,504)"," (150,504)"," (150,504)"," (150,504)"," (150,504)"," (150,504)"," (150,504)"," (150,504)"," (150,504)"," (150,504)"," (150,504)"," (153,671)"," (160,528)"," (168,155)"," (146,674)"," (100,818)"," (102,774)"," (107,117)"," (117,945)"," (115,891)",,,,,,,,,,,,,,,,,,,,,,,,,,,,,,,,,,
,,,,,,,,,,,,,,,,,,,,,,,,,,,,,,,,,,,,,,,,,,,,,,,,,,,,,,,,,,,,,,,,
Exports - Outside System,,,,,TOTAL,,,,,,,,,,,,,,,,,,,,,,,,,,,,,,,,,,,,,,,,,,,,,,,,,,,,,,,,,,,
,,,,,,,,,,,,,,,,,,,,,,,,,,,,,,,,,,,,,,,,,,,,,,,,,,,,,,,,,,,,,,,,
,,,Arizona,,san juan-colorado river, -   , -   , -   , -   , -   , -   , -   , -   , -   , -   , -   , -   , -   , -   , -   , -   , -   , -   , -   , -   , -   , -   , -   , -   , -   , -   , -   , -   , -   , -   , -   , -   , -   , -   , -   , -   , -   , -   , -   , -   , -   , -   , -   , -   , -   , -   , -   , -   , -   , -   , -   , -   , -   , -   , -   ,,,,
,,,Colorado,,green river, -   , -   , -   , -   , -   , -   , -   , -   , -   , -   , -   , -   , -   , -   , -   , -   , -   , -   , -   , -   , -   , -   , -   , -   , -   , -   , -   , -   , -   , -   , -   , -   , -   , -   , -   , -   , -   , -   , -   , -   , -   , -   , -   , -   , -   , -   , -   , -   , -   , -   , -   , -   , -   , -   , -   ,,,,
,,,,,upper main stem," 398,618 "," 470,049 "," 380,839 "," 512,635 "," 547,943 "," 507,927 "," 515,977 "," 651,059 "," 449,319 "," 410,446 "," 565,883 "," 551,316 "," 423,354 "," 442,315 "," 502,311 "," 521,537 "," 367,131 "," 541,248 "," 572,386 "," 453,007 "," 506,631 "," 490,942 "," 591,554 "," 543,396 "," 456,288 "," 484,736 "," 520,762 "," 402,270 "," 385,772 "," 583,678 "," 627,880 "," 486,405 "," 484,752 "," 478,413 "," 443,915 "," 658,477 "," 516,983 "," 673,262 "," 559,293 "," 446,598 "," 640,339 "," 555,790 "," 454,526 "," 450,135 "," 290,266 "," 451,568 "," 500,779 "," 546,294 "," 580,041 "," 494,723 "," 512,467 "," 503,306 "," 499,612 "," 507,843 ", -   ,,,,
,,,,,san juan-colorado river," 2,219 "," 1,711 "," 3,998 "," 1,173 "," 2,788 "," 3,044 ", 255 ," 2,029 "," 2,054 "," 2,375 "," 2,789 "," 2,952 "," 3,425 "," 3,733 "," 4,275 "," 4,806 "," 1,473 "," 2,702 "," 1,904 "," 1,807 "," 1,677 "," 4,151 ", 804 , 951 ," 1,052 ", 291 ," 2,893 "," 1,346 "," 5,622 ", 503 , 906 , 91 , 578 ," 1,415 "," 4,202 "," 1,133 "," 2,510 "," 1,741 "," 1,837 "," 1,436 "," 1,489 "," 1,196 "," 2,182 "," 2,854 "," 4,781 "," 3,530 "," 3,385 "," 1,374 "," 2,165 "," 1,788 "," 2,066 "," 1,341 "," 3,077 "," 2,286 ", -   ,,,,
,,,,,Total," 400,837 "," 471,760 "," 384,837 "," 513,808 "," 550,730 "," 510,972 "," 516,233 "," 653,088 "," 451,373 "," 412,820 "," 568,672 "," 554,268 "," 426,779 "," 446,049 "," 506,586 "," 526,343 "," 368,604 "," 543,950 "," 574,291 "," 454,813 "," 508,308 "," 495,093 "," 592,357 "," 544,347 "," 457,340 "," 485,027 "," 523,655 "," 403,616 "," 391,394 "," 584,181 "," 628,786 "," 486,496 "," 485,330 "," 479,829 "," 448,118 "," 659,610 "," 519,493 "," 675,004 "," 561,130 "," 448,034 "," 641,828 "," 556,985 "," 456,708 "," 452,989 "," 295,047 "," 455,098 "," 504,164 "," 547,668 "," 582,206 "," 496,511 "," 514,533 "," 504,647 "," 502,689 "," 510,128 ", -   ,,,,
,Exp Outside,,New Mexico,,san juan-colorado river," 59,959 "," 58,054 "," 153,285 "," 44,514 "," 137,229 "," 80,619 "," 17,380 "," 97,318 "," 156,282 "," 137,159 "," 49,634 "," 122,714 "," 120,994 "," 106,700 "," 86,375 "," 83,874 "," 78,854 "," 59,950 "," 47,703 "," 71,620 "," 109,434 "," 83,980 "," 105,679 "," 77,348 "," 85,053 "," 56,578 "," 136,994 "," 95,600 "," 114,466 "," 40,955 "," 105,206 "," 5,746 "," 59,250 "," 79,702 "," 147,805 "," 75,485 "," 99,937 "," 133,670 "," 99,911 "," 85,918 "," 93,725 "," 46,233 "," 44,467 "," 58,288 "," 88,607 "," 88,028 "," 153,580 "," 33,896 "," 137,521 "," 45,015 "," 56,280 "," 63,802 "," 130,543 "," 68,125 ", -   ,,,,
,,,Utah,,green river," 102,841 "," 119,355 "," 97,350 "," 109,714 "," 97,890 "," 114,005 "," 80,741 "," 108,553 "," 129,162 "," 109,851 "," 103,881 "," 77,559 "," 21,781 "," 26,913 "," 64,898 "," 70,449 "," 122,373 "," 123,553 "," 149,588 "," 157,307 "," 123,903 "," 163,084 "," 154,519 "," 124,755 "," 100,676 "," 131,431 "," 137,202 "," 131,576 "," 145,813 "," 146,757 "," 164,917 "," 171,236 "," 164,608 "," 154,121 "," 177,100 "," 119,209 "," 139,933 "," 124,343 "," 129,006 "," 142,695 "," 96,735 "," 121,527 "," 142,837 "," 130,954 "," 127,628 "," 132,822 "," 131,937 "," 130,024 "," 111,109 "," 153,129 "," 138,970 "," 126,841 "," 127,282 "," 252,385 "," 3,190 ",,,,
,,,,,upper main stem, -   , -   , -   , -   , -   , -   , -   , -   , -   , -   , -   , -   , -   , -   , -   , -   , -   , -   , -   , -   , -   , -   , -   , -   , -   , -   , -   , -   , -   , -   , -   , -   , -   , -   , -   , -   , -   , -   , -   , -   , -   , -   , -   , -   , -   , -   , -   , -   , -   , -   , -   , -   , -   , -   , -   ,,,,
,,,,,san juan-colorado river," (4,572)"," (3,077)"," (6,336)"," (3,934)"," (6,088)"," (5,000)"," (1,000)"," (4,831)"," (5,192)"," (5,578)"," (5,717)"," (5,982)"," (5,139)"," (6,083)"," (6,148)"," (5,725)"," (6,155)"," (6,146)"," (3,717)"," (3,334)"," (3,612)"," (5,325)"," (6,509)"," (4,801)"," (7,022)"," (4,542)"," (5,442)"," (6,919)"," (6,696)"," (3,414)"," (5,741)"," (6,154)"," (2,711)"," (2,431)"," (5,312)"," (5,046)"," (4,469)"," (5,320)"," (4,259)"," (5,329)"," (4,667)"," (5,100)"," (5,641)"," (3,116)"," (4,771)"," (4,771)"," (4,925)"," (4,690)"," (4,690)"," (4,690)"," (4,690)"," (4,690)"," (4,690)"," (4,690)", -   ,,,,
,,,,,Total," 98,269 "," 116,278 "," 91,014 "," 105,780 "," 91,802 "," 109,005 "," 79,741 "," 103,722 "," 123,970 "," 104,273 "," 98,164 "," 71,577 "," 16,642 "," 20,830 "," 58,750 "," 64,724 "," 116,218 "," 117,407 "," 145,871 "," 153,973 "," 120,291 "," 157,759 "," 148,010 "," 119,954 "," 93,654 "," 126,889 "," 131,760 "," 124,657 "," 139,117 "," 143,344 "," 159,176 "," 165,082 "," 161,896 "," 151,690 "," 171,789 "," 114,163 "," 135,464 "," 119,024 "," 124,748 "," 137,366 "," 92,068 "," 116,428 "," 137,196 "," 127,838 "," 122,857 "," 128,051 "," 127,012 "," 125,334 "," 106,419 "," 148,440 "," 134,281 "," 122,151 "," 122,592 "," 247,695 "," 3,190 ",,,,
,,,Wyoming,,green river," 6,059 "," 8,741 "," 9,654 "," 8,489 "," 6,647 "," 9,136 "," 5,369 "," 8,484 "," 9,747 "," 9,251 "," 7,025 "," 11,083 "," 6,546 "," 4,083 "," 11,471 "," 13,783 "," 9,673 "," 7,163 "," 14,148 "," 15,735 "," 18,252 "," 14,230 "," 25,314 "," 16,090 "," 13,837 "," 18,791 "," 15,909 "," 16,663 "," 15,042 "," 17,228 "," 14,989 "," 11,106 "," 19,386 "," 15,955 "," 23,273 "," 19,755 "," 15,265 "," 22,028 "," 13,005 "," 14,112 "," 7,179 "," 7,645 "," 14,845 "," 7,179 "," 8,508 "," 8,508 "," 8,508 "," 9,446 "," 17,589 "," 10,027 "," 11,737 "," 15,957 "," 11,016 "," 7,444 "," 1,540 ",,,,
,,,,,,,,,,,,,,,,,,,,,,,,,,,,,,,,,,,,,,,,,,,,,,,,,,,,,,,,,,,,,,,,
,,,,,Grand Total    ," 565,124 "," 654,833 "," 638,790 "," 672,592 "," 786,408 "," 709,732 "," 618,722 "," 862,611 "," 741,373 "," 663,503 "," 723,496 "," 759,643 "," 570,961 "," 577,662 "," 663,182 "," 688,724 "," 573,348 "," 728,470 "," 782,012 "," 696,141 "," 756,285 "," 751,061 "," 871,361 "," 757,739 "," 649,885 "," 687,286 "," 808,318 "," 640,536 "," 660,019 "," 785,708 "," 908,158 "," 668,430 "," 725,863 "," 727,176 "," 790,985 "," 869,013 "," 770,159 "," 949,725 "," 798,794 "," 685,430 "," 834,800 "," 727,291 "," 653,216 "," 646,294 "," 515,019 "," 679,685 "," 793,264 "," 716,344 "," 843,734 "," 699,992 "," 716,830 "," 706,557 "," 766,840 "," 833,393 "," 4,730 ",," 727,166 "," 749,868 "," 741,958 "
,,,,,,,,,,,,,,,,,,,,,,,,,,,,,,,,,,,,,,,,,,,,,,,,,,,,,,,,,,,,,,,,
Exports - WithIn System,,,,,TOTAL,,,,,,,,,,,,,,,,,,,,,,,,,,,,,,,,,,,,,,,,,,,,,,,,,,,,,,,,,,,
,,,,,,,,,,,,,,,,,,,,,,,,,,,,,,,,,,,,,,,,,,,,,,,,,,,,,,,,,,,,,,,,
,,,Arizona,,san juan-colorado river, -   , -   , -   , -   , -   , -   , -   , -   , -   , -   , -   , -   , -   , -   , -   , -   , -   , -   , -   , -   , -   , -   , -   , -   , -   , -   , -   , -   , -   , -   , -   , -   , -   , -   , -   , -   , -   , -   , -   , -   , -   , -   , -   , -   , -   , -   , -   , -   , -   , -   , -   , -   , -   , -   , -   ,,,,
,,,Colorado,,green river, -   , -   , -   , -   ," 1,754 ", 589 , 240 ," 1,808 "," 1,822 "," 1,919 ", 633 ," 3,150 "," 3,340 "," 2,336 "," 3,043 "," 2,942 "," 1,735 "," 4,687 "," 3,111 "," 2,825 "," 3,348 "," 2,576 "," 3,418 "," 3,223 "," 3,302 "," 1,976 "," 2,202 "," 4,485 "," 1,629 "," 1,774 "," 2,077 ", 936 ," 2,645 "," 1,866 "," 2,773 "," 2,791 "," 1,796 "," 2,743 "," 2,995 "," 2,878 "," 5,358 "," 1,967 "," 2,378 "," 2,278 "," 2,139 "," 3,288 "," 3,312 ", 375 , 164 , 124 , -   ," 1,306 ", 378 , 169 , -   ,,,,
,,,,,upper main stem, (1), (382)," 1,773 "," 117,441 "," 135,628 "," 136,014 "," 59,651 "," 119,873 "," 123,287 "," 128,744 "," 129,745 "," 139,489 "," 120,482 "," 134,437 "," 125,066 "," 133,969 "," 137,903 "," 149,655 "," 171,053 "," 164,462 "," 170,612 "," 158,473 "," 155,047 "," 189,561 "," 183,548 "," 221,055 "," 174,149 "," 212,256 "," 188,915 "," 236,841 "," 230,467 "," 102,329 "," 167,402 "," 216,620 "," 201,672 "," 213,926 "," 220,580 "," 235,759 "," 207,349 "," 217,288 "," 283,286 "," 287,268 "," 164,357 "," 253,353 "," 229,030 "," 249,627 "," 265,375 "," 205,341 "," 260,496 "," 268,228 "," 112,913 "," 181,059 "," 230,890 "," 228,369 ", (114),,,,
,,,,,san juan-colorado river, 1 , 382 ," (1,773)"," (117,441)"," (137,381)"," (136,603)"," (59,891)"," (121,681)"," (125,109)"," (130,663)"," (130,378)"," (142,639)"," (123,823)"," (136,773)"," (128,109)"," (136,911)"," (139,638)"," (154,343)"," (174,164)"," (167,286)"," (173,960)"," (161,049)"," (158,465)"," (192,784)"," (186,849)"," (223,031)"," (176,351)"," (216,741)"," (190,544)"," (238,615)"," (232,544)"," (103,264)"," (170,047)"," (218,486)"," (204,445)"," (216,717)"," (222,375)"," (238,502)"," (210,344)"," (220,166)"," (288,644)"," (289,234)"," (166,735)"," (255,632)"," (231,168)"," (252,915)"," (268,687)"," (205,716)"," (260,660)"," (268,352)"," (112,913)"," (182,365)"," (231,269)"," (228,538)", 114 ,,,,
,,,,,Total, -   , -   , -   , -   , -   , -   , -   , -   , -   , -   , -   , -   , -   , -   , -   , -   , -   , -   , -   , -   , -   , -   , -   , -   , -   , -   , -   , -   , -   , -   , -   , -   , -   , -   , -   , -   , -   , -   , -   , -   , -   , -   , -   , -   , -   , -   , -   , -   , -   , -   , -   , -   , -   , -   , -   ,,,,
,Exp Within,,New Mexico,,san juan-colorado river, -   , -   , -   , -   , -   , -   , -   , -   , -   , -   , -   , -   , -   , -   , -   , -   , -   , -   , -   , -   , -   , -   , -   , -   , -   , -   , -   , -   , -   , -   , -   , -   , -   , -   , -   , -   , -   , -   , -   , -   , -   , -   , -   , -   , -   , -   , -   , -   , -   , -   , -   , -   , -   , -   , -   ,,,,
,,,Utah,,green river, -   , -   , -   , -   , -   , -   , -   , -   , -   , -   , -   , -   , -   , -   , -   , -   , -   , -   , -   , -   , -   , -   , -   , -   , -   , -   , -   , -   , -   , -   , -   , -   , -   , -   , -   , -   , -   , -   , -   , -   , -   , -   , -   , -   , -   , -   , -   , -   , -   , -   , -   , -   , -   , -   , -   ,,,,
,,,,,upper main stem, -   , -   , -   , -   , -   , -   , -   , -   , -   , -   , -   , -   , -   , -   , -   , -   , -   , -   , -   , -   , -   , -   , -   , -   , -   , -   , -   , -   , -   , -   , -   , -   , -   , -   , -   , -   , -   , -   , -   , -   , -   , -   , -   , -   , -   , -   , -   , -   , -   , -   , -   , -   , -   , -   , -   ,,,,
,,,,,san juan-colorado river, -   , -   , -   , -   , -   , -   , -   , -   , -   , -   , -   , -   , -   , -   , -   , -   , -   , -   , -   , -   , -   , -   , -   , -   , -   , -   , -   , -   , -   , -   , -   , -   , -   , -   , -   , -   , -   , -   , -   , -   , -   , -   , -   , -   , -   , -   , -   , -   , -   , -   , -   , -   , -   , -   , -   ,,,,
,,,,,Total, -   , -   , -   , -   , -   , -   , -   , -   , -   , -   , -   , -   , -   , -   , -   , -   , -   , -   , -   , -   , -   , -   , -   , -   , -   , -   , -   , -   , -   , -   , -   , -   , -   , -   , -   , -   , -   , -   , -   , -   , -   , -   , -   , -   , -   , -   , -   , -   , -   , -   , -   , -   , -   , -   , -   ,,,,
,,,Wyoming,,green river, -   , -   , -   , -   , -   , -   , -   , -   , -   , -   , -   , -   , -   , -   , -   , -   , -   , -   , -   , -   , -   , -   , -   , -   , -   , -   , -   , -   , -   , -   , -   , -   , -   , -   , -   , -   , -   , -   , -   , -   , -   , -   , -   , -   , -   , -   , -   , -   , -   , -   , -   , -   , -   , -   , -   ,,,,
,,,,,,,,,,,,,,,,,,,,,,,,,,,,,,,,,,,,,,,,,,,,,,,,,,,,,,,,,,,,,,,,
,,,,,Grand Total    , -   , -   , -   , -   , -   , -   , -   , -   , -   , -   , -   , -   , -   , -   , -   , -   , -   , -   , -   , -   , -   , -   , -   , -   , -   , -   , -   , -   , -   , -   , -   , -   , -   , -   , -   , -   , -   , -   , -   , -   , -   , -   , -   , -   , -   , -   , -   , -   , -   , -   , -   , -   , -   , -   , -   ,, -   , -   , -   
,,,,,,,,,,,,,,,,,,,,,,,,,,,,,,,,,,,,,,,,,,,,,,,,,,,,,,,,,,,,,,,,
,Exports/Imports,,,,,,,,,,,,,,,,,,,,,,,,,,,,,,,,,,,,,,,,,,,,,,,,,,,,,,,,,,,,,,,
,,,,,,,,,,,,,,,,,,,,,,,,,,,,,,,,,,,,,,,,,,,,,,,,,,,,,,,,,,,,,,,,
,,,Arizona,,, -   , -   , -   , -   , -   , -   , -   , -   , -   , -   , -   , -   , -   , -   , -   , -   , -   , -   , -   , -   , -   , -   , -   , -   , -   , -   , -   , -   , -   , -   , -   , -   , -   , -   , -   , -   , -   , -   , -   , -   , -   , -   , -   , -   , -   , -   , -   , -   , -   , -   , -   , -   , -   , -   , -   ,,,,
,,,Colorado,,green river, -   , -   , -   , -   ," 1,754 ", 589 , 240 ," 1,808 "," 1,822 "," 1,919 ", 633 ," 3,150 "," 3,340 "," 2,336 "," 3,043 "," 2,942 "," 1,735 "," 4,687 "," 3,111 "," 2,825 "," 3,348 "," 2,576 "," 3,418 "," 3,223 "," 3,302 "," 1,976 "," 2,202 "," 4,485 "," 1,629 "," 1,774 "," 2,077 ", 936 ," 2,645 "," 1,866 "," 2,773 "," 2,791 "," 1,796 "," 2,743 "," 2,995 "," 2,878 "," 5,358 "," 1,967 "," 2,378 "," 2,278 "," 2,139 "," 3,288 "," 3,312 ", 375 , 164 , 124 , -   ," 1,306 ", 378 , 169 , -   ,,,,
,,,,,upper main stem," 398,617 "," 469,667 "," 382,612 "," 630,077 "," 683,570 "," 643,942 "," 575,628 "," 770,932 "," 572,606 "," 539,189 "," 695,628 "," 690,805 "," 543,836 "," 576,752 "," 627,377 "," 655,507 "," 505,034 "," 690,903 "," 743,439 "," 617,468 "," 677,243 "," 649,415 "," 746,601 "," 732,958 "," 639,836 "," 705,791 "," 694,911 "," 614,526 "," 574,688 "," 820,519 "," 858,348 "," 588,733 "," 652,154 "," 695,033 "," 645,587 "," 872,403 "," 737,563 "," 909,021 "," 766,643 "," 663,886 "," 923,625 "," 843,057 "," 618,883 "," 703,488 "," 519,296 "," 701,195 "," 766,154 "," 751,635 "," 840,537 "," 762,950 "," 625,380 "," 684,365 "," 730,502 "," 736,211 ", (114),,,,
,,,,,san juan-colorado river," 2,220 "," 2,093 "," 2,225 "," (116,268)"," (134,594)"," (133,559)"," (59,635)"," (119,652)"," (123,054)"," (128,288)"," (127,589)"," (139,687)"," (120,398)"," (133,040)"," (123,835)"," (132,106)"," (138,165)"," (151,641)"," (172,259)"," (165,479)"," (172,283)"," (156,898)"," (157,661)"," (191,833)"," (185,797)"," (222,740)"," (173,458)"," (215,395)"," (184,922)"," (238,112)"," (231,638)"," (103,173)"," (169,469)"," (217,071)"," (200,242)"," (215,584)"," (219,866)"," (236,761)"," (208,507)"," (218,730)"," (287,155)"," (288,039)"," (164,553)"," (252,777)"," (226,387)"," (249,384)"," (265,302)"," (204,342)"," (258,495)"," (266,564)"," (110,847)"," (181,023)"," (228,191)"," (226,252)", 114 ,,,,
,Exp/Imp,,,,Total," 400,837 "," 471,760 "," 384,837 "," 513,808 "," 550,730 "," 510,972 "," 516,233 "," 653,088 "," 451,373 "," 412,820 "," 568,672 "," 554,268 "," 426,779 "," 446,049 "," 506,586 "," 526,343 "," 368,604 "," 543,950 "," 574,291 "," 454,813 "," 508,308 "," 495,093 "," 592,357 "," 544,347 "," 457,340 "," 485,027 "," 523,655 "," 403,616 "," 391,394 "," 584,181 "," 628,786 "," 486,496 "," 485,330 "," 479,829 "," 448,118 "," 659,610 "," 519,493 "," 675,004 "," 561,130 "," 448,034 "," 641,828 "," 556,985 "," 456,708 "," 452,989 "," 295,047 "," 455,098 "," 504,164 "," 547,668 "," 582,206 "," 496,511 "," 514,533 "," 504,647 "," 502,689 "," 510,128 ", -   ,,,,
,,,New Mexico,,," 59,959 "," 58,054 "," 153,285 "," 44,514 "," 137,229 "," 80,619 "," 17,380 "," 97,318 "," 156,282 "," 137,159 "," 49,634 "," 122,714 "," 120,994 "," 106,700 "," 86,375 "," 83,874 "," 78,854 "," 59,950 "," 47,703 "," 71,620 "," 109,434 "," 83,980 "," 105,679 "," 77,348 "," 85,053 "," 56,578 "," 136,994 "," 95,600 "," 114,466 "," 40,955 "," 105,206 "," 5,746 "," 59,250 "," 79,702 "," 147,805 "," 75,485 "," 99,937 "," 133,670 "," 99,911 "," 85,918 "," 93,725 "," 46,233 "," 44,467 "," 58,288 "," 88,607 "," 88,028 "," 153,580 "," 33,896 "," 137,521 "," 45,015 "," 56,280 "," 63,802 "," 130,543 "," 68,125 ", -   ,,,,
,,,Utah,,green river," 102,841 "," 119,355 "," 97,350 "," 109,714 "," 97,890 "," 114,005 "," 80,741 "," 108,553 "," 129,162 "," 109,851 "," 103,881 "," 77,559 "," 21,781 "," 26,913 "," 64,898 "," 70,449 "," 122,373 "," 123,553 "," 149,588 "," 157,307 "," 123,903 "," 163,084 "," 154,519 "," 124,755 "," 100,676 "," 131,431 "," 137,202 "," 131,576 "," 145,813 "," 146,757 "," 164,917 "," 171,236 "," 164,608 "," 154,121 "," 177,100 "," 119,209 "," 139,933 "," 124,343 "," 129,006 "," 142,695 "," 96,735 "," 121,527 "," 142,837 "," 130,954 "," 127,628 "," 132,822 "," 131,937 "," 130,024 "," 111,109 "," 153,129 "," 138,970 "," 126,841 "," 127,282 "," 252,385 "," 3,190 ",,,,
,,,,,upper main stem, -   , -   , -   , -   , -   , -   , -   , -   , -   , -   , -   , -   , -   , -   , -   , -   , -   , -   , -   , -   , -   , -   , -   , -   , -   , -   , -   , -   , -   , -   , -   , -   , -   , -   , -   , -   , -   , -   , -   , -   , -   , -   , -   , -   , -   , -   , -   , -   , -   , -   , -   , -   , -   , -   , -   ,,,,
,,,,,san juan-colorado river," (4,572)"," (3,077)"," (6,336)"," (3,934)"," (6,088)"," (5,000)"," (1,000)"," (4,831)"," (5,192)"," (5,578)"," (5,717)"," (5,982)"," (5,139)"," (6,083)"," (6,148)"," (5,725)"," (6,155)"," (6,146)"," (3,717)"," (3,334)"," (3,612)"," (5,325)"," (6,509)"," (4,801)"," (7,022)"," (4,542)"," (5,442)"," (6,919)"," (6,696)"," (3,414)"," (5,741)"," (6,154)"," (2,711)"," (2,431)"," (5,312)"," (5,046)"," (4,469)"," (5,320)"," (4,259)"," (5,329)"," (4,667)"," (5,100)"," (5,641)"," (3,116)"," (4,771)"," (4,771)"," (4,925)"," (4,690)"," (4,690)"," (4,690)"," (4,690)"," (4,690)"," (4,690)"," (4,690)", -   ,,,,
,,,,,Total," 98,269 "," 116,278 "," 91,014 "," 105,780 "," 91,802 "," 109,005 "," 79,741 "," 103,722 "," 123,970 "," 104,273 "," 98,164 "," 71,577 "," 16,642 "," 20,830 "," 58,750 "," 64,724 "," 116,218 "," 117,407 "," 145,871 "," 153,973 "," 120,291 "," 157,759 "," 148,010 "," 119,954 "," 93,654 "," 126,889 "," 131,760 "," 124,657 "," 139,117 "," 143,344 "," 159,176 "," 165,082 "," 161,896 "," 151,690 "," 171,789 "," 114,163 "," 135,464 "," 119,024 "," 124,748 "," 137,366 "," 92,068 "," 116,428 "," 137,196 "," 127,838 "," 122,857 "," 128,051 "," 127,012 "," 125,334 "," 106,419 "," 148,440 "," 134,281 "," 122,151 "," 122,592 "," 247,695 "," 3,190 ",,,,
,,,Wyoming,,," 6,059 "," 8,741 "," 9,654 "," 8,489 "," 6,647 "," 9,136 "," 5,369 "," 8,484 "," 9,747 "," 9,251 "," 7,025 "," 11,083 "," 6,546 "," 4,083 "," 11,471 "," 13,783 "," 9,673 "," 7,163 "," 14,148 "," 15,735 "," 18,252 "," 14,230 "," 25,314 "," 16,090 "," 13,837 "," 18,791 "," 15,909 "," 16,663 "," 15,042 "," 17,228 "," 14,989 "," 11,106 "," 19,386 "," 15,955 "," 23,273 "," 19,755 "," 15,265 "," 22,028 "," 13,005 "," 14,112 "," 7,179 "," 7,645 "," 14,845 "," 7,179 "," 8,508 "," 8,508 "," 8,508 "," 9,446 "," 17,589 "," 10,027 "," 11,737 "," 15,957 "," 11,016 "," 7,444 "," 1,540 ",,,,
,,,,,,,,,,,,,,,,,,,,,,,,,,,,,,,,,,,,,,,,,,,,,,,,,,,,,,,,,,,,,,,,
,,,,,Grand Total     ," 565,124 "," 654,833 "," 638,790 "," 672,592 "," 786,408 "," 709,732 "," 618,722 "," 862,611 "," 741,373 "," 663,503 "," 723,496 "," 759,643 "," 570,961 "," 577,662 "," 663,182 "," 688,724 "," 573,348 "," 728,470 "," 782,012 "," 696,141 "," 756,285 "," 751,061 "," 871,361 "," 757,739 "," 649,885 "," 687,286 "," 808,318 "," 640,536 "," 660,019 "," 785,708 "," 908,158 "," 668,430 "," 725,863 "," 727,176 "," 790,985 "," 869,013 "," 770,159 "," 949,725 "," 798,794 "," 685,430 "," 834,800 "," 727,291 "," 653,216 "," 646,294 "," 515,019 "," 679,685 "," 793,264 "," 716,344 "," 843,734 "," 699,992 "," 716,830 "," 706,557 "," 766,840 "," 833,393 "," 4,730 ",,,,
,,,,,,,,,,,,,,,,,,,,,,,,,,,,,,,,,,,,,,,,,,,,,,,,,,,,,,,,,,,,,,,,
,,,,,," 565,124 "," 654,833 "," 638,790 "," 672,592 "," 786,408 "," 709,732 "," 618,722 "," 862,611 "," 741,373 "," 663,503 "," 723,496 "," 759,643 "," 570,961 "," 577,662 "," 663,182 "," 688,724 "," 573,348 "," 728,470 "," 782,012 "," 696,141 "," 756,285 "," 751,061 "," 871,361 "," 757,739 "," 649,885 "," 687,286 "," 808,318 "," 640,536 "," 660,019 "," 785,708 "," 908,158 "," 668,430 "," 725,863 "," 727,176 "," 790,985 "," 869,013 "," 770,159 "," 949,725 "," 798,794 "," 685,430 "," 834,800 "," 727,291 "," 653,216 "," 646,294 "," 515,019 "," 679,685 "," 793,264 "," 716,344 "," 843,734 "," 699,992 "," 716,830 "," 706,557 "," 766,840 "," 833,393 "," 4,730 ",,,,
,,,,,,,,,,,,,,,,,,,,,,,,,,,,,,,,,,,,,,,,,,,,,,,,,,,,,,,,,,,,,,,,
,Irrigated Acreage (acres),,,,TOTAL,,,,,,,,,,,,,,,,,,,,,,,,,,,,,,,,,,,,,,,,,,,,,,,,,,,,,,,,,,,
,,,,,,,,,,,,,,,,,,,,,,,,,,,,,,,,,,,,,,,,,,,,,,,,,,,,,,,,,,,,,,,,
,,,Arizona,,,,,,,,,,,,,,,,,," 3,543 "," 3,640 "," 3,605 "," 3,615 "," 3,615 ", 61 , 960 , 741 , 444 , 671 , 256 , 602 , 396 , 432 , 264 , 368 , 121 , 377 , 176 , 861 , 116 , 708 , 272 , 83 , 448 , 265 , 46 , 424 , 58 ," 1,177 ", 284 , 371 , 128 , 736 , 100 , 95 ," 1,677 ", 348 , 831 , -   ,,,,
,,,Colorado,,green river,,,,,,,,,,,,,,,," 108,564 "," 107,770 "," 123,202 "," 115,199 "," 125,362 "," 102,816 "," 98,001 "," 99,899 "," 95,856 "," 104,803 "," 98,980 "," 108,085 "," 102,462 "," 103,641 "," 97,617 "," 100,278 "," 86,204 "," 95,481 "," 97,061 "," 104,469 "," 100,290 "," 100,124 "," 101,865 "," 103,893 "," 99,302 "," 104,851 "," 82,491 "," 102,191 "," 107,065 "," 105,070 "," 104,982 "," 102,824 "," 99,295 "," 105,943 "," 97,208 "," 90,845 "," 105,076 "," 108,080 "," 102,821 ", -   ,,,,
,,,,,upper main stem,,,,,,,,,,,,,,,," 529,499 "," 520,237 "," 578,418 "," 569,736 "," 556,663 "," 475,054 "," 447,689 "," 462,993 "," 446,908 "," 491,150 "," 455,653 "," 500,199 "," 460,998 "," 491,951 "," 460,794 "," 462,670 "," 398,520 "," 443,858 "," 434,464 "," 470,717 "," 459,336 "," 470,159 "," 449,454 "," 464,314 "," 449,999 "," 473,962 "," 419,017 "," 472,923 "," 482,807 "," 491,165 "," 481,123 "," 463,429 "," 384,952 "," 483,663 "," 396,133 "," 416,840 "," 450,178 "," 490,701 "," 461,481 ", -   ,,,,
,,,,,san juan-colorado river,,,,,,,,,,,,,,,," 161,923 "," 183,883 "," 200,951 "," 206,288 "," 215,620 "," 167,612 "," 189,082 "," 173,714 "," 179,722 "," 183,443 "," 158,324 "," 195,298 "," 177,546 "," 188,416 "," 163,969 "," 170,341 "," 117,484 "," 157,520 "," 166,157 "," 178,151 "," 176,523 "," 171,507 "," 170,545 "," 170,971 "," 173,432 "," 163,175 "," 145,380 "," 156,089 "," 154,827 "," 179,045 "," 166,976 "," 161,513 "," 120,542 "," 172,997 "," 133,281 "," 122,764 "," 159,159 "," 173,175 "," 158,080 ", -   ,,,,
,Irrg Acres,,,,Total, -   , -   , -   , -   , -   , -   , -   , -   , -   , -   , -   , -   , -   , -   , -   ," 799,986 "," 811,891 "," 902,571 "," 891,223 "," 897,646 "," 745,482 "," 734,772 "," 736,607 "," 722,486 "," 779,396 "," 712,957 "," 803,582 "," 741,006 "," 784,007 "," 722,381 "," 733,289 "," 602,208 "," 696,858 "," 697,682 "," 753,337 "," 736,150 "," 741,791 "," 721,864 "," 739,177 "," 722,733 "," 741,988 "," 646,888 "," 731,203 "," 744,699 "," 775,279 "," 753,080 "," 727,767 "," 604,789 "," 762,603 "," 626,622 "," 630,449 "," 714,413 "," 771,956 "," 722,382 ", -   ,,,,
,,,New Mexico,,," 35,995 "," 34,520 "," 34,155 "," 34,790 "," 34,426 "," 42,834 "," 44,316 "," 53,165 "," 63,496 "," 63,349 "," 67,515 "," 72,955 "," 72,478 "," 70,905 "," 72,400 "," 68,578 "," 69,009 "," 68,966 "," 74,527 "," 74,214 "," 63,527 "," 58,082 "," 63,581 "," 66,031 "," 68,603 "," 66,662 "," 73,201 "," 68,720 "," 70,961 "," 63,750 "," 66,449 "," 69,854 "," 77,289 "," 78,067 "," 76,969 "," 78,223 "," 78,434 "," 76,786 "," 81,150 "," 83,074 "," 82,323 "," 81,107 "," 80,912 "," 79,755 "," 85,475 "," 74,593 "," 81,805 "," 78,639 "," 82,032 "," 81,298 "," 82,316 "," 81,490 "," 80,022 "," 78,742 ", -   ,,,,
,,,Utah,,green river,,,,,,,,,,,,,,,," 235,099 "," 237,896 "," 234,503 "," 227,786 "," 234,485 "," 252,582 "," 220,829 "," 247,557 "," 212,855 "," 269,740 "," 247,105 "," 287,115 "," 274,405 "," 276,207 "," 246,289 "," 255,192 "," 178,639 "," 215,856 "," 232,435 "," 273,044 "," 247,922 "," 230,963 "," 249,328 "," 257,624 "," 261,057 "," 289,340 "," 229,560 "," 250,819 "," 258,224 "," 283,463 "," 276,281 "," 275,120 "," 227,546 "," 289,734 "," 254,869 "," 231,176 "," 249,949 "," 289,392 "," 252,709 ", -   ,,,,
,,,,,upper main stem,,,,,,,,,,,,,,,," 4,290 "," 4,471 "," 4,443 "," 4,616 "," 4,620 "," 2,972 "," 3,728 "," 4,849 "," 3,344 "," 4,615 "," 3,417 "," 5,697 "," 4,790 "," 4,919 "," 4,186 "," 4,308 "," 2,926 "," 3,436 "," 3,522 "," 4,766 "," 3,634 "," 4,182 "," 3,620 "," 3,571 "," 4,736 "," 4,247 "," 2,518 "," 3,187 "," 3,407 "," 3,923 "," 5,487 "," 4,269 "," 2,494 "," 5,749 "," 3,509 "," 3,593 "," 3,870 "," 5,196 "," 3,515 ", -   ,,,,
,,,,,san juan-colorado river,,,,,,,,,,,,,,,," 33,634 "," 34,666 "," 33,186 "," 35,850 "," 33,851 "," 28,973 "," 30,832 "," 34,891 "," 30,922 "," 34,271 "," 27,790 "," 39,514 "," 34,837 "," 37,371 "," 31,946 "," 34,476 "," 25,312 "," 26,739 "," 30,190 "," 35,274 "," 31,228 "," 31,353 "," 29,592 "," 30,454 "," 34,968 "," 35,688 "," 28,683 "," 32,050 "," 33,167 "," 36,413 "," 34,777 "," 34,135 "," 28,049 "," 37,015 "," 30,838 "," 29,568 "," 28,179 "," 35,626 "," 31,860 ", -   ,,,,
,,,,,Total, -   , -   , -   , -   , -   , -   , -   , -   , -   , -   , -   , -   , -   , -   , -   ," 273,023 "," 277,033 "," 272,132 "," 268,252 "," 272,956 "," 284,527 "," 255,389 "," 287,298 "," 247,121 "," 308,626 "," 278,312 "," 332,327 "," 314,033 "," 318,497 "," 282,422 "," 293,976 "," 206,876 "," 246,030 "," 266,147 "," 313,084 "," 282,783 "," 266,498 "," 282,541 "," 291,649 "," 300,761 "," 329,274 "," 260,762 "," 286,056 "," 294,799 "," 323,799 "," 316,545 "," 313,525 "," 258,088 "," 332,498 "," 289,216 "," 264,337 "," 281,997 "," 330,214 "," 288,083 ", -   ,,,,
,,,Wyoming,,,,,,,,,,,,,,,,,," 371,795 "," 367,337 "," 368,721 "," 329,173 "," 339,600 "," 315,249 "," 253,894 "," 309,875 "," 265,393 "," 303,879 "," 313,727 "," 327,898 "," 343,959 "," 328,818 "," 276,050 "," 275,623 "," 248,847 "," 278,792 "," 305,919 "," 312,900 "," 283,166 "," 273,153 "," 294,245 "," 318,235 "," 309,032 "," 313,525 "," 262,668 "," 295,106 "," 337,592 "," 341,677 "," 328,417 "," 330,645 "," 319,559 "," 332,842 "," 317,965 "," 292,010 "," 320,864 "," 350,350 "," 307,990 ", -   ,,,,
,,,,,,,,,,,,,,,,,,,,,,,,,,,,,,,,,,,,,,,,,,,,,,,,,,,,,,,,,,,,,,,,
,,,,,Grand Total     ," 35,995 "," 34,520 "," 34,155 "," 34,790 "," 34,426 "," 42,834 "," 44,316 "," 53,165 "," 63,496 "," 63,349 "," 67,515 "," 72,955 "," 72,478 "," 70,905 "," 72,400 "," 1,516,924 "," 1,528,910 "," 1,615,995 "," 1,566,790 "," 1,588,031 "," 1,408,846 "," 1,303,097 "," 1,398,101 "," 1,301,474 "," 1,461,174 "," 1,371,914 "," 1,537,610 "," 1,468,114 "," 1,502,715 "," 1,344,867 "," 1,369,705 "," 1,127,906 "," 1,299,347 "," 1,347,991 "," 1,457,151 "," 1,380,438 "," 1,360,584 "," 1,375,707 "," 1,430,293 "," 1,416,048 "," 1,467,375 "," 1,251,471 "," 1,393,700 "," 1,456,902 "," 1,527,406 "," 1,472,919 "," 1,454,112 "," 1,261,203 "," 1,510,711 "," 1,315,201 "," 1,269,207 "," 1,400,440 "," 1,532,891 "," 1,398,027 ", -   ,," 1,414,212 "," 1,406,589 "," 1,398,771 "
,,,,,,,,,,,,,,,,,,,,,,,,,,,,,,,,,,,,,,,,,,,,,,,,,,,,,,,,,,,,,,,,
,,,,,,,,,,,,,,,,,,,,,,,,,,,,,,,,,,,,,,,,,,,,,,,,,,,,,,,,,,,,,,,,
,,,,,,,,,,,,,,,,,,,,,,,,,,,,,,,,,,,,,,,,,,,,,,,,,,,,,,,,,,,,,,,,
